InvoiceNo,StockCode,Description,Quantity,InvoiceDate,UnitPrice,CustomerID,Country,IsCancellation
551966,22380,TOY TIDY SPACEBOY,1,2011-05-05 13:14:00,2.1,15356,United Kingdom,False
576090,82580,BATHROOM METAL SIGN,96,2011-11-14 08:56:00,0.92,17450,United Kingdom,False
574298,22952,60 CAKE CASES VINTAGE CHRISTMAS,5,2011-11-03 15:56:00,1.25,,United Kingdom,False
562934,23328,SET 6 SCHOOL MILK BOTTLES IN CRATE,2,2011-08-10 16:56:00,7.46,,United Kingdom,False
577078,23274,STAR T-LIGHT HOLDER WILLIE WINKIE,2,2011-11-17 15:17:00,3.29,,United Kingdom,False
575930,22621,TRADITIONAL KNITTING NANCY,1,2011-11-11 17:58:00,3.29,,United Kingdom,False
579094,20914,SET/5 RED RETROSPOT LID GLASS BOWLS,6,2011-11-28 10:56:00,2.95,12668,Germany,False
566603,21802,CHRISTMAS TREE HEART DECORATION,20,2011-09-13 16:12:00,0.42,,United Kingdom,False
563198,85123A,WHITE HANGING HEART T-LIGHT HOLDER,32,2011-08-14 10:38:00,2.55,15270,United Kingdom,False
568912,23268,SET OF 2 CERAMIC CHRISTMAS REINDEER,6,2011-09-29 13:45:00,1.45,17528,United Kingdom,False
567328,23311,VINTAGE CHRISTMAS STOCKING,6,2011-09-19 14:43:00,2.55,14356,United Kingdom,False
580619,22610,PENS ASSORTED FUNNY FACE,72,2011-12-05 12:08:00,0.19,15053,United Kingdom,False
561897,23147,SINGLE ANTIQUE ROSE HOOK IVORY,4,2011-07-31 15:24:00,1.45,17841,United Kingdom,False
565231,85123A,WHITE HANGING HEART T-LIGHT HOLDER,4,2011-09-02 09:26:00,2.95,,United Kingdom,False
547485,22197,SMALL POPCORN HOLDER,4,2011-03-23 11:16:00,0.85,17019,United Kingdom,False
568782,23399,HOME SWEET HOME HANGING HEART,12,2011-09-29 08:53:00,0.85,13985,United Kingdom,False
566308,21790,VINTAGE SNAP CARDS,12,2011-09-12 09:38:00,0.85,15865,United Kingdom,False
548894,22256,FELT FARM ANIMAL CHICKEN,2,2011-04-04 16:01:00,2.46,,United Kingdom,False
574714,23204,CHARLOTTE BAG APPLES DESIGN,2,2011-11-06 14:29:00,0.85,15427,United Kingdom,False
568876,22961,JAM MAKING SET PRINTED,12,2011-09-29 12:24:00,1.45,13881,United Kingdom,False
580049,23535,WALL ART BICYCLE SAFETY,4,2011-12-01 12:54:00,5.95,13599,United Kingdom,False
553417,22798,ANTIQUE GLASS DRESSING TABLE POT,16,2011-05-17 10:08:00,2.95,13871,United Kingdom,False
580822,20973,12 PENCIL SMALL TUBE WOODLAND,1,2011-12-06 11:33:00,0.65,17884,United Kingdom,False
562558,23146,TRIPLE HOOK ANTIQUE IVORY ROSE,2,2011-08-05 16:43:00,3.29,13451,United Kingdom,False
567613,84755,COLOUR GLASS T-LIGHT HOLDER HANGING,32,2011-09-21 11:49:00,0.65,13908,United Kingdom,False
571676,22429,ENAMEL MEASURING JUG CREAM,1,2011-10-18 13:29:00,4.25,16910,United Kingdom,False
568895,22998,TRAVEL CARD WALLET KEEP CALM,2,2011-09-29 13:11:00,0.42,15356,United Kingdom,False
572069,23353,6 GIFT TAGS VINTAGE CHRISTMAS,12,2011-10-20 13:24:00,0.83,14911,EIRE,False
569124,22583,PACK OF 6 HANDBAG GIFT BOXES,6,2011-09-30 13:15:00,2.55,15172,United Kingdom,False
567656,22993,SET OF 4 PANTRY JELLY MOULDS,4,2011-09-21 14:40:00,2.46,14096,United Kingdom,False
569825,22627,MINT KITCHEN SCALES,2,2011-10-06 12:23:00,8.5,15805,United Kingdom,False
539315,22072,RED RETROSPOT TEA CUP AND SAUCER,4,2010-12-16 18:23:00,3.75,18260,United Kingdom,False
548194,21980,PACK OF 12 RED RETROSPOT TISSUES,11,2011-03-29 15:30:00,0.83,,United Kingdom,False
538071,21944,KITTENS DESIGN FLANNEL,2,2010-12-09 14:09:00,1.66,,United Kingdom,False
558772,22628,PICNIC BOXES SET OF 3 RETROSPOT,1,2011-07-03 16:00:00,4.95,15007,United Kingdom,False
561022,23005,TRAVEL CARD WALLET I LOVE LONDON,24,2011-07-24 10:24:00,0.42,14800,United Kingdom,False
573361,84826,ASSTD DESIGN 3D PAPER STICKERS,8,2011-10-30 12:53:00,0.85,14456,United Kingdom,False
564167,23322,LARGE WHITE HEART OF WICKER,6,2011-08-23 13:50:00,2.95,17735,United Kingdom,False
541858,22029,SPACEBOY BIRTHDAY CARD,12,2011-01-23 15:34:00,0.42,16983,United Kingdom,False
542664,21407,BROWN CHECK CAT DOORSTOP,1,2011-01-31 12:14:00,8.29,,United Kingdom,False
569383,20725,LUNCH BAG RED RETROSPOT,20,2011-10-03 16:46:00,1.65,15159,United Kingdom,False
572194,21181,PLEASE ONE PERSON METAL SIGN,1,2011-10-21 11:43:00,2.1,17832,United Kingdom,False
559923,90161D,ANT COPPER PINK BOUDICCA BRACELET,1,2011-07-13 16:07:00,4.98,,United Kingdom,False
561869,22804,CANDLEHOLDER PINK HANGING HEART,2,2011-07-31 11:38:00,2.95,16764,United Kingdom,False
559379,79337,,-8,2011-07-08 10:42:00,0.0,,United Kingdom,False
546430,22317,FIVE CATS HANGING DECORATION,2,2011-03-13 15:55:00,2.95,15918,United Kingdom,False
577142,21240,BLUE POLKADOT CUP,8,2011-11-18 09:19:00,0.85,13985,United Kingdom,False
549023,22535,MAGIC DRAWING SLATE BUNNIES,1,2011-04-05 16:27:00,0.83,,United Kingdom,False
574885,23570,TRADITIONAL PICK UP STICKS GAME,12,2011-11-07 14:01:00,1.25,12472,Germany,False
569148,21890,S/6 WOODEN SKITTLES IN COTTON BAG,6,2011-09-30 15:52:00,3.25,16613,United Kingdom,False
561194,22729,ALARM CLOCK BAKELIKE ORANGE,4,2011-07-25 13:54:00,3.75,13814,Germany,False
577169,22321,BIRD DECORATION RED RETROSPOT,12,2011-11-18 10:42:00,0.85,14641,United Kingdom,False
539314,22822,CREAM WALL PLANTER HEART SHAPED,2,2010-12-16 18:20:00,5.95,13874,United Kingdom,False
568994,22630,DOLLY GIRL LUNCH BOX,12,2011-09-29 16:52:00,1.95,12598,France,False
578026,22582,PACK OF 6 SWEETIE GIFT BOXES,6,2011-11-22 13:29:00,2.55,17659,United Kingdom,False
553178,84592,CROCHET ROSE PURSE WITH SUEDE BACK,1,2011-05-15 11:29:00,2.95,17302,United Kingdom,False
563569,84997D,CHILDRENS CUTLERY POLKADOT PINK,4,2011-08-17 14:47:00,4.15,18257,United Kingdom,False
555558,84596B,SMALL DOLLY MIX DESIGN ORANGE BOWL,2,2011-06-05 14:06:00,0.42,14159,United Kingdom,False
555092,22621,TRADITIONAL KNITTING NANCY,3,2011-05-31 13:08:00,1.65,16483,United Kingdom,False
544286,22423,REGENCY CAKESTAND 3 TIER,2,2011-02-17 12:29:00,12.75,13151,United Kingdom,False
559318,21034,REX CASH+CARRY JUMBO SHOPPER,1,2011-07-07 14:08:00,0.95,18013,United Kingdom,False
572028,20719,WOODLAND CHARLOTTE BAG,10,2011-10-20 11:47:00,0.85,15296,United Kingdom,False
548874,22773,GREEN DRAWER KNOB ACRYLIC EDWARDIAN,24,2011-04-04 15:18:00,1.25,17716,United Kingdom,False
578149,84988,SET OF 72 PINK HEART PAPER DOILIES,1,2011-11-23 11:11:00,3.75,,United Kingdom,False
542098,22565,FELTCRAFT HAIRBANDS PINK AND WHITE,12,2011-01-25 13:04:00,0.85,16531,United Kingdom,False
577514,20972,PINK CREAM FELT CRAFT TRINKET BOX,12,2011-11-20 13:00:00,1.25,16212,United Kingdom,False
C553030,22149,FELTCRAFT 6 FLOWER FRIENDS,-1,2011-05-12 19:42:00,2.1,18142,United Kingdom,True
563557,21982,PACK OF 12 SUKI TISSUES,24,2011-08-17 13:33:00,0.29,15786,United Kingdom,False
580043,22946,WOODEN ADVENT CALENDAR CREAM,1,2011-12-01 12:25:00,16.95,14527,United Kingdom,False
548987,21670,BLUE SPOT CERAMIC DRAWER KNOB,6,2011-04-05 12:50:00,1.25,14535,United Kingdom,False
538497,22563,HAPPY STENCIL CRAFT,1,2010-12-12 12:44:00,1.25,14684,United Kingdom,False
559816,21447,12 IVORY ROSE PEG PLACE SETTINGS,1,2011-07-12 16:11:00,2.46,,United Kingdom,False
578324,23479,WIRE EGG BASKET,2,2011-11-23 17:32:00,7.85,17530,United Kingdom,False
562444,22645,CERAMIC HEART FAIRY CAKE MONEY BANK,4,2011-08-04 18:44:00,1.45,14713,United Kingdom,False
559691,22715,CARD WEDDING DAY,12,2011-07-11 15:52:00,0.42,13089,United Kingdom,False
549283,22635,CHILDS BREAKFAST SET DOLLY GIRL,2,2011-04-07 13:32:00,9.95,13005,United Kingdom,False
558475,84077,WORLD WAR 2 GLIDERS ASSTD DESIGNS,3,2011-06-29 15:58:00,0.63,,United Kingdom,False
566261,22690,DOORMAT HOME SWEET HOME BLUE,2,2011-09-11 12:46:00,7.95,13372,United Kingdom,False
547649,22084,PAPER CHAIN KIT EMPIRE,2,2011-03-24 12:02:00,2.95,18118,United Kingdom,False
C540307,22109,FULL ENGLISH BREAKFAST PLATE,-24,2011-01-06 12:58:00,3.39,15823,United Kingdom,True
544476,21908,CHOCOLATE THIS WAY METAL SIGN,2,2011-02-21 09:58:00,2.1,14796,United Kingdom,False
552891,22487,WHITE WOOD GARDEN PLANT LADDER,1,2011-05-12 10:45:00,9.95,14681,United Kingdom,False
575659,22119,PEACE WOODEN BLOCK LETTERS,3,2011-11-10 14:35:00,6.95,13576,United Kingdom,False
578030,48173C,DOORMAT BLACK FLOCK,10,2011-11-22 13:40:00,7.08,15498,United Kingdom,False
565806,15056N,EDWARDIAN PARASOL NATURAL,3,2011-09-07 10:51:00,5.95,15594,United Kingdom,False
560700,23203,JUMBO BAG DOILEY PATTERNS,2,2011-07-20 12:38:00,2.08,17229,United Kingdom,False
561195,21733,RED HANGING HEART T-LIGHT HOLDER,1,2011-07-25 13:57:00,2.95,14796,United Kingdom,False
553549,85123A,WHITE HANGING HEART T-LIGHT HOLDER,2,2011-05-17 16:09:00,5.79,,United Kingdom,False
562269,23345,DOLLY GIRL BEAKER,1,2011-08-03 16:35:00,1.25,14056,United Kingdom,False
565431,20752,BLUE POLKADOT WASHING UP GLOVES,4,2011-09-04 13:15:00,2.1,14965,United Kingdom,False
543660,22026,BANQUET BIRTHDAY  CARD,1,2011-02-11 10:40:00,0.83,,United Kingdom,False
569524,22979,PANTRY WASHING UP BRUSH,1,2011-10-04 14:42:00,1.45,14506,United Kingdom,False
577314,22654,DELUXE SEWING KIT,3,2011-11-18 13:23:00,5.95,12444,Norway,False
579508,22211,WOOD STAMP SET FLOWERS,1,2011-11-29 16:33:00,3.29,,United Kingdom,False
564221,21930,JUMBO STORAGE BAG SKULLS,6,2011-08-24 09:36:00,4.96,,United Kingdom,False
536605,21172,PARTY METAL SIGN,12,2010-12-02 08:52:00,1.45,13715,United Kingdom,False
574550,22086,PAPER CHAIN KIT 50'S CHRISTMAS,1,2011-11-04 15:18:00,2.95,12484,Spain,False
540821,21617,4 LILY  BOTANICAL DINNER CANDLES,2,2011-01-11 13:16:00,2.51,,United Kingdom,False
544766,82580,BATHROOM METAL SIGN,1,2011-02-23 11:09:00,1.25,,United Kingdom,False
568321,22812,PACK 3 BOXES CHRISTMAS PANNETONE,12,2011-09-26 13:36:00,1.95,13639,United Kingdom,False
568675,21929,JUMBO BAG PINK VINTAGE PAISLEY,20,2011-09-28 13:32:00,1.79,14298,United Kingdom,False
573094,21534,DAIRY MAID LARGE MILK JUG,1,2011-10-27 14:39:00,4.95,15707,United Kingdom,False
559338,23120,PACK OF 6 SMALL FRUIT STRAWS,6,2011-07-07 16:30:00,0.79,,United Kingdom,False
563922,21403,BLUE EGG  SPOON,3,2011-08-21 14:10:00,0.12,14529,United Kingdom,False
567161,85099B,JUMBO BAG RED RETROSPOT,100,2011-09-18 10:46:00,1.79,15947,United Kingdom,False
577485,23237,SET OF 4 KNICK KNACK TINS LEAF,2,2011-11-20 11:56:00,4.15,16360,United Kingdom,False
541038,21427,SKULLS STORAGE BOX SMALL,4,2011-01-13 12:10:00,2.1,16395,United Kingdom,False
580983,22037,ROBOT BIRTHDAY CARD,3,2011-12-06 16:26:00,0.83,,United Kingdom,False
547108,20718,RED RETROSPOT SHOPPER BAG,4,2011-03-21 11:36:00,1.25,14659,United Kingdom,False
541268,22863,SOAP DISH BROCANTE,2,2011-01-17 10:52:00,2.95,12872,United Kingdom,False
537666,20963,APPLE BATH SPONGE,1,2010-12-07 18:36:00,2.51,,United Kingdom,False
C547232,22424,ENAMEL BREAD BIN CREAM,-1,2011-03-21 16:15:00,12.75,12994,United Kingdom,True
536538,21690,SILVER  CANDLEPOT JARDIN,4,2010-12-01 13:54:00,3.75,14594,United Kingdom,False
550476,84997B,CHILDRENS CUTLERY RETROSPOT RED,12,2011-04-18 14:00:00,3.39,15769,United Kingdom,False
580276,22534,MAGIC DRAWING SLATE SPACEBOY,10,2011-12-02 12:59:00,0.42,16426,United Kingdom,False
536592,22411,JUMBO SHOPPER VINTAGE RED PAISLEY,2,2010-12-01 17:06:00,4.21,,United Kingdom,False
545708,85194L,HANGING SPRING FLOWER EGG LARGE,12,2011-03-07 09:39:00,0.85,14915,United Kingdom,False
577077,23300,GARDENERS KNEELING PAD CUP OF TEA,4,2011-11-17 15:16:00,1.65,17799,United Kingdom,False
536409,90199C,5 STRAND GLASS NECKLACE CRYSTAL,3,2010-12-01 11:45:00,6.35,17908,United Kingdom,False
550015,22749,FELTCRAFT PRINCESS CHARLOTTE DOLL,4,2011-04-14 10:54:00,3.75,17735,United Kingdom,False
540154,21633,SUNFLOWER DECORATIVE PARASOL,1,2011-01-05 11:30:00,8.47,,United Kingdom,False
539856,22690,DOORMAT HOME SWEET HOME BLUE,2,2010-12-22 14:41:00,0.0,,United Kingdom,False
549525,20675,BLUE POLKADOT BOWL,4,2011-04-08 15:44:00,2.46,,United Kingdom,False
557954,85099B,JUMBO BAG RED RETROSPOT,3,2011-06-23 18:44:00,2.08,15023,United Kingdom,False
580005,23079,TOADSTOOL BEDSIDE LIGHT,1,2011-12-01 11:38:00,8.95,16376,United Kingdom,False
564953,48187,DOORMAT NEW ENGLAND,10,2011-08-31 13:37:00,6.75,17588,United Kingdom,False
540821,22627,MINT KITCHEN SCALES,1,2011-01-11 13:16:00,16.98,,United Kingdom,False
541258,21733,RED HANGING HEART T-LIGHT HOLDER,3,2011-01-16 15:30:00,2.95,13634,United Kingdom,False
540473,16236,KITTY PENCIL ERASERS,3,2011-01-07 14:31:00,0.21,17284,United Kingdom,False
536865,82583,HOT BATHS METAL SIGN,4,2010-12-03 11:28:00,4.21,,United Kingdom,False
547102,21980,PACK OF 12 RED RETROSPOT TISSUES,24,2011-03-21 10:41:00,0.29,14245,United Kingdom,False
547809,22251,BIRDHOUSE DECORATION MAGIC GARDEN,1,2011-03-25 13:54:00,1.25,12748,United Kingdom,False
559055,22029,SPACEBOY BIRTHDAY CARD,1,2011-07-05 17:09:00,0.83,,United Kingdom,False
560368,37476,CONDIMENT TRAY 4 BOWLS AND 4 SPOONS,1,2011-07-18 12:25:00,9.95,17841,United Kingdom,False
569893,21929,JUMBO BAG PINK VINTAGE PAISLEY,10,2011-10-06 15:51:00,2.08,12627,Germany,False
549910,23193,BUFFALO BILL TREASURE BOOK BOX,2,2011-04-12 17:12:00,2.25,16697,United Kingdom,False
546007,21992,VINTAGE PAISLEY STATIONERY SET,2,2011-03-08 15:34:00,2.46,,United Kingdom,False
575176,22271,FELTCRAFT DOLL ROSIE,1,2011-11-08 18:29:00,5.79,,United Kingdom,False
572220,22568,FELTCRAFT CUSHION OWL,1,2011-10-21 13:24:00,3.75,17800,United Kingdom,False
551811,84795B,SUNSET CHECK HAMMOCK,3,2011-05-04 11:37:00,7.95,15039,United Kingdom,False
550211,21033,JUMBO BAG CHARLIE AND LOLA TOYS,2,2011-04-15 10:41:00,4.13,,United Kingdom,False
570428,22728,ALARM CLOCK BAKELIKE PINK,1,2011-10-10 14:02:00,3.75,15553,United Kingdom,False
574076,23265,SET OF 3 WOODEN TREE DECORATIONS,3,2011-11-02 15:38:00,2.46,,United Kingdom,False
572088,22566,FELTCRAFT HAIRBAND PINK AND PURPLE,2,2011-10-20 14:33:00,0.85,14585,United Kingdom,False
543097,21399,BLUE POLKADOT COFFEE MUG,1,2011-02-03 11:41:00,4.13,,United Kingdom,False
548807,21080,SET/20 RED RETROSPOT PAPER NAPKINS,96,2011-04-04 12:54:00,0.72,16422,United Kingdom,False
578312,84006,MAGIC TREE -PAPER FLOWERS,12,2011-11-23 16:24:00,0.85,14032,United Kingdom,False
541225,20679,EDWARDIAN PARASOL RED,2,2011-01-14 14:47:00,5.95,14099,United Kingdom,False
545591,22379,RECYCLING BAG RETROSPOT,5,2011-03-04 10:28:00,2.1,17581,United Kingdom,False
572065,35649,VINTAGE BEAD COSMETIC BAG,1,2011-10-20 13:06:00,3.35,12556,Spain,False
577696,23312,VINTAGE CHRISTMAS GIFT SACK,2,2011-11-21 11:57:00,4.15,16406,United Kingdom,False
555594,22961,JAM MAKING SET PRINTED,12,2011-06-06 10:09:00,1.45,13880,United Kingdom,False
579536,23497,CLASSIC CHROME BICYCLE BELL,12,2011-11-30 09:53:00,1.45,12957,United Kingdom,False
563748,22602,RETROSPOT WOODEN HEART DECORATION,12,2011-08-19 10:06:00,0.85,16170,United Kingdom,False
544930,22557,PLASTERS IN TIN VINTAGE PAISLEY,1,2011-02-24 18:26:00,1.65,17472,United Kingdom,False
581476,23168,CLASSIC CAFE SUGAR DISPENSER,12,2011-12-09 08:48:00,1.25,12433,Norway,False
539998,84675,,2,2011-01-04 10:16:00,0.0,,United Kingdom,False
538566,22111,SCOTTIE DOG HOT WATER BOTTLE,4,2010-12-13 11:21:00,11.02,,United Kingdom,False
569568,23551,PACK OF 12 PAISLEY PARK TISSUES,24,2011-10-05 09:57:00,0.39,12700,France,False
559817,23344,JUMBO BAG 50'S CHRISTMAS,1,2011-07-12 16:20:00,4.13,,United Kingdom,False
577811,23418,LAVENDER TOILETTE BOTTLE,12,2011-11-22 08:54:00,2.08,16311,United Kingdom,False
567174,22809,SET OF 6 T-LIGHTS SANTA,3,2011-09-18 13:31:00,2.95,16438,United Kingdom,False
574700,21351,CINAMMON & ORANGE WREATH,2,2011-11-06 13:53:00,6.75,16033,United Kingdom,False
564325,84660C,PINK STITCHED WALL CLOCK,120,2011-08-24 13:27:00,0.79,13694,United Kingdom,False
542737,21040,MODERN VINTAGE COTTON SHOPPING BAG,3,2011-01-31 15:52:00,2.55,15058,United Kingdom,False
557878,22895,SET OF 2 TEA TOWELS APPLE AND PEARS,8,2011-06-23 13:13:00,3.25,16940,United Kingdom,False
549568,21931,JUMBO STORAGE BAG SUKI,3,2011-04-10 15:09:00,2.08,15665,United Kingdom,False
552883,22355,CHARLOTTE BAG SUKI DESIGN,100,2011-05-12 10:13:00,0.72,14646,Netherlands,False
541103,20767,BLUE PAISLEY JOURNAL,6,2011-01-13 14:24:00,2.55,14215,United Kingdom,False
576840,22701,PINK DOG BOWL,1,2011-11-16 15:23:00,2.46,,United Kingdom,False
544323,85114B,IVORY ENCHANTED FOREST PLACEMAT,4,2011-02-17 15:51:00,3.29,,United Kingdom,False
556642,21754,HOME BUILDING BLOCK WORD,2,2011-06-13 15:47:00,5.95,17236,United Kingdom,False
537201,22975,SPACEBOY CHILDRENS EGG CUP,12,2010-12-05 14:19:00,1.25,12472,Germany,False
573546,23212,HEART WREATH DECORATION WITH BELL,12,2011-10-31 13:13:00,1.25,15974,United Kingdom,False
C540270,20725,LUNCH BAG RED RETROSPOT,-1,2011-01-06 11:40:00,1.45,14680,United Kingdom,True
576073,22558,CLOTHES PEGS RETROSPOT PACK 24,1,2011-11-13 16:13:00,1.65,16930,United Kingdom,False
575964,21386,IVORY HANGING DECORATION  EGG,1,2011-11-13 12:31:00,0.19,15021,United Kingdom,False
561534,23338,EGG FRYING PAN RED,6,2011-07-28 09:45:00,2.08,14307,United Kingdom,False
578065,22960,JAM MAKING SET WITH JARS,5,2011-11-22 15:41:00,8.29,,United Kingdom,False
541244,21169,YOU'RE CONFUSING ME METAL SIGN,1,2011-01-16 12:35:00,1.69,15535,United Kingdom,False
552229,21051,RIBBONS PURSE,1,2011-05-06 15:40:00,4.13,,United Kingdom,False
566290,20974,12 PENCILS SMALL TUBE SKULL,1,2011-09-11 15:24:00,0.65,14456,United Kingdom,False
573305,79160,HEART SHAPE WIRELESS DOORBELL,1,2011-10-28 16:13:00,2.1,17837,United Kingdom,False
567197,21754,HOME BUILDING BLOCK WORD,6,2011-09-19 10:10:00,6.25,14934,Channel Islands,False
544434,82580,BATHROOM METAL SIGN,1,2011-02-18 16:12:00,1.25,,United Kingdom,False
545085,85123A,WHITE HANGING HEART T-LIGHT HOLDER,1,2011-02-28 11:19:00,2.95,15039,United Kingdom,False
580635,22767,TRIPLE PHOTO FRAME CORNICE,2,2011-12-05 12:30:00,9.95,14649,United Kingdom,False
580528,22110,BIRD HOUSE HOT WATER BOTTLE,24,2011-12-04 15:28:00,2.55,14911,EIRE,False
564050,23204,CHARLOTTE BAG APPLES DESIGN,20,2011-08-22 13:32:00,0.85,17160,United Kingdom,False
564135,23336,EGG FRYING PAN PINK,2,2011-08-23 11:12:00,2.08,16550,United Kingdom,False
550953,21918,SET 12 KIDS COLOUR  CHALK STICKS,1,2011-04-21 16:17:00,0.83,,United Kingdom,False
577077,82616C,MIDNIGHT GLAMOUR SCARF KNITTING KIT,1,2011-11-17 15:16:00,1.25,17799,United Kingdom,False
541422,22258,FELT FARM ANIMAL RABBIT,1,2011-01-17 17:48:00,0.83,,United Kingdom,False
539493,21110,LARGE CAKE TOWEL PINK SPOTS,1,2010-12-20 10:15:00,3.38,,United Kingdom,False
570258,48194,DOORMAT HEARTS,2,2011-10-10 09:56:00,14.13,,United Kingdom,False
544450,22204,MILK PAN BLUE POLKADOT,4,2011-02-20 12:23:00,3.75,17811,United Kingdom,False
550359,21927,BLUE/CREAM STRIPE CUSHION COVER,2,2011-04-18 10:41:00,1.25,17841,United Kingdom,False
538640,21584,RETROSPOT SMALL TUBE MATCHES,20,2010-12-13 14:32:00,1.65,17524,United Kingdom,False
C540786,22907,PACK OF 20 NAPKINS PANTRY DESIGN,-7,2011-01-11 11:42:00,0.85,15194,United Kingdom,True
567802,22029,SPACEBOY BIRTHDAY CARD,12,2011-09-22 12:06:00,0.42,14299,United Kingdom,False
539437,22895,SET OF 2 TEA TOWELS APPLE AND PEARS,1,2010-12-17 14:54:00,5.91,,United Kingdom,False
557407,84945,MULTI COLOUR SILVER T-LIGHT HOLDER,12,2011-06-20 11:33:00,0.85,14701,United Kingdom,False
572913,22505,MEMO BOARD COTTAGE DESIGN,1,2011-10-26 16:21:00,4.95,15993,United Kingdom,False
541104,22024,RAINY LADIES BIRTHDAY CARD,5,2011-01-13 14:29:00,0.83,,United Kingdom,False
558774,22422,TOOTHPASTE TUBE PEN,1,2011-07-04 10:17:00,1.25,,United Kingdom,False
560445,22843,BISCUIT TIN VINTAGE GREEN,24,2011-07-19 09:08:00,5.95,14156,EIRE,False
C559334,20898,VINTAGE NOTEBOOK TRAVELOGUE,-6,2011-07-07 15:50:00,2.95,16581,United Kingdom,True
539595,22651,GENTLEMAN SHIRT REPAIR KIT,1,2010-12-20 13:43:00,1.66,,United Kingdom,False
577319,22385,JUMBO BAG SPACEBOY DESIGN,1,2011-11-18 13:43:00,2.08,17301,United Kingdom,False
559338,85194S,HANGING SPRING FLOWER EGG SMALL,1,2011-07-07 16:30:00,0.63,,United Kingdom,False
577785,23331,DECORATIVE WICKER HEART SMALL,25,2011-11-21 16:25:00,0.63,16369,United Kingdom,False
545468,22750,FELTCRAFT PRINCESS LOLA DOLL,4,2011-03-03 09:41:00,3.75,16571,United Kingdom,False
550299,22768,FAMILY PHOTO FRAME CORNICE,6,2011-04-15 16:46:00,9.95,17389,United Kingdom,False
562934,21471,STRAWBERRY RAFFIA FOOD COVER,1,2011-08-10 16:56:00,3.29,,United Kingdom,False
540469,20754,RETROSPOT RED WASHING UP GLOVES,2,2011-01-07 14:04:00,2.1,12484,Spain,False
579692,23240,SET OF 4 KNICK KNACK TINS DOILY,6,2011-11-30 14:05:00,4.15,12433,Norway,False
571305,22411,JUMBO SHOPPER VINTAGE RED PAISLEY,17,2011-10-17 09:55:00,4.13,,United Kingdom,False
550478,22076,6 RIBBONS EMPIRE,12,2011-04-18 14:01:00,1.65,15755,United Kingdom,False
547042,21775,DECORATIVE FLORE BATHROOM BOTTLE,2,2011-03-20 11:00:00,2.46,,United Kingdom,False
555275,21977,PACK OF 60 PINK PAISLEY CAKE CASES,2,2011-06-01 17:18:00,1.25,,United Kingdom,False
571441,15056BL,EDWARDIAN PARASOL BLACK,1,2011-10-17 13:31:00,12.46,14096,United Kingdom,False
565763,23378,PACK OF 12 50'S CHRISTMAS TISSUES,432,2011-09-06 14:09:00,0.32,14739,United Kingdom,False
567461,22382,LUNCH BAG SPACEBOY DESIGN,5,2011-09-20 12:31:00,4.96,,United Kingdom,False
563555,22384,LUNCH BAG PINK POLKADOT,2,2011-08-17 13:21:00,1.65,16755,United Kingdom,False
570879,23078,ICE CREAM PEN LIP GLOSS,24,2011-10-13 08:42:00,1.25,12685,France,False
545221,22962,JAM JAR WITH PINK LID,12,2011-03-01 08:35:00,0.85,14740,United Kingdom,False
559042,22196,SMALL HEART MEASURING SPOONS,1,2011-07-05 15:34:00,1.63,,United Kingdom,False
568134,23173,REGENCY TEAPOT ROSES,2,2011-09-23 17:02:00,19.96,,United Kingdom,False
559693,22567,20 DOLLY PEGS RETROSPOT,1,2011-07-11 16:21:00,2.92,,United Kingdom,False
555653,82552,WASHROOM METAL SIGN,1,2011-06-06 14:12:00,1.45,17673,United Kingdom,False
575602,15056BL,EDWARDIAN PARASOL BLACK,1,2011-11-10 12:27:00,5.95,17059,United Kingdom,False
548492,20961,STRAWBERRY BATH SPONGE,1,2011-03-31 13:14:00,1.25,17841,United Kingdom,False
549239,22659,LUNCH BOX I LOVE LONDON,12,2011-04-07 11:37:00,1.95,13102,United Kingdom,False
570420,35833P,4 PINK FLOCK CHRISTMAS BALLS,1,2011-10-10 13:33:00,1.25,17841,United Kingdom,False
576852,23265,SET OF 3 WOODEN TREE DECORATIONS,3,2011-11-16 15:45:00,1.25,16809,United Kingdom,False
552245,21922,UNION STRIPE WITH FRINGE  HAMMOCK,1,2011-05-06 19:42:00,7.95,12748,United Kingdom,False
550496,22411,JUMBO SHOPPER VINTAGE RED PAISLEY,1,2011-04-18 15:05:00,4.13,,United Kingdom,False
553731,23231,WRAP DOILEY DESIGN,25,2011-05-19 08:26:00,0.42,12481,Germany,False
579555,23263,SET OF 3 WOODEN HEART DECORATIONS,3,2011-11-30 11:08:00,1.25,16241,United Kingdom,False
C543603,35004C,SET OF 3 COLOURED  FLYING DUCKS,-1,2011-02-10 13:40:00,5.45,15570,United Kingdom,True
552179,21166,COOK WITH WINE METAL SIGN,3,2011-05-06 13:31:00,2.08,16919,United Kingdom,False
567545,22569,FELTCRAFT CUSHION BUTTERFLY,8,2011-09-21 10:27:00,3.75,13155,United Kingdom,False
567183,21121,SET/10 RED POLKADOT PARTY CANDLES,2,2011-09-18 15:32:00,1.25,14769,United Kingdom,False
581219,70006,LOVE HEART POCKET WARMER,2,2011-12-08 09:28:00,3.29,,United Kingdom,False
551420,21929,JUMBO BAG PINK VINTAGE PAISLEY,10,2011-04-28 14:00:00,2.08,17068,United Kingdom,False
564079,23344,JUMBO BAG 50'S CHRISTMAS,10,2011-08-22 15:55:00,2.08,12627,Germany,False
537638,22573,STAR WOODEN CHRISTMAS DECORATION,4,2010-12-07 15:28:00,1.66,,United Kingdom,False
537193,22588,CARD HOLDER GINGHAM HEART,11,2010-12-05 13:49:00,2.55,15023,United Kingdom,False
571716,79144B,PAINTED LIGHTBULB STAR+ MOON,1,2011-10-18 17:05:00,0.83,,United Kingdom,False
557939,22931,BAKING MOULD HEART WHITE CHOCOLATE,6,2011-06-23 15:44:00,2.55,12697,Sweden,False
578233,22097,SWALLOW SQUARE TISSUE BOX,1,2011-11-23 12:20:00,0.39,14049,United Kingdom,False
573347,23203,JUMBO BAG VINTAGE DOILY,3,2011-10-30 12:26:00,2.08,13137,United Kingdom,False
578943,22699,ROSES REGENCY TEACUP AND SAUCER,1,2011-11-27 13:35:00,2.95,15009,United Kingdom,False
576014,23356,LOVE HOT WATER BOTTLE,1,2011-11-13 14:29:00,5.95,17218,United Kingdom,False
546851,21232,STRAWBERRY CERAMIC TRINKET BOX,12,2011-03-17 13:23:00,1.25,12480,Germany,False
577365,23499,SET 12 VINTAGE DOILY CHALK,24,2011-11-18 16:19:00,0.42,17063,United Kingdom,False
570241,16048,TEATIME ROUND PENCIL SHARPENER,6,2011-10-09 15:24:00,0.12,14801,United Kingdom,False
546466,22508,DOORSTOP RETROSPOT HEART,1,2011-03-14 11:04:00,3.75,18118,United Kingdom,False
574536,22315,200 RED + WHITE BENDY STRAWS,3,2011-11-04 14:35:00,1.25,15707,United Kingdom,False
573601,23199,JUMBO BAG APPLES,4,2011-10-31 15:24:00,4.13,,United Kingdom,False
561217,22627,MINT KITCHEN SCALES,1,2011-07-25 17:09:00,16.63,,United Kingdom,False
537391,21098,CHRISTMAS TOILET ROLL,9,2010-12-06 13:53:00,1.25,16550,United Kingdom,False
546925,22243,5 HOOK HANGER RED MAGIC TOADSTOOL,96,2011-03-18 10:09:00,1.45,12647,Germany,False
540566,M,MANUAL,1,2011-01-10 10:58:00,6.7,17811,United Kingdom,False
563925,23295,SET OF 12 MINI LOAF BAKING CASES,1,2011-08-21 14:42:00,0.83,13610,United Kingdom,False
563214,22759,SET OF 3 NOTEBOOKS IN PARCEL,6,2011-08-14 12:56:00,1.65,16370,United Kingdom,False
565117,23281,FOLDING BUTTERFLY MIRROR RED,12,2011-09-01 11:33:00,0.83,13089,United Kingdom,False
575368,21809,CHRISTMAS HANGING TREE WITH BELL,1,2011-11-09 15:07:00,0.39,14482,United Kingdom,False
570465,35971,ROSE FOLKART HEART DECORATIONS,1,2011-10-10 16:02:00,2.46,,United Kingdom,False
580304,21034,REX CASH+CARRY JUMBO SHOPPER,4,2011-12-02 14:25:00,0.95,18055,United Kingdom,False
573579,22898,CHILDRENS APRON APPLES DESIGN,2,2011-10-31 14:19:00,1.95,15033,United Kingdom,False
541111,22358,KINGS CHOICE TEA CADDY,6,2011-01-13 15:13:00,2.95,15687,United Kingdom,False
580619,22422,TOOTHPASTE TUBE PEN,100,2011-12-05 12:08:00,0.12,15053,United Kingdom,False
561020,22720,SET OF 3 CAKE TINS PANTRY DESIGN,1,2011-07-22 17:21:00,4.95,13563,United Kingdom,False
578248,23159,SET OF 5 PANCAKE DAY MAGNETS,12,2011-11-23 12:40:00,2.08,16255,United Kingdom,False
C543431,22551,PLASTERS IN TIN SPACEBOY,-1,2011-02-08 11:37:00,1.65,12474,Germany,True
554993,23206,LUNCH BAG APPLE DESIGN,1,2011-05-29 14:13:00,1.65,17051,United Kingdom,False
554034,23172,REGENCY TEA PLATE PINK,48,2011-05-20 14:06:00,1.45,13324,United Kingdom,False
571270,22895,SET OF 2 TEA TOWELS APPLE AND PEARS,2,2011-10-16 12:09:00,3.25,12940,United Kingdom,False
553461,22899,CHILDREN'S APRON DOLLY GIRL,6,2011-05-17 10:57:00,2.1,16316,United Kingdom,False
548011,21188,3D HEARTS  HONEYCOMB PAPER GARLAND,48,2011-03-29 11:14:00,2.55,14646,Netherlands,False
540043,85066,CREAM SWEETHEART MINI CHEST,1,2011-01-04 14:21:00,12.75,15164,United Kingdom,False
550898,22967,SET 3 SONG BIRD PAPER EGGS ASSORTED,2,2011-04-21 12:07:00,2.95,,United Kingdom,False
569520,22424,ENAMEL BREAD BIN CREAM,2,2011-10-04 14:32:00,12.75,17667,United Kingdom,False
540154,21025,SPACE FROG,5,2011-01-05 11:30:00,0.85,,United Kingdom,False
536522,85035B,CHOCOLATE 3 WICK MORRIS BOX CANDLE,1,2010-12-01 12:49:00,4.25,15012,United Kingdom,False
539475,21578,WOODLAND DESIGN  COTTON TOTE BAG,1,2010-12-19 14:41:00,2.25,16686,United Kingdom,False
544158,21175,GIN + TONIC DIET METAL SIGN,6,2011-02-16 12:47:00,2.55,14944,United Kingdom,False
572858,21181,PLEASE ONE PERSON METAL SIGN,4,2011-10-26 12:36:00,2.1,13571,United Kingdom,False
553393,22386,JUMBO BAG PINK POLKADOT,1,2011-05-16 16:46:00,4.13,,United Kingdom,False
C557413,21626,VINTAGE UNION JACK PENNANT,-1,2011-06-20 11:39:00,1.95,14701,United Kingdom,True
580193,23351,ROLL WRAP 50'S CHRISTMAS,2,2011-12-02 12:03:00,1.25,16899,United Kingdom,False
571065,23388,WOODLAND MINI BACKPACK,8,2011-10-13 14:59:00,4.15,12613,Germany,False
574250,22661,CHARLOTTE BAG DOLLY GIRL DESIGN,2,2011-11-03 13:09:00,0.85,17634,United Kingdom,False
579470,23367,SET 12 COLOUR PENCILS SPACEBOY,3,2011-11-29 15:06:00,0.65,16549,United Kingdom,False
549123,82581,TOILET METAL SIGN,12,2011-04-06 14:02:00,0.55,15201,United Kingdom,False
560724,23237,SET OF 4 KNICK KNACK TINS LEAF,6,2011-07-20 13:55:00,4.15,16186,United Kingdom,False
541993,DOT,DOTCOM POSTAGE,1,2011-01-25 09:37:00,150.25,,United Kingdom,False
C536379,D,DISCOUNT,-1,2010-12-01 09:41:00,27.5,14527,United Kingdom,True
564849,22677,FRENCH BLUE METAL DOOR SIGN 2,10,2011-08-30 15:42:00,1.25,17675,United Kingdom,False
578844,22983,CARD BILLBOARD FONT,1,2011-11-25 16:14:00,0.83,,United Kingdom,False
577768,22593,CHRISTMAS GINGHAM STAR,3,2011-11-21 15:18:00,1.63,,United Kingdom,False
565672,20982,12 PENCILS TALL TUBE SKULLS,12,2011-09-06 09:34:00,0.85,17700,United Kingdom,False
573135,23243,SET OF TEA COFFEE SUGAR TINS PANTRY,4,2011-10-27 17:00:00,4.95,12952,United Kingdom,False
541258,82483,WOOD 2 DRAWER CABINET WHITE FINISH,2,2011-01-16 15:30:00,5.95,13634,United Kingdom,False
C555636,21770,OPEN CLOSED METAL SIGN,-6,2011-06-06 12:33:00,4.95,15073,United Kingdom,True
570499,23094,LE GRAND TRAY CHIC SET,1,2011-10-11 09:19:00,12.5,12772,Portugal,False
554682,21714,CITRONELLA CANDLE GARDEN POT,6,2011-05-25 16:08:00,1.25,14085,United Kingdom,False
552514,48138,DOORMAT UNION FLAG,1,2011-05-09 16:30:00,15.79,,United Kingdom,False
550339,37501,TEA TIME TEA SET IN GIFT BOX,3,2011-04-17 15:40:00,6.95,17697,United Kingdom,False
562789,22472,TV DINNER TRAY DOLLY GIRL,3,2011-08-09 13:50:00,4.95,14646,Netherlands,False
563712,22629,SPACEBOY LUNCH BOX,12,2011-08-18 15:44:00,1.95,12680,France,False
538349,21876,POTTERING MUG,1,2010-12-10 14:59:00,3.36,,United Kingdom,False
556415,21907,I'M ON HOLIDAY METAL SIGN,48,2011-06-10 12:19:00,1.85,12409,Switzerland,False
567204,16161U,WRAP SUKI AND FRIENDS,25,2011-09-19 10:43:00,0.42,15365,United Kingdom,False
551192,20978,36 PENCILS TUBE SKULLS,16,2011-04-27 10:54:00,1.25,16188,United Kingdom,False
569384,22193,RED DINER WALL CLOCK,6,2011-10-03 16:47:00,8.5,15159,United Kingdom,False
561926,84380,SET OF 3 BUTTERFLY COOKIE CUTTERS,12,2011-08-01 12:48:00,1.25,12749,United Kingdom,False
541215,21931,JUMBO STORAGE BAG SUKI,10,2011-01-14 13:42:00,1.95,14329,United Kingdom,False
560891,22662,LUNCH BAG DOLLY GIRL DESIGN,10,2011-07-21 17:02:00,1.65,15106,United Kingdom,False
576255,21158,MOODY GIRL DOOR HANGER,7,2011-11-14 14:09:00,0.39,15993,United Kingdom,False
578551,23504,PLAYING CARDS JUBILEE UNION JACK,7,2011-11-24 15:05:00,1.25,12937,United Kingdom,False
569220,21730,GLASS STAR FROSTED T-LIGHT HOLDER,4,2011-10-02 13:26:00,4.95,16007,United Kingdom,False
568472,22380,TOY TIDY SPACEBOY,10,2011-09-27 11:50:00,2.1,12517,Germany,False
562955,84795b,SUNSET CHECK HAMMOCK,1,2011-08-11 10:14:00,16.63,,United Kingdom,False
576364,22750,FELTCRAFT PRINCESS LOLA DOLL,2,2011-11-14 17:40:00,3.75,15009,United Kingdom,False
548617,15036,ASSORTED COLOURS SILK FAN,12,2011-04-01 11:50:00,0.83,16592,United Kingdom,False
553549,20979,36 PENCILS TUBE RED RETROSPOT,1,2011-05-17 16:09:00,2.46,,United Kingdom,False
544286,22470,HEART OF WICKER LARGE,5,2011-02-17 12:29:00,2.95,13151,United Kingdom,False
559866,16161P,WRAP ENGLISH ROSE,25,2011-07-13 10:43:00,0.42,15795,United Kingdom,False
580676,22473,TV DINNER TRAY VINTAGE PAISLEY,3,2011-12-05 14:39:00,1.95,17817,United Kingdom,False
560853,22467,GUMBALL COAT RACK,3,2011-07-21 12:33:00,2.55,15311,United Kingdom,False
559055,21559,STRAWBERRY LUNCH BOX WITH CUTLERY,1,2011-07-05 17:09:00,4.96,,United Kingdom,False
554202,22063,CERAMIC BOWL WITH STRAWBERRY DESIGN,2,2011-05-23 12:14:00,2.95,13546,United Kingdom,False
551173,21454,PAINTED PINK RABBIT,1,2011-04-26 16:54:00,0.83,,United Kingdom,False
567792,22086,PAPER CHAIN KIT 50'S CHRISTMAS,12,2011-09-22 11:40:00,2.95,17581,United Kingdom,False
541696,22969,HOMEMADE JAM SCENTED CANDLES,1,2011-01-20 18:08:00,3.29,,United Kingdom,False
563477,22699,ROSES REGENCY TEACUP AND SAUCER,5,2011-08-16 15:39:00,2.95,17097,Spain,False
570685,72799C,PINK PILLAR CANDLE SILVER FLOCK,2,2011-10-11 16:25:00,2.95,13208,United Kingdom,False
580754,23207,LUNCH BAG ALPHABET DESIGN,1,2011-12-06 10:05:00,4.96,,United Kingdom,False
552040,22366,DOORMAT AIRMAIL,2,2011-05-06 08:19:00,7.95,12502,Spain,False
538354,20754,RETROSPOT RED WASHING UP GLOVES,18,2010-12-10 15:45:00,2.1,16873,United Kingdom,False
565209,21789,KIDS RAIN MAC PINK,2,2011-09-01 16:59:00,0.85,15910,United Kingdom,False
537047,21754,HOME BUILDING BLOCK WORD,18,2010-12-05 11:02:00,5.45,13069,United Kingdom,False
549933,85123A,WHITE HANGING HEART T-LIGHT HOLDER,6,2011-04-13 11:04:00,2.95,15230,United Kingdom,False
542618,21034,REX CASH+CARRY JUMBO SHOPPER,1,2011-01-30 15:52:00,0.95,14502,United Kingdom,False
552000,22023,EMPIRE BIRTHDAY CARD,1,2011-05-05 15:56:00,0.83,,United Kingdom,False
581219,23401,RUSTIC MIRROR WITH LACE HEART,4,2011-12-08 09:28:00,12.46,,United Kingdom,False
571219,23243,SET OF TEA COFFEE SUGAR TINS PANTRY,4,2011-10-14 13:35:00,4.95,15601,United Kingdom,False
569667,21136,PAINTED METAL PEARS ASSORTED,8,2011-10-05 13:42:00,1.69,17521,United Kingdom,False
566199,21900,"KEY FOB , SHED",24,2011-09-09 14:12:00,0.65,14824,United Kingdom,False
547785,22522,CHILDS GARDEN FORK BLUE,2,2011-03-25 11:41:00,0.85,13097,United Kingdom,False
559163,21378,SMALL TALL CAMPHOR WOOD TOADSTOOL,1,2011-07-06 16:33:00,3.29,,United Kingdom,False
558993,21135,VICTORIAN  METAL POSTCARD SPRING,8,2011-07-05 11:49:00,1.69,16729,United Kingdom,False
581266,84006,MAGIC TREE -PAPER FLOWERS,24,2011-12-08 11:25:00,0.85,12621,Germany,False
552660,85099B,JUMBO BAG RED RETROSPOT,1,2011-05-10 15:03:00,4.13,,United Kingdom,False
563195,22714,CARD BIRTHDAY COWBOY,1,2011-08-12 16:36:00,0.83,,United Kingdom,False
570374,21770,OPEN CLOSED METAL SIGN,1,2011-10-10 12:34:00,4.95,14719,United Kingdom,False
537057,22977,DOLLY GIRL CHILDRENS EGG CUP,1,2010-12-05 11:49:00,1.25,15351,United Kingdom,False
C553027,21314,SMALL GLASS HEART TRINKET POT,-1,2011-05-12 19:38:00,2.1,13741,United Kingdom,True
555929,23227,FILIGREE HEART BUTTERFLY WHITE,144,2011-06-08 08:12:00,1.04,16525,United Kingdom,False
577094,22551,PLASTERS IN TIN SPACEBOY,1,2011-11-17 16:39:00,1.65,15435,United Kingdom,False
C537602,22065,CHRISTMAS PUDDING TRINKET POT,-1,2010-12-07 12:45:00,1.25,17511,United Kingdom,True
536634,20674,GREEN POLKADOT BOWL,12,2010-12-02 11:21:00,1.25,18041,United Kingdom,False
541111,21531,RED RETROSPOT SUGAR JAM BOWL,6,2011-01-13 15:13:00,2.55,15687,United Kingdom,False
563906,21561,DINOSAUR LUNCH BOX WITH CUTLERY,6,2011-08-21 11:50:00,2.55,14246,United Kingdom,False
576768,23240,SET OF 4 KNICK KNACK TINS DOILY,24,2011-11-16 13:13:00,4.15,13408,United Kingdom,False
556056,84836,ZINC METAL HEART DECORATION,1,2011-06-08 13:35:00,1.25,17841,United Kingdom,False
580367,84915,HAND TOWEL PINK FLOWER AND DAISY,2,2011-12-02 16:39:00,4.13,,United Kingdom,False
573287,22674,FRENCH TOILET SIGN BLUE METAL,12,2011-10-28 14:42:00,1.25,14194,United Kingdom,False
553542,21558,SKULL LUNCH BOX WITH CUTLERY,1,2011-05-17 15:34:00,4.96,,United Kingdom,False
556182,22522,CHILDS GARDEN FORK BLUE,1,2011-06-09 11:35:00,0.85,16892,United Kingdom,False
573892,84029E,RED WOOLLY HOTTIE WHITE HEART.,4,2011-11-01 13:57:00,4.25,14911,EIRE,False
556502,23236,DOILEY BISCUIT TIN,6,2011-06-13 08:43:00,2.89,13761,United Kingdom,False
C579886,23460,SWEETHEART WALL TIDY,-2,2011-11-30 17:39:00,9.95,15676,United Kingdom,True
571845,23243,SET OF TEA COFFEE SUGAR TINS PANTRY,6,2011-10-19 12:34:00,4.95,16869,United Kingdom,False
539595,22578,WOODEN STAR CHRISTMAS SCANDINAVIAN,1,2010-12-20 13:43:00,1.66,,United Kingdom,False
555415,22784,LANTERN CREAM GAZEBO,24,2011-06-03 10:08:00,4.25,14500,United Kingdom,False
566294,22841,ROUND CAKE TIN VINTAGE GREEN,2,2011-09-11 15:41:00,7.95,15533,United Kingdom,False
547089,22998,TRAVEL CARD WALLET KEEP CALM,24,2011-03-20 16:10:00,0.42,,United Kingdom,False
550542,22670,FRENCH WC SIGN BLUE METAL,1,2011-04-19 11:37:00,2.46,,United Kingdom,False
556126,22441,GROW YOUR OWN BASIL IN ENAMEL MUG,8,2011-06-09 10:23:00,2.1,14911,EIRE,False
553470,22914,BLUE COAT RACK PARIS FASHION,72,2011-05-17 11:27:00,3.37,18102,United Kingdom,False
551414,47590A,BLUE HAPPY BIRTHDAY BUNTING,3,2011-04-28 13:35:00,5.45,15622,United Kingdom,False
538308,21967,PACK OF 12 SKULL TISSUES,24,2010-12-10 13:29:00,0.29,14107,United Kingdom,False
571653,23368,SET 12 COLOUR PENCILS DOLLY GIRL,24,2011-10-18 12:17:00,0.55,14298,United Kingdom,False
574677,22333,RETROSPOT PARTY BAG + STICKER SET,2,2011-11-06 12:32:00,1.65,16445,United Kingdom,False
565737,22142,CHRISTMAS CRAFT WHITE FAIRY,4,2011-09-06 12:27:00,1.45,16400,United Kingdom,False
566275,23214,JINGLE BELL HEART ANTIQUE GOLD,5,2011-09-11 13:58:00,2.08,16549,United Kingdom,False
559896,22748,POPPY'S PLAYHOUSE KITCHEN,2,2011-07-13 12:15:00,2.1,15530,United Kingdom,False
576837,21790,VINTAGE SNAP CARDS,6,2011-11-16 15:16:00,1.63,,United Kingdom,False
567336,21731,RED TOADSTOOL LED NIGHT LIGHT,12,2011-09-19 14:56:00,1.65,12621,Germany,False
545447,20970,PINK FLORAL FELTCRAFT SHOULDER BAG,4,2011-03-02 16:34:00,3.75,17426,United Kingdom,False
538566,21015,DARK BIRD HOUSE TREE DECORATION,1,2010-12-13 11:21:00,1.28,,United Kingdom,False
555570,22427,ENAMEL FLOWER JUG CREAM,3,2011-06-05 15:36:00,5.95,15152,United Kingdom,False
570225,22400,MAGNETS PACK OF 4 HOME SWEET HOME,1,2011-10-09 13:15:00,0.39,16595,United Kingdom,False
574247,72807A,SET/3 ROSE CANDLE IN JEWELLED BOX,4,2011-11-03 12:56:00,4.25,13168,United Kingdom,False
579693,23238,SET OF 4 KNICK KNACK TINS LONDON,6,2011-11-30 14:09:00,4.15,15712,United Kingdom,False
579279,22966,GINGERBREAD MAN COOKIE CUTTER,12,2011-11-29 10:23:00,1.25,15298,United Kingdom,False
565932,23323,WHITE WICKER STAR,1,2011-09-08 10:35:00,2.1,16418,United Kingdom,False
570668,21174,POTTERING IN THE SHED METAL SIGN,3,2011-10-11 14:34:00,2.08,17837,United Kingdom,False
567476,21136,PAINTED METAL PEARS ASSORTED,8,2011-09-20 13:19:00,1.69,14859,United Kingdom,False
578262,21791,VINTAGE HEADS AND TAILS CARD GAME,2,2011-11-23 13:27:00,1.25,18283,United Kingdom,False
545685,84970S,HANGING HEART ZINC T-LIGHT HOLDER,2,2011-03-06 11:55:00,0.85,14499,United Kingdom,False
576098,22735,RIBBON REEL SOCKS AND MITTENS,10,2011-11-14 10:01:00,1.65,14862,United Kingdom,False
562955,22952,60 CAKE CASES VINTAGE CHRISTMAS,5,2011-08-11 10:14:00,2.08,,United Kingdom,False
538636,82600,NO SINGING METAL SIGN,12,2010-12-13 13:50:00,2.1,14639,United Kingdom,False
568193,21164,HOME SWEET HOME METAL SIGN,2,2011-09-25 14:37:00,2.95,17107,United Kingdom,False
575975,22138,BAKING SET 9 PIECE RETROSPOT,3,2011-11-13 13:18:00,4.95,13536,United Kingdom,False
579297,21156,RETROSPOT CHILDRENS APRON,1,2011-11-29 11:23:00,4.13,,United Kingdom,False
569545,46776B,WOVEN BERRIES CUSHION COVER,1,2011-10-04 16:37:00,4.13,,United Kingdom,False
569469,23371,SET 36 COLOUR PENCILS SPACEBOY,4,2011-10-04 12:22:00,1.25,16360,United Kingdom,False
573601,22386,JUMBO BAG PINK POLKADOT,6,2011-10-31 15:24:00,4.13,,United Kingdom,False
551876,84879,ASSORTED COLOUR BIRD ORNAMENT,16,2011-05-05 08:18:00,1.69,14867,United Kingdom,False
574042,21231,SWEETHEART CERAMIC TRINKET BOX,32,2011-11-02 13:05:00,1.25,17947,United Kingdom,False
565917,85183A,CHARLIE & LOLA WASTEPAPER BIN BLUE,1,2011-09-07 16:15:00,7.46,,United Kingdom,False
561625,21395,BLUE POLKADOT BEAKER,48,2011-07-28 14:03:00,0.39,16843,United Kingdom,False
577300,21901,"KEY FOB , BACK DOOR",2,2011-11-18 12:53:00,0.65,16924,United Kingdom,False
578928,22360,GLASS JAR ENGLISH CONFECTIONERY,2,2011-11-27 12:29:00,2.95,15443,United Kingdom,False
580520,22557,PLASTERS IN TIN VINTAGE PAISLEY,1,2011-12-04 14:55:00,1.65,13521,United Kingdom,False
C574291,22633,HAND WARMER UNION JACK,-1,2011-11-03 15:19:00,2.1,15290,United Kingdom,True
573585,23182,TOILET SIGN OCCUPIED OR VACANT,4,2011-10-31 14:41:00,2.46,,United Kingdom,False
537224,21891,TRADITIONAL WOODEN SKIPPING ROPE,4,2010-12-05 16:24:00,1.25,13174,United Kingdom,False
578791,22055,MINI CAKE STAND  HANGING STRAWBERY,1,2011-11-25 12:20:00,1.65,12841,United Kingdom,False
559032,23054,RECYCLED ACAPULCO MAT LAVENDER,2,2011-07-05 14:53:00,8.25,17511,United Kingdom,False
C571196,23354,6 GIFT TAGS 50'S CHRISTMAS,-12,2011-10-14 12:02:00,0.83,,United Kingdom,True
540489,82482,WOODEN PICTURE FRAME WHITE FINISH,6,2011-01-07 16:32:00,2.55,13593,United Kingdom,False
539437,72807A,SET/3 ROSE CANDLE IN JEWELLED BOX,2,2010-12-17 14:54:00,8.47,,United Kingdom,False
580119,22367,CHILDRENS APRON SPACEBOY DESIGN,1,2011-12-01 16:37:00,1.95,17920,United Kingdom,False
571034,23390,DOLLY GIRL MINI BACKPACK,4,2011-10-13 12:47:00,4.15,12359,Cyprus,False
544434,21977,PACK OF 60 PINK PAISLEY CAKE CASES,3,2011-02-18 16:12:00,1.25,,United Kingdom,False
580880,22411,JUMBO SHOPPER VINTAGE RED PAISLEY,10,2011-12-06 12:19:00,2.08,14121,United Kingdom,False
578332,23378,PACK OF 12 50'S CHRISTMAS TISSUES,3,2011-11-24 08:50:00,0.39,,United Kingdom,False
558919,22663,JUMBO BAG DOLLY GIRL DESIGN,10,2011-07-05 09:56:00,2.08,15078,United Kingdom,False
547063,22285,HANGING HEN ON NEST DECORATION,6,2011-03-20 13:33:00,1.65,14769,United Kingdom,False
C577075,22507,MEMO BOARD RETROSPOT  DESIGN,-1,2011-11-17 15:08:00,4.95,14456,United Kingdom,True
577533,84661A,WHITE SQUARE TABLE CLOCK,1,2011-11-20 14:04:00,2.55,16877,United Kingdom,False
554930,22151,PLACE SETTING WHITE HEART,600,2011-05-27 13:17:00,0.42,15939,United Kingdom,False
569729,22139,RETROSPOT TEA SET CERAMIC 11 PC,3,2011-10-06 09:43:00,4.95,16350,United Kingdom,False
551269,84970S,HANGING HEART ZINC T-LIGHT HOLDER,12,2011-04-27 12:21:00,0.85,12840,United Kingdom,False
555149,21379,CAMPHOR WOOD PORTOBELLO MUSHROOM,1,2011-05-31 15:49:00,2.46,,United Kingdom,False
571845,23493,VINTAGE DOILY TRAVEL SEWING KIT,3,2011-10-19 12:34:00,1.95,16869,United Kingdom,False
545057,22148,EASTER CRAFT 4 CHICKS,12,2011-02-27 12:49:00,1.95,13630,United Kingdom,False
564757,21564,PINK  HEART SHAPE LOVE BUCKET,1,2011-08-30 10:36:00,5.79,,United Kingdom,False
574340,22435,SET OF 9 HEART SHAPED BALLOONS,5,2011-11-04 10:08:00,1.25,17377,United Kingdom,False
570237,22593,CHRISTMAS GINGHAM STAR,3,2011-10-09 14:48:00,0.85,13212,United Kingdom,False
573572,22839,3 TIER CAKE TIN GREEN AND CREAM,1,2011-10-31 14:03:00,14.95,14527,United Kingdom,False
555347,23065,LARGE DECO JEWELLERY STAND,1,2011-06-02 12:04:00,12.5,14389,United Kingdom,False
572128,23524,HORSE & PONY WALL ART,6,2011-10-21 09:23:00,3.75,15782,United Kingdom,False
557466,20749,ASSORTED COLOUR MINI CASES,2,2011-06-20 13:08:00,7.95,13815,Germany,False
545701,48185,DOORMAT FAIRY CAKE,10,2011-03-06 15:17:00,6.75,17107,United Kingdom,False
567095,22470,HEART OF WICKER LARGE,6,2011-09-16 13:03:00,2.95,17049,United Kingdom,False
574311,23581,JUMBO BAG PAISLEY PARK,10,2011-11-03 16:56:00,2.08,15640,United Kingdom,False
540357,22333,RETROSPOT PARTY BAG + STICKER SET,8,2011-01-06 15:14:00,1.65,13093,United Kingdom,False
550015,22327,ROUND SNACK BOXES SET OF 4 SKULLS,6,2011-04-14 10:54:00,2.95,17735,United Kingdom,False
570672,21918,SET 12 KIDS COLOUR  CHALK STICKS,24,2011-10-11 14:52:00,0.42,12536,France,False
547971,21328,BALLOONS  WRITING SET,2,2011-03-28 16:37:00,1.65,17917,United Kingdom,False
560977,23296,SET OF 6 TEA TIME BAKING CASES,8,2011-07-22 12:09:00,1.25,16839,United Kingdom,False
555851,22730,ALARM CLOCK BAKELIKE IVORY,1,2011-06-07 13:37:00,3.75,13050,United Kingdom,False
545152,21755,LOVE BUILDING BLOCK WORD,3,2011-02-28 12:47:00,5.95,15227,United Kingdom,False
578701,47566,PARTY BUNTING,4,2011-11-25 10:52:00,4.95,17624,United Kingdom,False
578807,23343,JUMBO BAG VINTAGE CHRISTMAS,10,2011-11-25 13:10:00,2.08,17491,United Kingdom,False
566581,21181,PLEASE ONE PERSON METAL SIGN,5,2011-09-13 13:47:00,2.1,16081,United Kingdom,False
553683,22995,TRAVEL CARD WALLET SUKI,24,2011-05-18 13:50:00,0.42,14060,United Kingdom,False
564722,84832,ZINC WILLIE WINKIE  CANDLE STICK,2,2011-08-28 12:06:00,0.85,16456,United Kingdom,False
540750,20712,JUMBO BAG WOODLAND ANIMALS,10,2011-01-11 10:26:00,1.95,16351,United Kingdom,False
539492,22300,COFFEE MUG DOG + BALL DESIGN,1,2010-12-20 10:14:00,5.06,,United Kingdom,False
574484,23209,LUNCH BAG VINTAGE DOILY,10,2011-11-04 12:50:00,1.65,14388,United Kingdom,False
575477,22695,WICKER WREATH SMALL,1,2011-11-09 16:14:00,3.29,,United Kingdom,False
575177,22900,SET 2 TEA TOWELS I LOVE LONDON,2,2011-11-08 18:41:00,6.63,,United Kingdom,False
577505,22383,LUNCH BAG SUKI DESIGN,2,2011-11-20 12:37:00,1.65,13118,United Kingdom,False
560296,20676,RED RETROSPOT BOWL,4,2011-07-18 10:21:00,2.46,,United Kingdom,False
569528,23091,ZINC HERB GARDEN CONTAINER,1,2011-10-04 14:53:00,6.25,16242,United Kingdom,False
554960,82482,WOODEN PICTURE FRAME WHITE FINISH,1,2011-05-27 15:18:00,4.96,,United Kingdom,False
559350,21746,SMALL RED RETROSPOT WINDMILL,12,2011-07-07 17:35:00,1.25,16842,United Kingdom,False
558738,21194,PINK  HONEYCOMB PAPER FAN,24,2011-07-01 15:35:00,0.65,12922,United Kingdom,False
576837,85099C,JUMBO  BAG BAROQUE BLACK WHITE,2,2011-11-16 15:16:00,4.13,,United Kingdom,False
573330,23455,SMALL PARLOUR PICTURE FRAME,2,2011-10-30 11:22:00,2.89,16923,United Kingdom,False
577741,22866,HAND WARMER SCOTTY DOG DESIGN,12,2011-11-21 13:40:00,2.1,12921,United Kingdom,False
548504,72349b,SET/6 PURPLE BUTTERFLY T-LIGHTS,1,2011-03-31 14:33:00,4.13,,United Kingdom,False
C555652,84946,ANTIQUE SILVER T-LIGHT GLASS,-6,2011-06-06 14:11:00,1.06,13094,United Kingdom,True
570210,84032B,CHARLIE + LOLA RED HOT WATER BOTTLE,1,2011-10-09 10:48:00,2.95,13259,United Kingdom,False
559557,20728,LUNCH BAG CARS BLUE,10,2011-07-11 10:33:00,1.65,17444,Canada,False
575947,23370,SET 36 COLOURING PENCILS DOILY,2,2011-11-13 11:50:00,1.25,,United Kingdom,False
566281,22989,SET 2 PANTRY DESIGN TEA TOWELS,10,2011-09-11 14:15:00,3.25,12748,United Kingdom,False
573744,35970,ZINC FOLKART SLEIGH BELLS,12,2011-11-01 08:16:00,1.69,17733,United Kingdom,False
547830,21111,"SWISS ROLL TOWEL, CHOCOLATE  SPOTS",1,2011-03-25 15:50:00,5.79,,United Kingdom,False
570863,22730,ALARM CLOCK BAKELIKE IVORY,8,2011-10-12 15:39:00,3.75,15144,United Kingdom,False
552826,22847,BREAD BIN DINER STYLE IVORY,2,2011-05-11 13:20:00,16.95,14277,France,False
550768,21908,CHOCOLATE THIS WAY METAL SIGN,6,2011-04-20 12:44:00,2.1,15039,United Kingdom,False
566008,20617,FIRST CLASS PASSPORT COVER,2,2011-09-08 12:04:00,2.1,16426,United Kingdom,False
544322,22021,BLUE FELT EASTER EGG BASKET,6,2011-02-17 15:50:00,1.65,14211,United Kingdom,False
579495,22578,WOODEN STAR CHRISTMAS SCANDINAVIAN,24,2011-11-29 15:34:00,0.29,13576,United Kingdom,False
547990,22487,WHITE WOOD GARDEN PLANT LADDER,1,2011-03-29 09:53:00,9.95,15589,United Kingdom,False
538255,48187,DOORMAT NEW ENGLAND,2,2010-12-10 12:33:00,7.95,14911,EIRE,False
576214,21429,RED GINGHAM ROSE JEWELLERY BOX,1,2011-11-14 12:49:00,1.95,15863,United Kingdom,False
566446,21314,SMALL GLASS HEART TRINKET POT,5,2011-09-12 15:40:00,4.13,,United Kingdom,False
550467,16016,LARGE CHINESE STYLE SCISSOR,3,2011-04-18 13:36:00,0.85,18009,United Kingdom,False
559477,22191,IVORY DINER WALL CLOCK,4,2011-07-08 13:44:00,8.5,14315,United Kingdom,False
554323,22900,SET 2 TEA TOWELS I LOVE LONDON,2,2011-05-23 15:33:00,3.25,16729,United Kingdom,False
571427,22714,CARD BIRTHDAY COWBOY,36,2011-10-17 12:46:00,0.42,17205,United Kingdom,False
572458,85049A,TRADITIONAL CHRISTMAS RIBBONS,12,2011-10-24 12:51:00,1.25,15142,United Kingdom,False
572291,23147,SINGLE ANTIQUE ROSE HOOK IVORY,3,2011-10-23 12:46:00,1.45,16931,United Kingdom,False
567140,23229,VINTAGE DONKEY TAIL GAME,6,2011-09-16 14:47:00,3.75,15410,United Kingdom,False
546392,47559B,TEA TIME OVEN GLOVE,3,2011-03-11 14:15:00,1.25,14587,United Kingdom,False
572082,23109,PACK OF SIX LED TEA LIGHTS,12,2011-10-20 14:18:00,2.89,17672,United Kingdom,False
573576,22752,SET 7 BABUSHKA NESTING BOXES,2,2011-10-31 14:09:00,16.63,14096,United Kingdom,False
570404,22608,PENS ASSORTED FUNKY JEWELED,72,2011-10-10 12:50:00,0.19,16395,United Kingdom,False
541854,84997C,BLUE 3 PIECE POLKADOT CUTLERY SET,1,2011-01-23 14:58:00,3.75,18283,United Kingdom,False
560650,21708,FOLDING UMBRELLA CREAM POLKADOT,2,2011-07-20 11:38:00,4.95,15529,United Kingdom,False
566605,82583,HOT BATHS METAL SIGN,2,2011-09-13 16:27:00,2.1,13263,United Kingdom,False
561430,22810,SET OF 6 T-LIGHTS SNOWMEN,6,2011-07-27 11:29:00,2.95,15172,United Kingdom,False
577528,84510A,SET OF 4 ENGLISH ROSE COASTERS,10,2011-11-20 13:45:00,1.25,15745,United Kingdom,False
573585,90120B,BLUE MURANO TWIST BRACELET,1,2011-10-31 14:41:00,4.15,,United Kingdom,False
577358,22153,ANGEL DECORATION STARS ON DRESS,1,2011-11-18 15:59:00,0.83,,United Kingdom,False
574304,22553,PLASTERS IN TIN SKULLS,1,2011-11-03 16:30:00,1.65,14428,United Kingdom,False
562273,22698,PINK REGENCY TEACUP AND SAUCER,6,2011-08-04 09:55:00,2.95,12502,Spain,False
564756,22939,ADULT APRON APPLE DELIGHT,1,2011-08-30 10:33:00,10.79,,United Kingdom,False
573150,22196,SMALL HEART MEASURING SPOONS,3,2011-10-27 20:07:00,0.85,15014,United Kingdom,False
557322,16156L,WRAP CAROUSEL,25,2011-06-20 09:04:00,0.42,17444,Canada,False
540418,22344,PARTY PIZZA DISH PINK POLKADOT,6,2011-01-07 11:04:00,0.43,,United Kingdom,False
559817,22412,METAL SIGN NEIGHBOURHOOD WITCH,1,2011-07-12 16:20:00,4.13,,United Kingdom,False
575607,22274,FELTCRAFT DOLL EMILY,2,2011-11-10 12:37:00,5.79,14096,United Kingdom,False
571797,DOT,DOTCOM POSTAGE,1,2011-10-19 11:41:00,868.21,,United Kingdom,False
541649,37447,CERAMIC CAKE DESIGN SPOTTED PLATE,12,2011-01-20 11:39:00,1.49,17418,United Kingdom,False
543111,22791,T-LIGHT GLASS FLUTED ANTIQUE,6,2011-02-03 12:44:00,1.25,15719,United Kingdom,False
538877,22631,CIRCUS PARADE LUNCH BOX,4,2010-12-14 15:29:00,3.36,,United Kingdom,False
574709,22386,JUMBO BAG PINK POLKADOT,2,2011-11-06 14:14:00,2.08,17768,United Kingdom,False
573553,22174,PHOTO CUBE,3,2011-10-31 13:48:00,4.13,,United Kingdom,False
557802,21563,RED HEART SHAPE LOVE BUCKET,6,2011-06-23 10:15:00,2.95,15130,United Kingdom,False
568301,48129,DOORMAT TOPIARY,1,2011-09-26 12:45:00,8.25,16383,United Kingdom,False
570258,22173,METAL 4 HOOK HANGER FRENCH CHATEAU,1,2011-10-10 09:56:00,5.79,,United Kingdom,False
542546,20734,,-1,2011-01-28 14:44:00,0.0,,United Kingdom,False
580539,22375,AIRLINE BAG VINTAGE JET SET BROWN,4,2011-12-05 08:39:00,4.25,18180,United Kingdom,False
565664,21212,PACK OF 72 RETROSPOT CAKE CASES,8,2011-09-05 17:36:00,0.55,13211,United Kingdom,False
575117,84510A,SET OF 4 ENGLISH ROSE COASTERS,1,2011-11-08 14:22:00,1.25,12748,United Kingdom,False
557276,23301,GARDENERS KNEELING PAD KEEP CALM,6,2011-06-19 12:05:00,1.65,16931,United Kingdom,False
544795,22817,CARD SUKI BIRTHDAY,24,2011-02-23 13:21:00,0.42,15858,United Kingdom,False
577107,22465,HANGING METAL STAR LANTERN,12,2011-11-17 17:30:00,1.65,16558,United Kingdom,False
557968,23341,PINK DINER WALL CLOCK,2,2011-06-24 09:43:00,8.5,17061,United Kingdom,False
580983,23399,HOME SWEET HOME HANGING HEART,2,2011-12-06 16:26:00,2.08,,United Kingdom,False
557620,84536A,ENGLISH ROSE NOTEBOOK A7 SIZE,8,2011-06-21 13:58:00,0.42,14408,United Kingdom,False
580611,22499,WOODEN UNION JACK BUNTING,1,2011-12-05 11:49:00,5.95,12748,United Kingdom,False
564093,22457,NATURAL SLATE HEART CHALKBOARD,6,2011-08-23 10:29:00,2.95,14930,Channel Islands,False
552652,21592,RETROSPOT CIGAR BOX MATCHES,2,2011-05-10 14:09:00,1.25,14591,United Kingdom,False
565863,20971,PINK BLUE FELT CRAFT TRINKET BOX,48,2011-09-07 15:00:00,1.25,17422,United Kingdom,False
560926,22998,TRAVEL CARD WALLET KEEP CALM,1,2011-07-22 09:20:00,0.83,,United Kingdom,False
C540781,22767,TRIPLE PHOTO FRAME CORNICE,-1,2011-01-11 11:22:00,9.95,16875,United Kingdom,True
568049,21669,BLUE STRIPE CERAMIC DRAWER KNOB,2,2011-09-23 12:38:00,1.45,17841,United Kingdom,False
572224,23350,ROLL WRAP VINTAGE SPOT,12,2011-10-21 13:46:00,1.25,16558,United Kingdom,False
536561,22865,HAND WARMER OWL DESIGN,12,2010-12-01 15:06:00,2.1,12921,United Kingdom,False
545340,22479,DAISY GARDEN MARKER,10,2011-03-02 08:41:00,1.25,15416,United Kingdom,False
576508,20992,JAZZ HEARTS PURSE NOTEBOOK,2,2011-11-15 12:02:00,0.39,17777,United Kingdom,False
546888,22167,OVAL WALL MIRROR DIAMANTE,1,2011-03-17 18:15:00,8.29,,United Kingdom,False
569205,23322,LARGE WHITE HEART OF WICKER,5,2011-10-02 10:55:00,2.95,16923,United Kingdom,False
557803,22670,FRENCH WC SIGN BLUE METAL,12,2011-06-23 10:20:00,1.25,12704,Finland,False
567196,22556,PLASTERS IN TIN CIRCUS PARADE,12,2011-09-19 10:09:00,1.65,12379,Belgium,False
570288,23507,MINI PLAYING CARDS BUFFALO BILL,4,2011-10-10 11:47:00,0.42,16960,United Kingdom,False
553657,21559,STRAWBERRY LUNCH BOX WITH CUTLERY,1,2011-05-18 11:28:00,2.55,14583,United Kingdom,False
551289,20728,LUNCH BAG CARS BLUE,30,2011-04-27 14:18:00,1.65,18226,United Kingdom,False
560261,23295,SET OF 12 MINI LOAF BAKING CASES,5,2011-07-17 13:35:00,0.83,12841,United Kingdom,False
549278,22964,3 PIECE SPACEBOY COOKIE CUTTER SET,3,2011-04-07 13:16:00,2.1,16255,United Kingdom,False
556829,23307,SET OF 60 PANTRY DESIGN CAKE CASES,24,2011-06-15 10:51:00,0.55,12809,Portugal,False
540372,22030,SWALLOWS GREETING CARD,12,2011-01-06 16:41:00,0.42,13081,United Kingdom,False
577785,22617,BAKING SET SPACEBOY DESIGN,1,2011-11-21 16:25:00,4.95,16369,United Kingdom,False
569983,23188,VINTAGE  2 METRE FOLDING RULER,3,2011-10-06 19:49:00,1.65,17231,United Kingdom,False
557112,22414,DOORMAT NEIGHBOURHOOD WITCH,1,2011-06-16 16:31:00,15.79,,United Kingdom,False
536532,22865,HAND WARMER OWL DESIGN,12,2010-12-01 13:24:00,2.1,12433,Norway,False
579558,21175,GIN AND TONIC DIET METAL SIGN,12,2011-11-30 11:24:00,2.55,14755,United Kingdom,False
569687,21326,AGED GLASS SILVER T-LIGHT HOLDER,12,2011-10-05 14:53:00,0.65,13709,United Kingdom,False
547382,20726,LUNCH BAG WOODLAND,2,2011-03-22 15:31:00,1.65,15457,United Kingdom,False
559055,84708B,PINK JEWELLED PHOTO FRAME,1,2011-07-05 17:09:00,9.96,,United Kingdom,False
547552,47566b,TEA TIME PARTY BUNTING,1,2011-03-23 15:55:00,8.29,,United Kingdom,False
565919,22420,LIPSTICK PEN BABY PINK,6,2011-09-07 16:48:00,0.83,,United Kingdom,False
549118,22287,DECORATION WOBBLY CHICKEN,12,2011-04-06 13:18:00,1.65,14911,EIRE,False
571716,47578A,ENGLISH ROSE SMALL SCENTED FLOWER,3,2011-10-18 17:05:00,1.63,,United Kingdom,False
572098,22750,FELTCRAFT PRINCESS LOLA DOLL,4,2011-10-20 15:38:00,3.75,15117,United Kingdom,False
574686,22068,BLACK PIRATE TREASURE CHEST,2,2011-11-06 13:00:00,1.65,17608,United Kingdom,False
537399,22635,CHILDS BREAKFAST SET DOLLY GIRL,1,2010-12-06 14:31:00,9.95,13030,United Kingdom,False
559816,22457,NATURAL SLATE HEART CHALKBOARD,11,2011-07-12 16:11:00,2.95,,United Kingdom,False
544293,22383,LUNCH BAG SUKI  DESIGN,2,2011-02-17 12:42:00,1.65,17954,United Kingdom,False
566115,POST,POSTAGE,1,2011-09-09 10:51:00,18.0,12674,France,False
560773,23308,SET OF 60 VINTAGE LEAF CAKE CASES,1,2011-07-20 16:17:00,1.25,,United Kingdom,False
540821,22419,LIPSTICK PEN RED,5,2011-01-11 13:16:00,0.85,,United Kingdom,False
559907,22355,CHARLOTTE BAG SUKI DESIGN,10,2011-07-13 13:37:00,0.85,12766,Portugal,False
543171,47566b,TEA TIME PARTY BUNTING,2,2011-02-04 09:11:00,8.29,,United Kingdom,False
564540,22756,LARGE YELLOW BABUSHKA NOTEBOOK,1,2011-08-25 15:34:00,1.25,12748,United Kingdom,False
564553,22427,ENAMEL FLOWER JUG CREAM,1,2011-08-25 18:45:00,5.95,18200,United Kingdom,False
553074,72351B,SET/6 PINK  BUTTERFLY T-LIGHTS,2,2011-05-13 11:45:00,2.1,15529,United Kingdom,False
563191,22141,CHRISTMAS CRAFT TREE TOP ANGEL,12,2011-08-12 16:07:00,2.1,16678,United Kingdom,False
543900,21914,BLUE HARMONICA IN BOX,12,2011-02-14 12:11:00,1.25,12621,Germany,False
547850,21823,PAINTED METAL HEART WITH HOLLY BELL,2,2011-03-27 12:06:00,1.45,14472,United Kingdom,False
540848,84520B,PACK 20 ENGLISH ROSE PAPER NAPKINS,6,2011-01-12 09:26:00,1.66,,United Kingdom,False
562558,23301,GARDENERS KNEELING PAD KEEP CALM,3,2011-08-05 16:43:00,1.65,13451,United Kingdom,False
577315,23310,BUBBLEGUM RING ASSORTED,36,2011-11-18 13:25:00,0.42,17811,United Kingdom,False
544111,22078,RIBBON REEL LACE DESIGN,20,2011-02-16 11:18:00,2.1,16126,United Kingdom,False
551558,21926,RED/CREAM STRIPE CUSHION COVER,6,2011-05-03 10:41:00,1.25,17841,United Kingdom,False
559894,81953B,ROUND BLUE CLOCK WITH SUCKER,1,2011-07-13 12:06:00,0.19,14159,United Kingdom,False
573396,23321,SMALL WHITE HEART OF WICKER,1,2011-10-30 15:13:00,1.65,14723,United Kingdom,False
536540,21055,TOOL BOX SOFT TOY,4,2010-12-01 14:05:00,8.95,14911,EIRE,False
569246,21985,PACK OF 12 HEARTS DESIGN TISSUES,2,2011-10-03 09:57:00,0.83,14096,United Kingdom,False
559928,23238,SET OF 4 KNICK KNACK TINS LONDON,6,2011-07-14 08:52:00,4.15,12405,Finland,False
552857,23200,JUMBO BAG PEARS,1,2011-05-11 15:34:00,4.13,,United Kingdom,False
578019,23494,VINTAGE DOILY DELUXE SEWING KIT,1,2011-11-22 13:11:00,5.95,17360,United Kingdom,False
574720,85034B,3 WHITE CHOC MORRIS BOXED CANDLES,4,2011-11-06 14:39:00,1.25,14547,United Kingdom,False
536537,22423,REGENCY CAKESTAND 3 TIER,2,2010-12-01 13:51:00,12.75,15922,United Kingdom,False
579512,22514,CHILDS GARDEN SPADE BLUE,10,2011-11-29 16:47:00,4.13,,United Kingdom,False
569417,22577,WOODEN HEART CHRISTMAS SCANDINAVIAN,24,2011-10-04 10:29:00,0.29,17629,United Kingdom,False
537144,21881,CUTE CATS TAPE,1,2010-12-05 13:00:00,0.65,15880,United Kingdom,False
580730,22555,PLASTERS IN TIN STRONGMAN,2,2011-12-05 17:28:00,3.29,,United Kingdom,False
564061,23133,LARGE IVORY HEART WALL ORGANISER,1,2011-08-22 14:38:00,8.25,14505,United Kingdom,False
561430,22355,CHARLOTTE BAG SUKI DESIGN,20,2011-07-27 11:29:00,0.85,15172,United Kingdom,False
561820,23149,ANTIQUE IVORY WIRE BOWL SMALL,1,2011-07-29 16:00:00,4.96,,United Kingdom,False
555499,22824,3 TIER SWEETHEART GARDEN SHELF,1,2011-06-03 15:31:00,35.95,15812,United Kingdom,False
570488,22662,LUNCH BAG DOLLY GIRL DESIGN,1,2011-10-10 17:12:00,4.13,14096,United Kingdom,False
549551,22927,GREEN GIANT GARDEN THERMOMETER,4,2011-04-10 11:48:00,5.95,15955,United Kingdom,False
580054,82616C,MIDNIGHT GLAMOUR SCARF KNITTING KIT,2,2011-12-01 13:08:00,1.25,18122,United Kingdom,False
541091,21673,WHITE SPOT BLUE CERAMIC DRAWER KNOB,18,2011-01-13 12:53:00,1.25,16814,United Kingdom,False
557315,22116,METAL SIGN HIS DINNER IS SERVED,1,2011-06-19 16:02:00,2.95,15535,United Kingdom,False
556427,22411,JUMBO SHOPPER VINTAGE RED PAISLEY,1,2011-06-10 13:23:00,4.13,,United Kingdom,False
552977,23161,REGENCY CAKE FORK,12,2011-05-12 14:13:00,1.25,18221,United Kingdom,False
544302,21731,RED TOADSTOOL LED NIGHT LIGHT,12,2011-02-17 13:16:00,1.65,12654,Germany,False
548516,22718,CARD CAT AND TREE,1,2011-03-31 16:28:00,0.83,,United Kingdom,False
558763,21206,STRAWBERRY HONEYCOMB  GARLAND,10,2011-07-03 13:08:00,1.65,12841,United Kingdom,False
559133,22432,WATERING CAN PINK BUNNY,1,2011-07-06 13:13:00,1.95,17861,United Kingdom,False
577057,22604,SET OF 4 NAPKIN CHARMS CUTLERY,1,2011-11-17 14:26:00,2.55,12748,United Kingdom,False
541987,22082,RIBBON REEL STRIPES DESIGN,5,2011-01-24 16:05:00,1.65,14130,United Kingdom,False
569728,85062,PEARL CRYSTAL PUMPKIN T-LIGHT HLDR,12,2011-10-06 09:38:00,1.65,15416,United Kingdom,False
543251,21181,PLEASE ONE PERSON METAL SIGN,12,2011-02-04 14:51:00,2.1,14194,United Kingdom,False
567756,23295,SET OF 12 MINI LOAF BAKING CASES,56,2011-09-22 10:52:00,0.83,12678,France,False
568669,23348,CHILDRENS TOY COOKING UTENSIL SET,6,2011-09-28 13:04:00,2.08,13488,United Kingdom,False
573553,84375,SET OF 20 KIDS COOKIE CUTTERS,1,2011-10-31 13:48:00,4.13,,United Kingdom,False
567644,23188,VINTAGE  2 METER FOLDING RULER,23,2011-09-21 14:17:00,1.65,16989,United Kingdom,False
569261,23431,NATURAL HANGING QUILTED HEARTS,12,2011-10-03 11:34:00,0.83,17321,United Kingdom,False
566495,22971,QUEENS GUARD COFFEE MUG,4,2011-09-13 11:14:00,2.55,15529,United Kingdom,False
576865,23507,MINI PLAYING CARDS BUFFALO BILL,2,2011-11-16 16:08:00,0.42,12748,United Kingdom,False
541830,22960,JAM MAKING SET WITH JARS,1,2011-01-21 17:09:00,8.29,,United Kingdom,False
C554793,84077,WORLD WAR 2 GLIDERS ASSTD DESIGNS,-96,2011-05-26 12:41:00,0.11,12901,United Kingdom,True
C556643,21452,TOADSTOOL MONEY BOX,-1,2011-06-13 15:48:00,2.95,17841,United Kingdom,True
565450,21243,PINK  POLKADOT PLATE,8,2011-09-04 15:22:00,1.69,17722,United Kingdom,False
574684,47566,PARTY BUNTING,5,2011-11-06 12:56:00,4.15,17581,United Kingdom,False
563035,82484,WOOD BLACK BOARD ANT WHITE FINISH,1,2011-08-11 14:54:00,7.95,17790,United Kingdom,False
571670,20981,12 PENCILS TALL TUBE WOODLAND,12,2011-10-18 13:12:00,0.85,12611,Italy,False
572552,22074,6 RIBBONS SHIMMERING PINKS,1,2011-10-24 17:07:00,1.25,14096,United Kingdom,False
578307,21232,STRAWBERRY CERAMIC TRINKET POT,4,2011-11-23 15:53:00,1.25,17290,United Kingdom,False
575875,DOT,DOTCOM POSTAGE,1,2011-11-11 13:06:00,571.9,,United Kingdom,False
545334,23230,WRAP ALPHABET DESIGN,25,2011-03-01 16:34:00,0.42,15750,United Kingdom,False
554509,20711,JUMBO BAG TOYS,1,2011-05-24 15:45:00,2.08,17375,United Kingdom,False
564627,23223,CHRISTMAS TREE HANGING SILVER,12,2011-08-26 11:47:00,0.83,15132,United Kingdom,False
566917,23355,HOT WATER BOTTLE KEEP CALM,24,2011-09-15 14:37:00,4.15,18259,United Kingdom,False
581181,21181,PLEASE ONE PERSON METAL SIGN,12,2011-12-07 15:55:00,2.1,14189,United Kingdom,False
567057,84725,,-8,2011-09-16 11:39:00,0.0,,United Kingdom,False
562843,22980,PANTRY SCRUBBING BRUSH,2,2011-08-09 17:37:00,3.29,,United Kingdom,False
561933,22082,RIBBON REEL STRIPES DESIGN,10,2011-08-01 12:56:00,1.65,12949,United Kingdom,False
576508,22411,JUMBO SHOPPER VINTAGE RED PAISLEY,2,2011-11-15 12:02:00,2.08,17777,United Kingdom,False
546398,22302,COFFEE MUG PEARS  DESIGN,12,2011-03-11 14:52:00,2.55,13043,United Kingdom,False
570458,23368,SET 12 COLOUR PENCILS DOLLY GIRL,6,2011-10-10 15:39:00,0.65,14535,United Kingdom,False
540026,22321,BIRD DECORATION RED RETROSPOT,1,2011-01-04 13:25:00,1.66,,United Kingdom,False
547324,22423,REGENCY CAKESTAND 3 TIER,6,2011-03-22 11:27:00,12.75,13014,United Kingdom,False
577429,21117,BLOND DOLL DOORSTOP,12,2011-11-20 11:06:00,1.25,14881,United Kingdom,False
551462,22960,JAM MAKING SET WITH JARS,6,2011-04-28 16:11:00,4.25,15210,United Kingdom,False
557216,23241,TREASURE TIN GYMKHANA DESIGN,6,2011-06-17 12:23:00,2.08,17677,United Kingdom,False
541509,21174,POTTERING IN THE SHED METAL SIGN,2,2011-01-18 16:31:00,1.95,13263,United Kingdom,False
556510,23079,TOADSTOOL BEDSIDE LIGHT,4,2011-06-13 10:36:00,8.95,14911,EIRE,False
538153,21895,POTTING SHED SOW 'N' GROW SET,1,2010-12-09 16:31:00,8.47,,United Kingdom,False
575049,22778,GLASS CLOCHE SMALL,4,2011-11-08 12:13:00,3.95,12721,France,False
560782,22993,SET OF 4 PANTRY JELLY MOULDS,12,2011-07-21 10:10:00,1.25,14769,United Kingdom,False
561066,22996,TRAVEL CARD WALLET VINTAGE TICKET,4,2011-07-24 14:21:00,0.42,16710,United Kingdom,False
555162,21918,SET 12 KIDS COLOUR  CHALK STICKS,24,2011-06-01 10:15:00,0.42,12473,Germany,False
561502,23322,LARGE WHITE HEART OF WICKER,18,2011-07-27 14:14:00,2.95,14305,United Kingdom,False
567658,23393,HOME SWEET HOME CUSHION COVER,4,2011-09-21 14:50:00,3.75,14428,United Kingdom,False
578936,21816,CHRISTMAS TREE T-LIGHT HOLDER,2,2011-11-27 13:00:00,1.45,16923,United Kingdom,False
566717,22219,LOVEBIRD HANGING DECORATION WHITE,2,2011-09-14 12:14:00,0.85,17841,United Kingdom,False
571654,85035A,GARDENIA 3 WICK MORRIS BOXED CANDLE,1,2011-10-18 12:17:00,1.25,18118,United Kingdom,False
539444,20971,PINK BLUE FELT CRAFT TRINKET BOX,12,2010-12-17 15:52:00,1.25,14146,United Kingdom,False
578827,22629,SPACEBOY LUNCH BOX,4,2011-11-25 14:25:00,4.13,,United Kingdom,False
542373,22906,12 MESSAGE CARDS WITH ENVELOPES,12,2011-01-27 13:38:00,1.65,16767,United Kingdom,False
554106,22379,RECYCLING BAG RETROSPOT,5,2011-05-22 14:05:00,2.1,12710,Germany,False
562560,21738,COSY SLIPPER SHOES SMALL  RED,1,2011-08-05 17:12:00,2.95,14156,EIRE,False
545557,POST,POSTAGE,1,2011-03-03 15:30:00,18.0,12500,Germany,False
579670,16169E,WRAP 50'S  CHRISTMAS,25,2011-11-30 12:36:00,0.42,15611,United Kingdom,False
577826,22781,GUMBALL MAGAZINE RACK,2,2011-11-22 09:43:00,7.65,17600,United Kingdom,False
560701,85099B,JUMBO BAG RED RETROSPOT,1,2011-07-20 12:45:00,2.08,16729,United Kingdom,False
562717,23292,SPACEBOY CHILDRENS CUP,1,2011-08-08 15:42:00,2.46,,United Kingdom,False
540351,22951,60 CAKE CASES DOLLY GIRL DESIGN,24,2011-01-06 14:26:00,0.55,12735,France,False
550986,21654,RIDGED GLASS FINGER BOWL,1,2011-04-21 18:06:00,1.63,,United Kingdom,False
566572,21539,RED RETROSPOT BUTTER DISH,3,2011-09-13 12:52:00,4.95,13488,United Kingdom,False
580983,21577,SAVE THE PLANET COTTON TOTE BAG,1,2011-12-06 16:26:00,4.96,,United Kingdom,False
553890,85202,HANGING WOOD AND FELT HEART,1,2011-05-19 16:32:00,0.79,,United Kingdom,False
551283,22083,PAPER CHAIN KIT RETROSPOT,4,2011-04-27 14:01:00,2.95,16755,United Kingdom,False
573339,22582,PACK OF 6 SWEETIE GIFT BOXES,3,2011-10-30 11:49:00,2.55,13278,United Kingdom,False
551059,84279B,CHERRY BLOSSOM DECORATIVE FLASK,4,2011-04-26 12:08:00,3.75,13668,United Kingdom,False
546850,21735,TWO DOOR CURIO CABINET,1,2011-03-17 13:20:00,12.75,13268,United Kingdom,False
567822,23349,ROLL WRAP VINTAGE CHRISTMAS,24,2011-09-22 12:54:00,1.25,17644,United Kingdom,False
571556,23545,WRAP RED VINTAGE DOILY,25,2011-10-18 09:24:00,0.42,12662,Germany,False
572125,23426,METAL SIGN DROP YOUR PANTS,12,2011-10-21 08:57:00,2.89,16156,United Kingdom,False
562379,22619,SET OF 6 SOLDIER SKITTLES,4,2011-08-04 15:17:00,3.75,15134,United Kingdom,False
538071,22585,PACK OF 6 BIRDY GIFT TAGS,1,2010-12-09 14:09:00,0.0,,United Kingdom,False
572292,23513,EMBROIDERED RIBBON REEL SUSIE,3,2011-10-23 12:56:00,2.08,16017,United Kingdom,False
575073,22909,SET OF 20 VINTAGE CHRISTMAS NAPKINS,6,2011-11-08 13:10:00,0.85,13975,United Kingdom,False
548715,22653,BUTTON BOX,16,2011-04-03 15:22:00,1.95,17758,United Kingdom,False
558057,22297,HEART IVORY TRELLIS SMALL,24,2011-06-24 14:57:00,1.25,15665,United Kingdom,False
538071,22479,DAISY GARDEN MARKER,1,2010-12-09 14:09:00,2.51,,United Kingdom,False
C570828,90022,EDWARDIAN DROP EARRINGS JET BLACK,-4,2011-10-12 13:15:00,3.75,14911,EIRE,True
538177,84692,BOX OF 24 COCKTAIL PARASOLS,3,2010-12-10 09:51:00,0.85,,United Kingdom,False
546888,17012B,ORIGAMI JASMINE INCENSE/CANDLE SET,2,2011-03-17 18:15:00,2.46,,United Kingdom,False
576092,23581,JUMBO BAG PAISLEY PARK,20,2011-11-14 09:00:00,2.08,18263,United Kingdom,False
572735,20711,JUMBO BAG TOYS,10,2011-10-25 15:36:00,2.08,15630,United Kingdom,False
571652,21912,VINTAGE SNAKES & LADDERS,4,2011-10-18 12:17:00,3.75,,Hong Kong,False
564559,85017B,ENVELOPE 50 BLOSSOM IMAGES,12,2011-08-26 09:37:00,0.42,15811,United Kingdom,False
542603,21670,BLUE SPOT CERAMIC DRAWER KNOB,12,2011-01-30 12:09:00,1.25,16985,United Kingdom,False
561471,20725,LUNCH BAG RED RETROSPOT,20,2011-07-27 13:14:00,1.65,14911,EIRE,False
565919,16219,HOUSE SHAPE PENCIL SHARPENER,1,2011-09-07 16:48:00,0.83,,United Kingdom,False
550827,22255,FELT TOADSTOOL  SMALL,24,2011-04-21 10:16:00,0.85,12670,France,False
550210,21935,SUKI  SHOULDER BAG,3,2011-04-15 10:40:00,4.13,,United Kingdom,False
554697,23300,GARDENERS KNEELING PAD CUP OF TEA,3,2011-05-25 17:31:00,1.65,14584,United Kingdom,False
557676,23052,RECYCLED ACAPULCO MAT TURQUOISE,2,2011-06-22 10:28:00,8.25,15804,United Kingdom,False
546182,85206A,CREAM FELT EASTER EGG BASKET,6,2011-03-10 10:53:00,1.65,14334,United Kingdom,False
569729,22120,WELCOME  WOODEN BLOCK LETTERS,3,2011-10-06 09:43:00,9.95,16350,United Kingdom,False
548500,20685,DOORMAT RED RETROSPOT,1,2011-03-31 13:49:00,7.95,17071,United Kingdom,False
565928,22989,SET 2 PANTRY DESIGN TEA TOWELS,6,2011-09-08 10:09:00,3.25,,EIRE,False
539014,M,MANUAL,48,2010-12-15 13:37:00,0.32,17692,United Kingdom,False
575957,22115,METAL SIGN EMPIRE TEA,2,2011-11-13 12:19:00,0.79,13170,United Kingdom,False
559046,71477,COLOUR GLASS. STAR T-LIGHT HOLDER,12,2011-07-05 15:41:00,3.25,14352,United Kingdom,False
536798,82583,HOT BATHS METAL SIGN,12,2010-12-02 15:55:00,2.1,17838,United Kingdom,False
570496,21326,AGED GLASS SILVER T-LIGHT HOLDER,60,2011-10-11 09:05:00,0.65,16422,United Kingdom,False
542998,22670,FRENCH WC SIGN BLUE METAL,1,2011-02-02 12:16:00,2.46,,United Kingdom,False
575607,22419,LIPSTICK PEN RED,28,2011-11-10 12:37:00,0.83,14096,United Kingdom,False
578827,23319,BOX OF 6 MINI 50'S CRACKERS,1,2011-11-25 14:25:00,4.96,,United Kingdom,False
576339,22489,PACK OF 12 TRADITIONAL CRAYONS,6,2011-11-14 15:27:00,0.83,14096,United Kingdom,False
548203,84978,HANGING HEART JAR T-LIGHT HOLDER,118,2011-03-29 16:41:00,2.95,,United Kingdom,False
581214,22969,HOMEMADE JAM SCENTED CANDLES,60,2011-12-08 08:32:00,1.45,14251,United Kingdom,False
544778,21692,SILVER LATTICE VANILLA CANDLE POT,3,2011-02-23 12:03:00,3.75,14978,United Kingdom,False
543345,90036D,"FLOWER GLASS GARLAND NECKL.36""BLACK",1,2011-02-07 12:29:00,7.9,,United Kingdom,False
539738,84946,ANTIQUE SILVER TEA GLASS ETCHED,3,2010-12-21 15:19:00,2.51,,United Kingdom,False
544970,20981,12 PENCILS TALL TUBE WOODLAND,12,2011-02-25 11:33:00,0.85,13362,United Kingdom,False
542624,85114c,RED ENCHANTED FOREST PLACEMAT,6,2011-01-31 09:48:00,3.29,,United Kingdom,False
541670,22138,BAKING SET 9 PIECE RETROSPOT,24,2011-01-20 12:34:00,4.25,14911,EIRE,False
574682,22743,MAKE YOUR OWN FLOWERPOWER CARD KIT,1,2011-11-06 12:44:00,2.95,14963,United Kingdom,False
557753,21042,RED RETROSPOT APRON,2,2011-06-22 13:00:00,5.95,17877,United Kingdom,False
547650,85152,HAND OVER THE CHOCOLATE   SIGN,1,2011-03-24 12:08:00,2.1,17059,United Kingdom,False
541696,22223,CAKE PLATE LOVEBIRD PINK,8,2011-01-20 18:08:00,4.13,,United Kingdom,False
568060,23274,STAR T-LIGHT HOLDER WILLIE WINKIE,3,2011-09-23 13:11:00,1.65,14546,United Kingdom,False
580367,22365,DOORMAT RESPECTABLE HOUSE,1,2011-12-02 16:39:00,15.79,,United Kingdom,False
564661,23128,FELTCRAFT BOY JEAN-PAUL KIT,4,2011-08-26 14:45:00,4.95,12948,United Kingdom,False
575087,23343,JUMBO BAG VINTAGE CHRISTMAS,1,2011-11-08 13:57:00,2.08,16549,United Kingdom,False
579832,22835,HOT WATER BOTTLE I AM SO POORLY,4,2011-11-30 15:58:00,4.95,17434,United Kingdom,False
578065,22578,WOODEN STAR CHRISTMAS SCANDINAVIAN,9,2011-11-22 15:41:00,0.83,,United Kingdom,False
577770,23247,BISCUIT TIN 50'S CHRISTMAS,12,2011-11-21 15:33:00,2.89,13282,United Kingdom,False
575504,22993,SET OF 4 PANTRY JELLY MOULDS,12,2011-11-10 10:29:00,1.25,14895,United Kingdom,False
579414,22734,SET OF 6 RIBBONS VINTAGE CHRISTMAS,5,2011-11-29 12:52:00,2.89,14719,United Kingdom,False
577484,21108,FAIRY CAKE FLANNEL ASSORTED COLOUR,63,2011-11-20 11:52:00,0.79,13536,United Kingdom,False
541965,21508,VINTAGE KID DOLLY CARD,12,2011-01-24 13:27:00,0.42,12625,Germany,False
537265,22098,BOUDOIR SQUARE TISSUE BOX,3,2010-12-06 11:26:00,1.25,15919,United Kingdom,False
574066,85150,LADIES & GENTLEMEN METAL SIGN,18,2011-11-02 14:50:00,2.55,13183,United Kingdom,False
555284,23161,REGENCY CAKE FORK,12,2011-06-02 09:37:00,1.04,14298,United Kingdom,False
578844,22818,CARD CHRISTMAS VILLAGE,14,2011-11-25 16:14:00,0.42,,United Kingdom,False
581414,22319,HAIRCLIPS FORTIES FABRIC ASSORTED,24,2011-12-08 14:39:00,0.19,14730,United Kingdom,False
572540,21116,OWL DOORSTOP,1,2011-10-24 16:17:00,8.29,,United Kingdom,False
551468,22819,"BIRTHDAY CARD, RETRO SPOT",1,2011-04-28 16:21:00,0.83,,United Kingdom,False
571106,21756,BATH BUILDING BLOCK WORD,5,2011-10-13 16:14:00,6.25,14976,United Kingdom,False
540278,21484,CHICK GREY HOT WATER BOTTLE,1,2011-01-06 12:31:00,3.45,15719,United Kingdom,False
546520,21062,PARTY INVITES SPACEMAN,12,2011-03-14 12:28:00,0.85,14911,EIRE,False
543832,22855,FINE WICKER HEART,12,2011-02-14 10:10:00,1.25,13381,United Kingdom,False
555853,23176,ABC TREASURE BOOK BOX,1,2011-06-07 13:44:00,2.25,14375,United Kingdom,False
548648,22478,BIRDHOUSE GARDEN MARKER,10,2011-04-01 13:20:00,1.25,12949,United Kingdom,False
552969,21891,TRADITIONAL WOODEN SKIPPING ROPE,12,2011-05-12 13:37:00,1.45,14021,United Kingdom,False
575740,22579,WOODEN TREE CHRISTMAS SCANDINAVIAN,24,2011-11-11 09:25:00,0.29,18130,United Kingdom,False
545071,22705,WRAP GREEN PEARS,25,2011-02-27 15:59:00,0.42,15996,United Kingdom,False
569848,23343,JUMBO BAG VINTAGE CHRISTMAS,10,2011-10-06 13:48:00,2.08,16316,United Kingdom,False
545895,22516,CHILDS GARDEN RAKE BLUE,1,2011-03-07 17:14:00,4.13,,United Kingdom,False
554968,22427,ENAMEL FLOWER JUG CREAM,1,2011-05-27 16:24:00,5.95,17961,United Kingdom,False
537638,20723,STRAWBERRY CHARLOTTE BAG,1,2010-12-07 15:28:00,1.66,,United Kingdom,False
578344,22377,BOTTLE BAG RETROSPOT,1,2011-11-24 09:21:00,4.13,,United Kingdom,False
574478,23350,ROLL WRAP VINTAGE SPOT,1,2011-11-04 12:27:00,1.25,17203,United Kingdom,False
578844,23176,ABC TREASURE BOOK BOX,2,2011-11-25 16:14:00,4.58,,United Kingdom,False
564165,23092,LARGE ANTIQUE WHITE PHOTO FRAME,4,2011-08-23 13:35:00,7.9,13593,United Kingdom,False
567507,21912,VINTAGE SNAKES & LADDERS,2,2011-09-20 14:46:00,7.46,,United Kingdom,False
572284,23291,DOLLY GIRL CHILDRENS CUP,4,2011-10-23 12:08:00,1.25,16744,United Kingdom,False
554906,22784,LANTERN CREAM GAZEBO,3,2011-05-27 11:41:00,4.95,14194,United Kingdom,False
567901,22433,WATERING CAN GREEN DINOSAUR,1,2011-09-22 16:28:00,4.13,,United Kingdom,False
560368,22999,TRAVEL CARD WALLET VINTAGE LEAF,10,2011-07-18 12:25:00,0.42,17841,United Kingdom,False
558774,22920,HERB MARKER BASIL,1,2011-07-04 10:17:00,1.63,,United Kingdom,False
576911,22662,LUNCH BAG DOLLY GIRL DESIGN,1,2011-11-17 10:01:00,1.65,17461,United Kingdom,False
545333,85039B,S/4 IVORY MINI ROSE CANDLE IN BOWL,10,2011-03-01 16:22:00,1.63,,United Kingdom,False
562129,21733,RED HANGING HEART T-LIGHT HOLDER,6,2011-08-03 09:09:00,2.95,13186,United Kingdom,False
565231,20713,JUMBO BAG OWLS,1,2011-09-02 09:26:00,4.13,,United Kingdom,False
574297,85123A,WHITE HANGING HEART T-LIGHT HOLDER,6,2011-11-03 15:54:00,2.95,16602,United Kingdom,False
C557522,23240,SET OF 4 KNICK KNACK TINS DOILEY,-2,2011-06-20 17:23:00,4.15,17193,United Kingdom,True
553525,21136,PAINTED METAL PEARS ASSORTED,6,2011-05-17 14:50:00,1.69,16266,United Kingdom,False
556917,20979,36 PENCILS TUBE RED RETROSPOT,128,2011-06-15 13:37:00,1.06,12415,Australia,False
559055,84536B,FAIRY CAKES NOTEBOOK A7 SIZE,4,2011-07-05 17:09:00,0.42,,United Kingdom,False
563892,22417,PACK OF 60 SPACEBOY CAKE CASES,1,2011-08-19 17:08:00,0.55,16330,United Kingdom,False
558501,23014,GLASS APOTHECARY BOTTLE ELIXIR,4,2011-06-30 10:19:00,3.95,13871,United Kingdom,False
555570,22433,WATERING CAN GREEN DINOSAUR,6,2011-06-05 15:36:00,1.95,15152,United Kingdom,False
575728,22580,ADVENT CALENDAR GINGHAM SACK,3,2011-11-10 19:40:00,5.95,14911,EIRE,False
574262,22619,SET OF 6 SOLDIER SKITTLES,4,2011-11-03 14:05:00,3.75,13721,United Kingdom,False
575930,21703,BAG 125G SWIRLY MARBLES,3,2011-11-11 17:58:00,0.83,,United Kingdom,False
561879,22725,ALARM CLOCK BAKELIKE CHOCOLATE,4,2011-07-31 12:43:00,3.75,13722,United Kingdom,False
581498,22663,JUMBO BAG DOLLY GIRL DESIGN,2,2011-12-09 10:26:00,4.13,,United Kingdom,False
551395,22796,PHOTO FRAME 3 CLASSIC HANGING,2,2011-04-28 12:47:00,9.95,14271,United Kingdom,False
555737,21479,WHITE SKULL HOT WATER BOTTLE,4,2011-06-07 09:19:00,3.75,16153,United Kingdom,False
538397,22025,RING OF ROSES BIRTHDAY CARD,72,2010-12-12 11:44:00,0.36,12753,Japan,False
564526,22993,SET OF 4 PANTRY JELLY MOULDS,12,2011-08-25 14:50:00,1.25,15805,United Kingdom,False
568062,35964,FOLKART CLIP ON STARS,36,2011-09-23 13:18:00,0.39,14014,United Kingdom,False
561218,23251,VINTAGE RED ENAMEL TRIM MUG,6,2011-07-25 17:11:00,2.46,,United Kingdom,False
558104,22469,HEART OF WICKER SMALL,3,2011-06-26 14:28:00,1.65,13668,United Kingdom,False
546687,84879,ASSORTED COLOUR BIRD ORNAMENT,24,2011-03-16 09:58:00,1.69,16040,United Kingdom,False
538353,84970L,SINGLE HEART ZINC T-LIGHT HOLDER,4,2010-12-10 15:31:00,0.95,13798,United Kingdom,False
550458,22685,FRENCH BLUE METAL DOOR SIGN 0,1,2011-04-18 13:13:00,2.46,,United Kingdom,False
544200,84997B,RED 3 PIECE RETROSPOT CUTLERY SET,4,2011-02-17 10:08:00,4.15,12494,France,False
579980,22577,WOODEN HEART CHRISTMAS SCANDINAVIAN,10,2011-12-01 11:16:00,0.29,13263,United Kingdom,False
542617,84997A,GREEN 3 PIECE POLKADOT CUTLERY SET,3,2011-01-30 15:48:00,3.75,17463,United Kingdom,False
555567,23167,SMALL CERAMIC TOP STORAGE JAR,12,2011-06-05 15:25:00,0.83,17050,United Kingdom,False
578088,22227,HANGING HEART MIRROR DECORATION,6,2011-11-22 16:47:00,0.65,16376,United Kingdom,False
577855,21989,PACK OF 20 SKULL PAPER NAPKINS,2,2011-11-22 11:18:00,0.85,15877,United Kingdom,False
562449,22219,LOVEBIRD HANGING DECORATION WHITE,6,2011-08-04 20:01:00,0.85,14562,United Kingdom,False
546421,22355,CHARLOTTE BAG SUKI DESIGN,30,2011-03-13 11:21:00,0.85,13700,United Kingdom,False
561584,22149,FELTCRAFT 6 FLOWER FRIENDS,6,2011-07-28 10:38:00,2.1,13534,United Kingdom,False
581193,23265,SET OF 3 WOODEN TREE DECORATIONS,2,2011-12-07 17:05:00,1.25,17097,Spain,False
552675,23199,JUMBO BAG APPLES,1,2011-05-10 15:07:00,4.13,,United Kingdom,False
539275,22423,REGENCY CAKESTAND 3 TIER,16,2010-12-16 15:34:00,10.95,13408,United Kingdom,False
563353,22636,CHILDS BREAKFAST SET CIRCUS PARADE,4,2011-08-15 14:32:00,8.5,15480,Malta,False
536857,22558,CLOTHES PEGS RETROSPOT PACK 24,2,2010-12-03 10:33:00,1.49,16883,United Kingdom,False
580965,23170,REGENCY TEA PLATE ROSES,12,2011-12-06 14:52:00,1.65,12417,Belgium,False
C580174,20961,STRAWBERRY BATH SPONGE,-50,2011-12-02 11:45:00,1.25,14126,United Kingdom,True
537823,22801,ANTIQUE GLASS PEDESTAL BOWL,1,2010-12-08 14:25:00,7.62,,United Kingdom,False
557315,22117,METAL SIGN HER DINNER IS SERVED,1,2011-06-19 16:02:00,2.95,15535,United Kingdom,False
568145,22086,PAPER CHAIN KIT 50'S CHRISTMAS,12,2011-09-25 11:30:00,2.95,12388,Australia,False
548893,22247,BUNNY DECORATION MAGIC GARDEN,1,2011-04-04 15:54:00,1.63,,United Kingdom,False
575731,22470,HEART OF WICKER LARGE,2,2011-11-10 20:01:00,2.95,13230,United Kingdom,False
553351,21559,STRAWBERRY LUNCH BOX WITH CUTLERY,2,2011-05-16 13:35:00,2.55,18118,United Kingdom,False
576076,22608,PENS ASSORTED FUNKY JEWELED,72,2011-11-13 16:18:00,0.19,14382,United Kingdom,False
576339,22376,AIRLINE BAG VINTAGE JET SET WHITE,1,2011-11-14 15:27:00,8.29,14096,United Kingdom,False
572726,23378,PACK OF 12 50'S CHRISTMAS TISSUES,12,2011-10-25 15:19:00,0.39,16056,United Kingdom,False
540418,84748,FOLK FELT HANGING MULTICOL GARLAND,7,2011-01-07 11:04:00,2.51,,United Kingdom,False
562688,21867,PINK UNION JACK  LUGGAGE TAG,3,2011-08-08 13:53:00,1.25,13869,United Kingdom,False
568411,22697,GREEN REGENCY TEACUP AND SAUCER,4,2011-09-27 10:52:00,5.79,,United Kingdom,False
539730,22784,LANTERN CREAM GAZEBO,3,2010-12-21 14:54:00,4.95,13487,United Kingdom,False
552539,21977,PACK OF 60 PINK PAISLEY CAKE CASES,24,2011-05-10 10:17:00,0.55,,EIRE,False
574298,22961,JAM MAKING SET PRINTED,3,2011-11-03 15:56:00,3.29,,United Kingdom,False
576840,22593,CHRISTMAS GINGHAM STAR,1,2011-11-16 15:23:00,1.63,,United Kingdom,False
553088,21931,JUMBO STORAGE BAG SUKI,100,2011-05-13 11:53:00,1.79,16180,United Kingdom,False
581164,22114,HOT WATER BOTTLE TEA AND SYMPATHY,3,2011-12-07 14:34:00,4.25,14395,United Kingdom,False
581216,23582,VINTAGE DOILY JUMBO BAG RED,30,2011-12-08 09:06:00,2.08,16523,United Kingdom,False
572329,22430,ENAMEL WATERING CAN CREAM,4,2011-10-24 10:13:00,4.95,14019,United Kingdom,False
541215,22457,NATURAL SLATE HEART CHALKBOARD,12,2011-01-14 13:42:00,2.95,14329,United Kingdom,False
554371,20936,FORKED CACTUS CANDLE,6,2011-05-24 10:42:00,2.95,17659,United Kingdom,False
556576,15056N,EDWARDIAN PARASOL NATURAL,1,2011-06-13 13:55:00,5.95,14606,United Kingdom,False
572030,22644,CERAMIC CHERRY CAKE MONEY BANK,12,2011-10-20 11:51:00,1.45,14923,United Kingdom,False
566094,22698,PINK REGENCY TEACUP AND SAUCER,1,2011-09-09 10:42:00,2.95,17965,United Kingdom,False
543007,21326,AGED GLASS SILVER T-LIGHT HOLDER,12,2011-02-02 12:54:00,0.65,13894,United Kingdom,False
561618,84077,WORLD WAR 2 GLIDERS ASSTD DESIGNS,48,2011-07-28 13:28:00,0.29,18172,United Kingdom,False
573138,23583,LUNCH BAG PAISLEY PARK,7,2011-10-27 17:22:00,1.65,15023,United Kingdom,False
577297,22801,ANTIQUE GLASS PEDESTAL BOWL,1,2011-11-18 12:48:00,3.75,14593,United Kingdom,False
566564,22629,SPACEBOY LUNCH BOX,1,2011-09-13 12:26:00,1.95,15522,United Kingdom,False
564650,23290,SPACEBOY CHILDRENS BOWL,144,2011-08-26 14:17:00,1.05,14646,Netherlands,False
577549,21381,MINI WOODEN HAPPY BIRTHDAY GARLAND,1,2011-11-20 15:00:00,1.69,17841,United Kingdom,False
547209,84380,SET OF 3 BUTTERFLY COOKIE CUTTERS,12,2011-03-21 14:44:00,1.25,13081,United Kingdom,False
574682,22898,CHILDRENS APRON APPLES DESIGN,3,2011-11-06 12:44:00,1.95,14963,United Kingdom,False
576880,22554,PLASTERS IN TIN WOODLAND ANIMALS,12,2011-11-16 17:03:00,1.65,14911,EIRE,False
560120,23253,16 PIECE CUTLERY SET PANTRY DESIGN,6,2011-07-15 10:27:00,15.95,14907,United Kingdom,False
557898,84077,WORLD WAR 2 GLIDERS ASSTD DESIGNS,48,2011-06-23 14:35:00,0.29,17314,United Kingdom,False
561515,23293,SET OF 12 FAIRY CAKE BAKING CASES,1,2011-07-27 15:16:00,2.46,,United Kingdom,False
560093,23210,WHITE ROCKING HORSE HAND PAINTED,24,2011-07-14 17:11:00,1.25,14461,United Kingdom,False
580403,21754,HOME BUILDING BLOCK WORD,2,2011-12-04 11:56:00,6.25,17858,United Kingdom,False
539750,22379,RECYCLING BAG RETROSPOT,23,2010-12-21 15:40:00,5.06,,United Kingdom,False
577798,22910,PAPER CHAIN KIT VINTAGE CHRISTMAS,10,2011-11-21 16:54:00,2.95,17757,United Kingdom,False
580727,22261,FELT EGG COSY WHITE RABBIT,2,2011-12-05 17:17:00,1.63,14096,United Kingdom,False
542906,22383,LUNCH BAG SUKI  DESIGN,5,2011-02-01 15:12:00,4.13,,United Kingdom,False
C556643,22893,MINI CAKE STAND T-LIGHT HOLDER,-2,2011-06-13 15:48:00,0.42,17841,United Kingdom,True
568050,20974,12 PENCILS SMALL TUBE SKULL,7,2011-09-23 12:38:00,0.65,15901,United Kingdom,False
541816,85040A,S/4 PINK FLOWER CANDLES IN BOWL,4,2011-01-21 15:57:00,1.65,17799,United Kingdom,False
574716,22161,HEART DECORATION RUSTIC HANGING,1,2011-11-06 14:33:00,0.19,14502,United Kingdom,False
557251,22985,WRAP BILLBOARD FONTS DESIGN,25,2011-06-17 16:07:00,0.42,14085,United Kingdom,False
553860,84912A,PINK ROSE WASHBAG,1,2011-05-19 13:57:00,3.75,17841,United Kingdom,False
544598,21775,DECORATIVE FLORE BATHROOM BOTTLE,1,2011-02-21 18:10:00,2.46,,United Kingdom,False
569695,22328,ROUND SNACK BOXES SET OF 4 FRUITS,6,2011-10-05 15:35:00,2.95,16843,United Kingdom,False
539213,22530,MAGIC DRAWING SLATE DOLLY GIRL,24,2010-12-16 12:23:00,0.42,12877,United Kingdom,False
542107,82600,NO SINGING METAL SIGN,6,2011-01-25 13:38:00,2.1,16222,United Kingdom,False
C570867,23290,SPACEBOY CHILDRENS BOWL,-8,2011-10-12 16:17:00,1.25,12607,USA,True
555722,22109,FULL ENGLISH BREAKFAST PLATE,1,2011-06-06 16:06:00,7.46,,United Kingdom,False
576618,22539,MINI JIGSAW DOLLY GIRL,1,2011-11-15 17:00:00,0.83,,United Kingdom,False
559038,21714,CITRONELLA CANDLE GARDEN POT,30,2011-07-05 15:31:00,3.29,,United Kingdom,False
559894,22367,CHILDRENS APRON SPACEBOY DESIGN,1,2011-07-13 12:06:00,1.95,14159,United Kingdom,False
574310,22367,CHILDRENS APRON SPACEBOY DESIGN,6,2011-11-03 16:56:00,1.95,13467,United Kingdom,False
549099,21875,KINGS CHOICE MUG,1,2011-04-06 11:07:00,1.25,16241,United Kingdom,False
570688,21967,PACK OF 12 SKULL TISSUES,1,2011-10-11 16:29:00,0.83,,United Kingdom,False
539740,21100,CHARLIE AND LOLA CHARLOTTE BAG,1,2010-12-21 15:20:00,4.21,,United Kingdom,False
544662,85014B,RED RETROSPOT UMBRELLA,1,2011-02-22 14:10:00,5.95,12845,United Kingdom,False
570242,85180A,RED HEARTS LIGHT CHAIN,1,2011-10-09 15:40:00,4.65,16380,United Kingdom,False
544356,22549,PICTURE DOMINOES,12,2011-02-18 11:18:00,1.45,13904,United Kingdom,False
563557,22089,PAPER BUNTING VINTAGE PAISLEY,6,2011-08-17 13:33:00,2.95,15786,United Kingdom,False
574074,22653,BUTTON BOX,5,2011-11-02 15:33:00,1.63,,United Kingdom,False
572865,22487,WHITE WOOD GARDEN PLANT LADDER,1,2011-10-26 13:01:00,9.95,17841,United Kingdom,False
573311,22367,CHILDRENS APRON SPACEBOY DESIGN,1,2011-10-28 16:45:00,1.95,14071,United Kingdom,False
559357,23182,TOILET SIGN OCCUPIED OR VACANT,3,2011-07-07 18:56:00,0.83,17107,United Kingdom,False
543172,84970s,HANGING HEART ZINC T-LIGHT HOLDER,3,2011-02-04 09:11:00,2.08,,United Kingdom,False
539631,DCGS0076,SUNJAR LED NIGHT NIGHT LIGHT,2,2010-12-20 15:03:00,16.13,,United Kingdom,False
575975,22910,PAPER CHAIN KIT VINTAGE CHRISTMAS,6,2011-11-13 13:18:00,2.95,13536,United Kingdom,False
547249,84978,HANGING HEART JAR T-LIGHT HOLDER,2,2011-03-22 09:27:00,2.46,,United Kingdom,False
565617,21084,SET/6 COLLAGE PAPER CUPS,2,2011-09-05 15:30:00,0.83,,United Kingdom,False
551843,22417,PACK OF 60 SPACEBOY CAKE CASES,24,2011-05-04 13:57:00,0.55,16094,United Kingdom,False
540826,20712,JUMBO BAG WOODLAND ANIMALS,10,2011-01-11 14:00:00,1.95,13102,United Kingdom,False
542360,22328,ROUND SNACK BOXES SET OF 4 FRUITS,2,2011-01-27 12:40:00,2.95,14701,United Kingdom,False
573122,23380,PACK OF 12 VINTAGE DOILY TISSUES,4,2011-10-27 16:23:00,0.39,14357,United Kingdom,False
575748,23204,CHARLOTTE BAG APPLES DESIGN,22,2011-11-11 10:21:00,2.46,,United Kingdom,False
559311,23199,JUMBO BAG APPLES,20,2011-07-07 13:35:00,1.95,14459,United Kingdom,False
578629,22943,,24,2011-11-24 15:56:00,0.0,,United Kingdom,False
556408,22646,CERAMIC STRAWBERRY CAKE MONEY BANK,4,2011-06-10 11:54:00,1.45,13533,United Kingdom,False
550916,22851,SET 20 NAPKINS FAIRY CAKES DESIGN,24,2011-04-21 13:39:00,0.85,17718,United Kingdom,False
540977,22250,DECORATION  BUTTERFLY  MAGIC GARDEN,4,2011-01-12 15:01:00,0.81,,United Kingdom,False
541871,22037,ROBOT BIRTHDAY CARD,1,2011-01-24 09:41:00,0.83,,United Kingdom,False
579039,23344,JUMBO BAG 50'S CHRISTMAS,30,2011-11-28 10:23:00,2.08,17031,United Kingdom,False
540395,22428,ENAMEL FIRE BUCKET CREAM,2,2011-01-06 18:24:00,6.95,14702,United Kingdom,False
570241,20992,JAZZ HEARTS PURSE NOTEBOOK,6,2011-10-09 15:24:00,0.39,14801,United Kingdom,False
543182,22726,ALARM CLOCK BAKELIKE GREEN,3,2011-02-04 10:40:00,7.46,,United Kingdom,False
572772,35970,ZINC FOLKART SLEIGH BELLS,72,2011-10-26 10:29:00,1.49,17511,United Kingdom,False
558628,23291,DOLLY GIRL CHILDRENS CUP,8,2011-06-30 17:59:00,1.25,12626,Germany,False
538349,21754,HOME BUILDING BLOCK WORD,5,2010-12-10 14:59:00,11.87,,United Kingdom,False
544676,22755,SMALL PURPLE BABUSHKA NOTEBOOK,12,2011-02-22 16:03:00,0.85,17841,United Kingdom,False
566364,21705,BAG 500G SWIRLY MARBLES,12,2011-09-12 12:32:00,1.65,15253,United Kingdom,False
563954,22302,COFFEE MUG PEARS  DESIGN,24,2011-08-22 10:59:00,2.55,16652,United Kingdom,False
552446,23077,DOUGHNUT LIP GLOSS,20,2011-05-09 13:28:00,1.25,16729,United Kingdom,False
555930,84970L,SINGLE HEART ZINC T-LIGHT HOLDER,12,2011-06-08 08:26:00,0.95,14745,United Kingdom,False
548162,22553,PLASTERS IN TIN SKULLS,2,2011-03-29 13:42:00,3.29,,United Kingdom,False
540848,90073,VINTAGE ENAMEL & CRYSTAL EARRINGS,1,2011-01-12 09:26:00,5.09,,United Kingdom,False
566081,22730,ALARM CLOCK BAKELIKE IVORY,4,2011-09-09 10:09:00,3.75,16293,United Kingdom,False
571243,22139,RETROSPOT TEA SET CERAMIC 11 PC,3,2011-10-14 15:26:00,4.95,14595,United Kingdom,False
559139,21500,PINK POLKADOT WRAP,50,2011-07-06 13:41:00,0.42,15061,United Kingdom,False
551718,22926,IVORY GIANT GARDEN THERMOMETER,1,2011-05-03 16:06:00,12.46,,United Kingdom,False
557762,84997B,CHILDRENS CUTLERY RETROSPOT RED,4,2011-06-22 14:01:00,4.15,15810,United Kingdom,False
566270,84031B,CHARLIE LOLA BLUE HOT WATER BOTTLE,3,2011-09-11 13:40:00,4.65,16523,United Kingdom,False
551718,22976,CIRCUS PARADE CHILDRENS EGG CUP,2,2011-05-03 16:06:00,2.46,,United Kingdom,False
547910,22980,PANTRY SCRUBBING BRUSH,2,2011-03-28 12:23:00,1.65,14159,United Kingdom,False
544571,21912,VINTAGE SNAKES & LADDERS,4,2011-02-21 13:07:00,3.75,15146,United Kingdom,False
549154,23049,RECYCLED ACAPULCO MAT RED,2,2011-04-06 16:47:00,8.25,17690,United Kingdom,False
569010,23298,SPOTTY BUNTING,200,2011-09-30 07:36:00,4.15,14156,EIRE,False
C581162,84946,ANTIQUE SILVER T-LIGHT GLASS,-3,2011-12-07 14:32:00,1.06,14739,United Kingdom,True
561686,23112,PARISIENNE CURIO CABINET,2,2011-07-29 08:29:00,7.5,13148,United Kingdom,False
560288,21868,POTTING SHED TEA MUG,24,2011-07-18 10:05:00,1.25,15845,United Kingdom,False
555312,20972,PINK CREAM FELT CRAFT TRINKET BOX,12,2011-06-02 10:39:00,1.25,16484,United Kingdom,False
573481,23168,CLASSIC CAFE SUGAR DISPENSER,12,2011-10-31 11:10:00,1.25,13994,United Kingdom,False
575972,22562,MONSTERS STENCIL CRAFT,1,2011-11-13 13:01:00,1.25,14499,United Kingdom,False
581469,85169C,EAU DE NIL LOVE BIRD CANDLE,2,2011-12-08 19:28:00,1.25,14606,United Kingdom,False
556542,21121,SET/10 RED POLKADOT PARTY CANDLES,3,2011-06-13 12:52:00,1.25,14719,United Kingdom,False
577768,20665,RED RETROSPOT PURSE,1,2011-11-21 15:18:00,5.79,,United Kingdom,False
555017,22782,SET 3 WICKER STORAGE BASKETS,1,2011-05-31 11:14:00,24.95,16801,United Kingdom,False
567533,23313,VINTAGE CHRISTMAS BUNTING,5,2011-09-21 09:45:00,4.95,17651,United Kingdom,False
544412,22526,WHEELBARROW FOR CHILDREN,1,2011-02-18 14:21:00,12.75,16531,United Kingdom,False
540026,21556,CERAMIC STRAWBERRY MONEY BOX,9,2011-01-04 13:25:00,2.51,,United Kingdom,False
559768,15044A,PINK PAPER PARASOL,12,2011-07-12 11:35:00,2.95,13207,United Kingdom,False
576508,22211,WOOD STAMP SET FLOWERS,1,2011-11-15 12:02:00,0.83,17777,United Kingdom,False
554376,22383,LUNCH BAG SUKI DESIGN,2,2011-05-24 11:31:00,1.65,15719,United Kingdom,False
579516,23404,HOME SWEET HOME BLACKBOARD,1,2011-11-29 17:52:00,4.95,17841,United Kingdom,False
566291,85066,CREAM SWEETHEART MINI CHEST,2,2011-09-11 15:31:00,12.75,12965,United Kingdom,False
580260,23355,HOT WATER BOTTLE KEEP CALM,3,2011-12-02 12:36:00,4.95,14085,United Kingdom,False
546774,22662,LUNCH BAG DOLLY GIRL DESIGN,3,2011-03-16 15:45:00,1.65,14505,United Kingdom,False
546403,22722,SET OF 6 SPICE TINS PANTRY DESIGN,8,2011-03-11 15:22:00,3.95,16766,United Kingdom,False
537362,21169,YOU'RE CONFUSING ME METAL SIGN,1,2010-12-06 12:34:00,1.69,17596,United Kingdom,False
578031,21755,LOVE BUILDING BLOCK WORD,3,2011-11-22 13:41:00,6.25,15796,United Kingdom,False
574287,22222,CAKE PLATE LOVEBIRD WHITE,1,2011-11-03 15:09:00,4.95,14723,United Kingdom,False
577511,23227,FILIGREE HEART BUTTERFLY WHITE,2,2011-11-20 12:53:00,1.25,17561,United Kingdom,False
559884,85183A,CHARLIE & LOLA WASTEPAPER BIN BLUE,12,2011-07-13 11:34:00,1.25,16843,United Kingdom,False
567801,23370,SET 36 COLOUR PENCILS DOILEY,16,2011-09-22 12:02:00,1.25,13089,United Kingdom,False
563205,22666,RECIPE BOX PANTRY YELLOW DESIGN,3,2011-08-14 12:03:00,2.95,14040,United Kingdom,False
560893,21791,VINTAGE HEADS AND TAILS CARD GAME,12,2011-07-21 17:08:00,1.25,13804,United Kingdom,False
567507,84559b,3D SHEET OF CAT STICKERS,1,2011-09-20 14:46:00,1.66,,United Kingdom,False
553768,22385,JUMBO BAG SPACEBOY DESIGN,2,2011-05-19 10:47:00,4.13,,United Kingdom,False
539595,21481,FAWN BLUE HOT WATER BOTTLE,11,2010-12-20 13:43:00,2.95,,United Kingdom,False
573420,22720,SET OF 3 CAKE TINS PANTRY DESIGN,6,2011-10-31 09:48:00,4.95,18223,United Kingdom,False
569653,22336,DOVE DECORATION PAINTED ZINC,96,2011-10-05 12:52:00,0.19,12451,Switzerland,False
548260,84992,72 SWEETHEART FAIRY CAKE CASES,2,2011-03-30 11:18:00,0.55,15373,United Kingdom,False
538518,90200E,GREEN SWEETHEART BRACELET,6,2010-12-12 16:14:00,4.25,14505,United Kingdom,False
570871,21990,MODERN FLORAL STATIONERY SET,9,2011-10-12 16:36:00,2.46,,United Kingdom,False
581279,22215,CAKE STAND WHITE TWO TIER LACE,12,2011-12-08 11:35:00,2.95,12437,France,False
553838,22755,SMALL PURPLE BABUSHKA NOTEBOOK,24,2011-05-19 12:10:00,0.85,12620,France,False
581216,22599,CHRISTMAS MUSICAL ZINC STAR,48,2011-12-08 09:06:00,0.29,16523,United Kingdom,False
539453,22534,MAGIC DRAWING SLATE SPACEBOY,1,2010-12-17 17:08:00,0.85,,United Kingdom,False
572098,85099B,JUMBO BAG RED RETROSPOT,10,2011-10-20 15:38:00,2.08,15117,United Kingdom,False
540154,85088,CANDY SPOT HAND BAG,3,2011-01-05 11:30:00,1.66,,United Kingdom,False
547042,90201A,PURPLE ENAMEL FLOWER RING,1,2011-03-20 11:00:00,2.9,,United Kingdom,False
575930,22421,LIPSTICK PEN FUSCHIA,2,2011-11-11 17:58:00,0.83,,United Kingdom,False
565467,21205,MULTICOLOUR 3D BALLS GARLAND,12,2011-09-05 09:49:00,2.55,14129,United Kingdom,False
549188,22472,TV DINNER TRAY DOLLY GIRL,3,2011-04-07 10:10:00,4.95,13731,United Kingdom,False
554054,22423,REGENCY CAKESTAND 3 TIER,2,2011-05-20 15:29:00,24.96,,United Kingdom,False
566786,22411,JUMBO SHOPPER VINTAGE RED PAISLEY,10,2011-09-15 10:29:00,2.08,13518,United Kingdom,False
580688,22083,PAPER CHAIN KIT RETROSPOT,2,2011-12-05 15:38:00,2.95,15550,United Kingdom,False
569001,22652,TRAVEL SEWING KIT,10,2011-09-29 17:52:00,1.65,12703,Germany,False
539087,84050,PINK HEART SHAPE EGG FRYING PAN,48,2010-12-16 09:44:00,1.65,13093,United Kingdom,False
561288,21500,PINK POLKADOT WRAP,25,2011-07-26 12:26:00,0.42,13379,United Kingdom,False
574740,22070,SMALL RED RETROSPOT MUG IN BOX,36,2011-11-06 16:07:00,3.39,12357,Switzerland,False
570871,22129,PARTY CONES CANDY DECORATION,1,2011-10-12 16:36:00,2.46,,United Kingdom,False
565397,22210,WOOD STAMP SET BEST WISHES,1,2011-09-02 16:43:00,0.83,14171,United Kingdom,False
567670,22602,RETROSPOT WOODEN HEART DECORATION,1,2011-09-21 15:32:00,1.63,,United Kingdom,False
564818,10133,COLOURING PENCILS BROWN TUBE,3,2011-08-30 12:10:00,0.83,,United Kingdom,False
574328,21497,FANCY FONTS BIRTHDAY WRAP,25,2011-11-04 09:05:00,0.42,13081,United Kingdom,False
545688,22188,BLACK HEART CARD HOLDER,1,2011-03-06 12:42:00,3.95,16033,United Kingdom,False
573248,23354,6 GIFT TAGS 50'S CHRISTMAS,10,2011-10-28 12:09:00,0.83,14498,United Kingdom,False
555567,21792,CLASSIC FRENCH STYLE BASKET GREEN,2,2011-06-05 15:25:00,3.95,17050,United Kingdom,False
562200,22424,ENAMEL BREAD BIN CREAM,1,2011-08-03 12:21:00,12.75,17719,United Kingdom,False
539006,21463,MIRRORED DISCO BALL,4,2010-12-15 12:54:00,5.95,15101,United Kingdom,False
564062,82494L,WOODEN FRAME ANTIQUE WHITE,12,2011-08-22 14:41:00,2.95,17706,United Kingdom,False
571257,85168B,BLACK BAROQUE CARRIAGE CLOCK,1,2011-10-14 17:17:00,8.29,,United Kingdom,False
540468,47585A,PINK FAIRY CAKE CUSHION COVER,4,2011-01-07 13:55:00,4.21,,United Kingdom,False
567197,21098,CHRISTMAS TOILET ROLL,12,2011-09-19 10:10:00,1.25,14934,Channel Islands,False
562770,22629,SPACEBOY LUNCH BOX,12,2011-08-09 11:56:00,1.95,17139,United Kingdom,False
564433,20727,LUNCH BAG  BLACK SKULL.,10,2011-08-25 11:46:00,1.65,16503,United Kingdom,False
559055,21211,SET OF 72 SKULL PAPER  DOILIES,3,2011-07-05 17:09:00,1.25,,United Kingdom,False
571046,51014L,"FEATHER PEN,LIGHT PINK",12,2011-10-13 13:35:00,0.39,18096,United Kingdom,False
547038,22499,WOODEN UNION JACK BUNTING,18,2011-03-20 10:51:00,5.95,15703,United Kingdom,False
558757,21609,SET 12 LAVENDER  BOTANICAL T-LIGHTS,3,2011-07-03 12:22:00,2.95,13148,United Kingdom,False
576771,23264,SET OF 3 WOODEN SLEIGH DECORATIONS,12,2011-11-16 13:19:00,1.25,13285,United Kingdom,False
573038,23203,JUMBO BAG VINTAGE DOILY,1,2011-10-27 13:48:00,2.08,17545,United Kingdom,False
560225,85123A,WHITE HANGING HEART T-LIGHT HOLDER,4,2011-07-15 16:27:00,5.79,,United Kingdom,False
568650,22452,MEASURING TAPE BABUSHKA PINK,6,2011-09-28 11:56:00,2.95,13505,Switzerland,False
575076,23660,HENRIETTA HEN MUG,12,2011-11-08 13:20:00,1.65,16639,United Kingdom,False
578067,22835,HOT WATER BOTTLE I AM SO POORLY,1,2011-11-22 15:43:00,10.79,,United Kingdom,False
553527,22729,ALARM CLOCK BAKELIKE ORANGE,8,2011-05-17 14:57:00,3.75,15123,United Kingdom,False
562715,23126,FELTCRAFT GIRL AMELIE KIT,1,2011-08-08 15:34:00,10.79,,United Kingdom,False
540014,22261,FELT EGG COSY WHITE RABBIT,2,2011-01-04 11:34:00,0.85,14606,United Kingdom,False
553908,21561,DINOSAUR LUNCH BOX WITH CUTLERY,6,2011-05-19 18:28:00,2.55,18177,United Kingdom,False
566296,23391,I LOVE LONDON MINI BACKPACK,1,2011-09-11 15:47:00,4.15,17841,United Kingdom,False
C559105,20728,LUNCH BAG CARS BLUE,-1,2011-07-06 11:10:00,1.65,16393,United Kingdom,True
541131,21430,SET/3 RED GINGHAM ROSE STORAGE BOX,4,2011-01-14 10:16:00,7.46,,United Kingdom,False
558620,85036B,CHOCOLATE 1 WICK MORRIS BOX CANDLE,1,2011-06-30 16:39:00,4.25,15584,United Kingdom,False
565235,21212,PACK OF 72 RETROSPOT CAKE CASES,24,2011-09-02 09:43:00,0.55,13418,United Kingdom,False
548514,22513,DOORSTOP FOOTBALL DESIGN,1,2011-03-31 16:03:00,7.46,,United Kingdom,False
539451,48184,DOORMAT ENGLISH ROSE,1,2010-12-17 16:59:00,14.43,,United Kingdom,False
549012,20981,12 PENCILS TALL TUBE WOODLAND,12,2011-04-05 14:51:00,0.85,16394,United Kingdom,False
578998,22758,LARGE PURPLE BABUSHKA NOTEBOOK,2,2011-11-27 16:05:00,1.25,15436,United Kingdom,False
552296,22993,SET OF 4 PANTRY JELLY MOULDS,6,2011-05-08 14:09:00,1.25,15518,United Kingdom,False
579187,22222,CAKE PLATE LOVEBIRD WHITE,1,2011-11-28 15:31:00,9.96,,United Kingdom,False
562114,85093,CANDY SPOT EGG WARMER HARE,4,2011-08-02 16:14:00,0.83,,United Kingdom,False
560225,21226,POCKET MIRROR WOODLAND,2,2011-07-15 16:27:00,0.83,,United Kingdom,False
552278,85150,LADIES & GENTLEMEN METAL SIGN,2,2011-05-08 12:36:00,2.55,15059,United Kingdom,False
564842,23293,SET OF 12 FAIRY CAKE BAKING CASES,8,2011-08-30 13:47:00,0.83,16133,United Kingdom,False
579881,23497,CLASSIC CHROME BICYCLE BELL,12,2011-11-30 17:22:00,1.45,12429,Denmark,False
539395,22923,FRIDGE MAGNETS LES ENFANTS ASSORTED,36,2010-12-17 11:52:00,0.85,12471,Germany,False
573100,23275,SET OF 3 HANGING OWLS OLLIE BEAK,12,2011-10-27 14:49:00,1.25,17528,United Kingdom,False
565967,22667,RECIPE BOX RETROSPOT,24,2011-09-08 11:27:00,2.55,14646,Netherlands,False
538844,21258,VICTORIAN SEWING BOX LARGE,8,2010-12-14 13:19:00,10.95,14680,United Kingdom,False
579777,21557,SET OF 6 FUNKY BEAKERS,1,2011-11-30 15:13:00,5.79,,United Kingdom,False
550471,21154,RED RETROSPOT OVEN GLOVE,1,2011-04-18 13:52:00,2.46,,United Kingdom,False
537244,21790,VINTAGE SNAP CARDS,72,2010-12-06 10:20:00,0.72,17674,United Kingdom,False
561192,21174,POTTERING IN THE SHED METAL SIGN,1,2011-07-25 13:45:00,2.08,16033,United Kingdom,False
543541,85123A,WHITE HANGING HEART T-LIGHT HOLDER,6,2011-02-09 14:44:00,2.95,12462,Spain,False
551420,22501,PICNIC BASKET WICKER LARGE,2,2011-04-28 14:00:00,9.95,17068,United Kingdom,False
559153,23165,LARGE CERAMIC TOP STORAGE JAR,12,2011-07-06 15:10:00,1.65,13804,United Kingdom,False
556073,23207,LUNCH BAG ALPHABET DESIGN,10,2011-06-08 15:05:00,1.65,16358,United Kingdom,False
572861,22796,PHOTO FRAME 3 CLASSIC HANGING,1,2011-10-26 12:46:00,9.95,14102,United Kingdom,False
570209,22271,FELTCRAFT DOLL ROSIE,2,2011-10-09 10:29:00,2.95,16326,United Kingdom,False
558481,84879,ASSORTED COLOUR BIRD ORNAMENT,24,2011-06-30 09:02:00,1.69,17675,United Kingdom,False
564756,21558,SKULL LUNCH BOX WITH CUTLERY,1,2011-08-30 10:33:00,4.96,,United Kingdom,False
560926,90161B,ANT COPPER TURQ BOUDICCA BRACELET,3,2011-07-22 09:20:00,4.98,,United Kingdom,False
563858,22914,BLUE COAT RACK PARIS FASHION,3,2011-08-19 16:04:00,4.95,18170,United Kingdom,False
540060,22723,SET OF 6 HERB TINS SKETCHBOOK,4,2011-01-04 14:40:00,3.95,14732,United Kingdom,False
562955,22135,MINI LADLE LOVE HEART PINK,3,2011-08-11 10:14:00,0.83,,United Kingdom,False
576069,21804,WHITE CHRISTMAS GARLAND STARS TREES,1,2011-11-13 15:57:00,3.75,13603,United Kingdom,False
556521,82580,BATHROOM METAL SIGN,2,2011-06-13 11:15:00,0.55,14573,United Kingdom,False
568509,21094,SET/6 RED SPOTTY PAPER PLATES,192,2011-09-27 12:26:00,0.64,16422,United Kingdom,False
580094,23318,BOX OF 6 MINI VINTAGE CRACKERS,2,2011-12-01 14:50:00,2.49,15904,United Kingdom,False
555277,22024,RAINY LADIES BIRTHDAY CARD,2,2011-06-01 17:30:00,0.83,,United Kingdom,False
560577,23202,JUMBO BAG VINTAGE LEAF,10,2011-07-19 15:07:00,2.08,18223,United Kingdom,False
571272,22942,CHRISTMAS LIGHTS 10 SANTAS,10,2011-10-16 12:19:00,8.5,13878,United Kingdom,False
539637,20978,36 PENCILS TUBE SKULLS,1,2010-12-20 15:22:00,1.25,14083,United Kingdom,False
566424,22468,BABUSHKA LIGHTS STRING OF 10,2,2011-09-12 14:15:00,6.75,13309,United Kingdom,False
564534,85099B,JUMBO BAG RED RETROSPOT,10,2011-08-25 15:09:00,2.08,12748,United Kingdom,False
572295,22604,SET OF 4 NAPKIN CHARMS CUTLERY,3,2011-10-23 13:49:00,2.55,16686,United Kingdom,False
553189,85214,TUB 24 PINK FLOWER PEGS,2,2011-05-15 13:14:00,1.65,15033,United Kingdom,False
548373,22744,MAKE YOUR OWN MONSOON CARD KIT,1,2011-03-30 16:34:00,5.79,,United Kingdom,False
576070,22243,5 HOOK HANGER RED MAGIC TOADSTOOL,2,2011-11-13 15:58:00,1.65,13451,United Kingdom,False
566952,23263,SET OF 3 WOODEN HEART DECORATIONS,1,2011-09-15 16:37:00,2.46,,United Kingdom,False
567186,22070,SMALL RED RETROSPOT MUG IN BOX,2,2011-09-18 16:04:00,3.75,17073,United Kingdom,False
547850,21166,COOK WITH WINE METAL SIGN,1,2011-03-27 12:06:00,2.08,14472,United Kingdom,False
566400,22600,CHRISTMAS RETROSPOT STAR WOOD,12,2011-09-12 13:16:00,0.85,17139,United Kingdom,False
557644,22661,CHARLOTTE BAG DOLLY GIRL DESIGN,1,2011-06-21 17:06:00,1.63,,United Kingdom,False
565467,23126,FELTCRAFT GIRL AMELIE KIT,4,2011-09-05 09:49:00,4.95,14129,United Kingdom,False
568325,23504,PLAYING CARDS JUBILEE UNION JACK,20,2011-09-26 13:57:00,1.25,14667,United Kingdom,False
575221,82583,HOT BATHS METAL SIGN,12,2011-11-09 11:25:00,2.1,12949,United Kingdom,False
556095,22200,FRYING PAN PINK POLKADOT,1,2011-06-08 15:27:00,8.29,,United Kingdom,False
574959,23661,MILK MAIDS MUG,6,2011-11-08 10:09:00,1.65,17886,United Kingdom,False
568428,82483,WOOD 2 DRAWER CABINET WHITE FINISH,1,2011-09-27 11:27:00,6.95,14419,United Kingdom,False
540355,20718,RED RETROSPOT SHOPPER BAG,10,2011-01-06 15:11:00,3.36,,United Kingdom,False
566735,23242,TREASURE TIN BUFFALO BILL,2,2011-09-14 14:19:00,2.08,15707,United Kingdom,False
550303,22969,HOMEMADE JAM SCENTED CANDLES,12,2011-04-17 10:21:00,1.45,18213,United Kingdom,False
576054,23508,MINI PLAYING CARDS DOLLY GIRL,2,2011-11-13 14:55:00,0.42,15787,United Kingdom,False
566345,21088,SET/6 FRUIT SALAD PAPER CUPS,12,2011-09-12 12:27:00,0.19,17685,United Kingdom,False
546654,21889,WOODEN BOX OF DOMINOES,1,2011-03-15 14:18:00,3.29,,United Kingdom,False
575520,22610,PENS ASSORTED FUNNY FACE,36,2011-11-10 10:56:00,0.19,17537,United Kingdom,False
567670,22637,PIGGY BANK RETROSPOT,1,2011-09-21 15:32:00,4.96,,United Kingdom,False
543734,22488,NATURAL SLATE RECTANGLE CHALKBOARD,12,2011-02-11 12:22:00,1.65,17512,United Kingdom,False
578513,84949,SILVER HANGING T-LIGHT HOLDER,12,2011-11-24 13:32:00,1.65,16609,United Kingdom,False
543831,22385,JUMBO BAG SPACEBOY DESIGN,100,2011-02-14 09:57:00,1.65,15769,United Kingdom,False
553737,21531,RED RETROSPOT SUGAR JAM BOWL,6,2011-05-19 08:50:00,2.55,15116,United Kingdom,False
553060,22854,CREAM SWEETHEART EGG HOLDER,8,2011-05-13 10:44:00,4.95,15826,United Kingdom,False
C577147,23031,DRAWER KNOB CRACKLE GLAZE PINK,-1,2011-11-18 09:42:00,1.65,13396,United Kingdom,True
580612,22467,GUMBALL COAT RACK,2,2011-12-05 11:58:00,4.96,,United Kingdom,False
566079,20838,FRENCH LATTICE CUSHION COVER,12,2011-09-09 09:52:00,0.85,17593,United Kingdom,False
573405,85131A,BEADED PEARL HEART WHITE ON STICK,3,2011-10-30 15:55:00,1.25,13822,United Kingdom,False
578344,22746,POPPY'S PLAYHOUSE LIVINGROOM,1,2011-11-24 09:21:00,4.13,,United Kingdom,False
570252,23201,JUMBO BAG ALPHABET,10,2011-10-10 09:14:00,2.08,14665,United Kingdom,False
545707,84879,ASSORTED COLOUR BIRD ORNAMENT,160,2011-03-07 09:35:00,1.45,13881,United Kingdom,False
571937,16048,TEATIME ROUND PENCIL SHARPENER,24,2011-10-20 09:28:00,0.12,14911,EIRE,False
567807,23265,SET OF 3 WOODEN TREE DECORATIONS,6,2011-09-22 12:23:00,1.25,17027,United Kingdom,False
550796,22628,PICNIC BOXES SET OF 3 RETROSPOT,2,2011-04-20 14:38:00,4.95,17211,United Kingdom,False
545166,22081,RIBBON REEL FLORA + FAUNA,5,2011-02-28 14:03:00,1.65,17027,United Kingdom,False
567879,22141,CHRISTMAS CRAFT TREE TOP ANGEL,6,2011-09-22 14:53:00,2.1,16161,United Kingdom,False
568207,22382,LUNCH BAG SPACEBOY DESIGN,10,2011-09-25 15:34:00,1.65,15150,United Kingdom,False
559055,90059F,DIAMANTE HAIR GRIP PACK/2 LT ROSE,1,2011-07-05 17:09:00,1.65,,United Kingdom,False
537434,84031A,CHARLIE+LOLA RED HOT WATER BOTTLE,4,2010-12-06 16:57:00,4.21,,United Kingdom,False
555836,15036,ASSORTED COLOURS SILK FAN,24,2011-06-07 12:36:00,0.83,13098,United Kingdom,False
558195,21931,JUMBO STORAGE BAG SUKI,10,2011-06-27 12:32:00,2.08,17735,United Kingdom,False
538166,85049A,TRADITIONAL CHRISTMAS RIBBONS,5,2010-12-09 18:09:00,1.25,17965,United Kingdom,False
580519,22735,RIBBON REEL SOCKS AND MITTENS,1,2011-12-04 14:51:00,7.5,,United Kingdom,False
556248,22917,HERB MARKER ROSEMARY,12,2011-06-09 16:33:00,0.65,15681,United Kingdom,False
556484,84673A,PINK FLY SWAT,3,2011-06-12 13:17:00,0.65,16938,United Kingdom,False
543521,22769,,-6,2011-02-09 11:49:00,0.0,,United Kingdom,False
561894,21981,PACK OF 12 WOODLAND TISSUES,1,2011-07-31 15:00:00,0.29,14456,United Kingdom,False
569866,21929,JUMBO BAG PINK VINTAGE PAISLEY,10,2011-10-06 14:50:00,2.08,12757,Portugal,False
565233,22384,LUNCH BAG PINK POLKADOT,1,2011-09-02 09:34:00,4.13,,United Kingdom,False
545150,22920,HERB MARKER BASIL,12,2011-02-28 12:27:00,0.65,14227,United Kingdom,False
569261,23300,GARDENERS KNEELING PAD CUP OF TEA,1,2011-10-03 11:34:00,1.65,17321,United Kingdom,False
579938,23491,VINTAGE JINGLE BELLS HEART,2,2011-12-01 10:18:00,8.25,14146,United Kingdom,False
565429,51008,AFGHAN SLIPPER SOCK PAIR,1,2011-09-04 12:54:00,3.45,16434,United Kingdom,False
544701,22813,PACK 3 BOXES BIRD PANNETONE,24,2011-02-23 10:27:00,1.95,17428,United Kingdom,False
559807,23292,SPACEBOY CHILDRENS CUP,3,2011-07-12 14:48:00,1.25,17841,United Kingdom,False
554054,22456,NATURAL SLATE CHALKBOARD LARGE,1,2011-05-20 15:29:00,9.96,,United Kingdom,False
539642,85049E,SCANDINAVIAN REDS RIBBONS,2,2010-12-20 15:35:00,1.25,15867,United Kingdom,False
577181,22112,CHOCOLATE HOT WATER BOTTLE,48,2011-11-18 11:35:00,4.25,,United Kingdom,False
580501,23323,WHITE WICKER STAR,2,2011-12-04 13:00:00,2.1,14546,United Kingdom,False
575219,22910,PAPER CHAIN KIT VINTAGE CHRISTMAS,80,2011-11-09 11:17:00,2.55,17511,United Kingdom,False
559911,85099B,JUMBO BAG RED RETROSPOT,10,2011-07-13 14:39:00,1.79,13777,United Kingdom,False
562211,20914,SET/5 RED RETROSPOT LID GLASS BOWLS,12,2011-08-03 13:22:00,2.95,17429,United Kingdom,False
566949,21123,SET/10 IVORY POLKADOT PARTY CANDLES,1,2011-09-15 16:32:00,0.83,,United Kingdom,False
560385,21034,REX CASH+CARRY JUMBO SHOPPER,3,2011-07-18 12:53:00,0.95,14583,United Kingdom,False
566482,22384,LUNCH BAG PINK POLKADOT,10,2011-09-13 09:43:00,1.65,16609,United Kingdom,False
579512,22124,SET OF 2 TEA TOWELS PING MICROWAVE,4,2011-11-29 16:47:00,2.46,,United Kingdom,False
579557,20724,RED RETROSPOT CHARLOTTE BAG,67,2011-11-30 11:18:00,2.46,,United Kingdom,False
537793,21937,STRAWBERRY   PICNIC BAG,3,2010-12-08 12:57:00,2.95,15032,United Kingdom,False
574660,22355,CHARLOTTE BAG SUKI DESIGN,1,2011-11-06 11:55:00,0.85,15407,United Kingdom,False
572058,84913B,MINT GREEN ROSE TOWEL,2,2011-10-20 12:43:00,4.65,18252,United Kingdom,False
556108,21917,SET 12 KIDS  WHITE CHALK STICKS,1,2011-06-08 17:59:00,0.83,,United Kingdom,False
564172,22550,HOLIDAY FUN LUDO,1,2011-08-23 14:19:00,3.75,16033,United Kingdom,False
541850,21733,RED HANGING HEART T-LIGHT HOLDER,2,2011-01-23 13:58:00,2.95,14224,United Kingdom,False
573358,82583,HOT BATHS METAL SIGN,12,2011-10-30 12:46:00,2.1,17213,United Kingdom,False
567656,23266,SET OF 3 WOODEN STOCKING DECORATION,2,2011-09-21 14:40:00,2.46,14096,United Kingdom,False
553836,22981,PANTRY APPLE CORER,12,2011-05-19 12:08:00,1.45,17017,United Kingdom,False
571201,20971,PINK BLUE FELT CRAFT TRINKET BOX,12,2011-10-14 12:28:00,1.06,14937,Channel Islands,False
557639,21056,DOCTOR'S BAG SOFT TOY,1,2011-06-21 16:13:00,8.95,12933,United Kingdom,False
556484,22975,SPACEBOY CHILDRENS EGG CUP,10,2011-06-12 13:17:00,1.25,16938,United Kingdom,False
548636,22028,PENNY FARTHING BIRTHDAY CARD,12,2011-04-01 12:29:00,0.42,15601,United Kingdom,False
561669,23295,SET OF 12 MINI LOAF BAKING CASES,128,2011-07-28 17:09:00,0.72,12507,Spain,False
566428,22398,MAGNETS PACK OF 4 SWALLOWS,24,2011-09-12 14:24:00,0.39,15932,United Kingdom,False
539263,22909,SET OF 20 VINTAGE CHRISTMAS NAPKINS,12,2010-12-16 14:36:00,0.85,16560,United Kingdom,False
541213,22066,LOVE HEART TRINKET POT,4,2011-01-14 13:28:00,1.45,15033,United Kingdom,False
557852,22468,BABUSHKA LIGHTS STRING OF 10,2,2011-06-23 10:57:00,6.75,15384,United Kingdom,False
546908,22666,RECIPE BOX PANTRY YELLOW DESIGN,6,2011-03-17 18:59:00,2.95,15648,United Kingdom,False
577740,23355,HOT WATER BOTTLE KEEP CALM,4,2011-11-21 13:36:00,4.95,17625,United Kingdom,False
538403,84912A,PINK ROSE WASHBAG,3,2010-12-12 11:46:00,3.75,17211,United Kingdom,False
556056,21231,SWEETHEART CERAMIC TRINKET BOX,1,2011-06-08 13:35:00,1.25,17841,United Kingdom,False
555095,21981,PACK OF 12 WOODLAND TISSUES,24,2011-05-31 13:32:00,0.29,12540,Spain,False
539444,22219,LOVEBIRD HANGING DECORATION WHITE,12,2010-12-17 15:52:00,0.85,14146,United Kingdom,False
545078,22445,PENCIL CASE LIFE IS BEAUTIFUL,1,2011-02-28 10:15:00,5.79,,United Kingdom,False
550819,21675,BUTTERFLIES STICKERS,6,2011-04-20 17:37:00,0.85,17530,United Kingdom,False
554509,21175,GIN + TONIC DIET METAL SIGN,3,2011-05-24 15:45:00,2.55,17375,United Kingdom,False
579777,22588,CARD HOLDER GINGHAM HEART,3,2011-11-30 15:13:00,5.79,,United Kingdom,False
559338,22456,NATURAL SLATE CHALKBOARD LARGE,1,2011-07-07 16:30:00,9.96,,United Kingdom,False
577078,84429A,MEDIUM PINK BUDDHA HEAD,1,2011-11-17 15:17:00,5.79,,United Kingdom,False
551855,23148,MINIATURE ANTIQUE ROSE HOOK IVORY,12,2011-05-04 15:08:00,0.83,12836,United Kingdom,False
545475,22539,MINI JIGSAW DOLLY GIRL,240,2011-03-03 10:59:00,0.36,12415,Australia,False
578266,22580,ADVENT CALENDAR GINGHAM SACK,1,2011-11-23 13:34:00,5.95,12748,United Kingdom,False
566171,22271,FELTCRAFT DOLL ROSIE,1,2011-09-09 12:22:00,2.95,18118,United Kingdom,False
555201,21207,SKULL AND CROSSBONES  GARLAND,12,2011-06-01 12:10:00,1.65,16969,United Kingdom,False
547399,22456,NATURAL SLATE CHALKBOARD LARGE,1,2011-03-22 16:55:00,9.96,,United Kingdom,False
545166,22913,RED COAT RACK PARIS FASHION,1,2011-02-28 14:03:00,4.95,17027,United Kingdom,False
578941,22208,WOOD STAMP SET THANK YOU,2,2011-11-27 13:26:00,0.83,16024,United Kingdom,False
578666,23546,WRAP PAISLEY PARK,25,2011-11-24 17:06:00,0.42,17727,United Kingdom,False
569229,35972,DAISY FOLKART HEART DECORATION,1,2011-10-02 14:56:00,1.25,14502,United Kingdom,False
574624,23582,VINTAGE DOILY JUMBO BAG RED,4,2011-11-06 11:20:00,2.08,17769,United Kingdom,False
546912,22543,MINI JIGSAW BAKE A CAKE,2,2011-03-17 20:12:00,0.42,15861,United Kingdom,False
565234,21035,SET/2 RED RETROSPOT TEA TOWELS,1,2011-09-02 09:38:00,6.63,,United Kingdom,False
541979,22722,SET OF 6 SPICE TINS PANTRY DESIGN,4,2011-01-24 14:54:00,3.95,14911,EIRE,False
542541,21934,SKULL SHOULDER BAG,2,2011-01-28 14:25:00,3.29,,United Kingdom,False
578757,84378,SET OF 3 HEART COOKIE CUTTERS,1,2011-11-25 11:41:00,1.45,12748,United Kingdom,False
575177,82616C,MIDNIGHT GLAMOUR SCARF KNITTING KIT,2,2011-11-08 18:41:00,2.46,,United Kingdom,False
559055,22228,BUNNY WOODEN PAINTED WITH BIRD,2,2011-07-05 17:09:00,0.83,,United Kingdom,False
565232,23301,GARDENERS KNEELING PAD KEEP CALM,1,2011-09-02 09:30:00,3.29,,United Kingdom,False
567092,22047,EMPIRE GIFT WRAP,25,2011-09-16 12:48:00,0.42,13196,United Kingdom,False
565436,22726,ALARM CLOCK BAKELIKE GREEN,4,2011-09-04 13:45:00,3.75,14189,United Kingdom,False
569844,22940,FELTCRAFT CHRISTMAS FAIRY,4,2011-10-06 13:30:00,4.25,12626,Germany,False
550188,84086C,PINK/PURPLE RETRO RADIO,12,2011-04-14 18:57:00,2.95,12457,Switzerland,False
580167,84879,ASSORTED COLOUR BIRD ORNAMENT,40,2011-12-02 11:28:00,1.69,17386,United Kingdom,False
555340,21559,STRAWBERRY LUNCH BOX WITH CUTLERY,3,2011-06-02 11:33:00,2.55,13334,United Kingdom,False
576581,20728,LUNCH BAG CARS BLUE,10,2011-11-15 14:15:00,1.65,15955,United Kingdom,False
569667,23393,HOME SWEET HOME CUSHION COVER,4,2011-10-05 13:42:00,3.75,17521,United Kingdom,False
573373,23508,MINI PLAYING CARDS DOLLY GIRL,1,2011-10-30 13:37:00,0.42,14684,United Kingdom,False
539958,84031B,CHARLIE LOLA BLUE HOT WATER BOTTLE,1,2010-12-23 13:26:00,4.21,,United Kingdom,False
548968,85099B,JUMBO BAG RED RETROSPOT,20,2011-04-05 10:58:00,2.08,12744,Singapore,False
539010,82494L,WOODEN FRAME ANTIQUE WHITE,4,2010-12-15 13:24:00,2.95,15005,United Kingdom,False
536408,84879,ASSORTED COLOUR BIRD ORNAMENT,8,2010-12-01 11:41:00,1.69,14307,United Kingdom,False
562955,22426,ENAMEL WASH BOWL CREAM,2,2011-08-11 10:14:00,8.29,,United Kingdom,False
539334,84992,72 SWEETHEART FAIRY CAKE CASES,1,2010-12-17 10:12:00,0.55,12748,United Kingdom,False
552565,84078A,SET/4 WHITE RETRO STORAGE CUBES,9,2011-05-10 11:55:00,34.95,15381,United Kingdom,False
570479,23285,PINK VINTAGE SPOT BEAKER,5,2011-10-10 16:58:00,0.85,17589,United Kingdom,False
566914,22917,HERB MARKER ROSEMARY,6,2011-09-15 14:08:00,0.65,15466,United Kingdom,False
552267,48111,DOORMAT 3 SMILEY CATS,1,2011-05-08 11:49:00,7.95,15038,United Kingdom,False
577091,23084,RABBIT NIGHT LIGHT,6,2011-11-17 16:29:00,2.08,16531,United Kingdom,False
560035,85066,CREAM SWEETHEART MINI CHEST,3,2011-07-14 13:41:00,12.75,17706,United Kingdom,False
559543,21993,FLORAL FOLK STATIONERY SET,1,2011-07-10 13:46:00,1.25,17126,United Kingdom,False
553549,23192,BUNDLE OF 3 ALPHABET EXERCISE BOOKS,1,2011-05-17 16:09:00,3.29,,United Kingdom,False
562108,21463,MIRRORED DISCO BALL,1,2011-08-02 15:40:00,5.95,17809,United Kingdom,False
571716,22736,RIBBON REEL MAKING SNOWMEN,1,2011-10-18 17:05:00,3.29,,United Kingdom,False
579692,23002,TRAVEL CARD WALLET SKULLS,24,2011-11-30 14:05:00,0.42,12433,Norway,False
546502,22907,PACK OF 20 NAPKINS PANTRY DESIGN,2,2011-03-14 11:46:00,0.85,16005,United Kingdom,False
569524,23398,HANGING HEART BONHEUR,1,2011-10-04 14:42:00,0.85,14506,United Kingdom,False
563199,22366,DOORMAT AIRMAIL,1,2011-08-14 10:38:00,7.95,16326,United Kingdom,False
554985,22414,DOORMAT NEIGHBOURHOOD WITCH,2,2011-05-29 12:26:00,7.95,12426,Germany,False
552520,20963,APPLE BATH SPONGE,1,2011-05-09 16:34:00,2.46,,United Kingdom,False
574722,72807B,SET/3 OCEAN SCENT CANDLE JEWEL BOX,2,2011-11-06 14:45:00,4.25,14502,United Kingdom,False
540404,16156L,"WRAP, CAROUSEL",25,2011-01-07 09:40:00,0.42,12947,United Kingdom,False
554372,21116,OWL DOORSTOP,3,2011-05-24 10:50:00,4.95,13842,United Kingdom,False
579512,21169,YOU'RE CONFUSING ME METAL SIGN,1,2011-11-29 16:47:00,4.13,,United Kingdom,False
538626,22619,SET OF 6 SOLDIER SKITTLES,3,2010-12-13 12:57:00,3.75,17338,United Kingdom,False
547273,21609,SET 12 LAVENDER  BOTANICAL T-LIGHTS,2,2011-03-22 11:05:00,2.95,14530,United Kingdom,False
554098,23093,SMALL PARISIENNE HEART PHOTO FRAME,8,2011-05-22 13:01:00,2.49,14769,United Kingdom,False
560434,22716,CARD CIRCUS PARADE,6,2011-07-18 15:56:00,0.83,,United Kingdom,False
576684,20914,SET/5 RED RETROSPOT LID GLASS BOWLS,6,2011-11-16 12:08:00,2.95,14092,United Kingdom,False
554355,22982,PANTRY PASTRY BRUSH,12,2011-05-24 09:20:00,1.25,16992,United Kingdom,False
560828,35637A,IVORY STRING CURTAIN WITH POLE,6,2011-07-21 11:55:00,1.95,14298,United Kingdom,False
562031,47566,PARTY BUNTING,2,2011-08-01 17:37:00,4.95,16984,United Kingdom,False
565847,23245,SET OF 3 REGENCY CAKE TINS,1,2011-09-07 12:44:00,10.79,,United Kingdom,False
547248,22165,"DIAMANTE HEART SHAPED WALL MIRROR,",1,2011-03-22 09:23:00,10.79,,United Kingdom,False
544406,84378,SET OF 3 HEART COOKIE CUTTERS,3,2011-02-18 13:26:00,1.25,16726,United Kingdom,False
563924,23152,IVORY SWEETHEART WIRE LETTER RACK,2,2011-08-21 14:32:00,3.75,15984,United Kingdom,False
575739,22507,MEMO BOARD RETROSPOT  DESIGN,1,2011-11-11 09:05:00,10.79,,United Kingdom,False
580958,23332,IVORY WICKER HEART LARGE,6,2011-12-06 14:30:00,1.65,17266,United Kingdom,False
553045,20992,JAZZ HEARTS PURSE NOTEBOOK,96,2011-05-13 09:33:00,0.74,12770,Japan,False
581179,22419,LIPSTICK PEN RED,48,2011-12-07 15:43:00,0.42,12471,Germany,False
575040,22728,ALARM CLOCK BAKELIKE PINK,4,2011-11-08 11:58:00,3.75,13381,United Kingdom,False
537237,62094B,TURQ ICE CREAM BUM BAG,1,2010-12-06 09:58:00,5.06,,United Kingdom,False
540526,22650,CERAMIC PIRATE CHEST MONEY BANK,1,2011-01-09 13:41:00,1.45,14606,United Kingdom,False
551658,21231,SWEETHEART CERAMIC TRINKET BOX,1,2011-05-03 12:13:00,1.25,16746,United Kingdom,False
580727,22331,WOODLAND PARTY BAG + STICKER SET,2,2011-12-05 17:17:00,3.29,14096,United Kingdom,False
559948,22595,GINGHAM HEART DECORATION,36,2011-07-14 10:41:00,0.85,12653,Israel,False
540795,21754,HOME BUILDING BLOCK WORD,3,2011-01-11 12:00:00,5.95,13078,United Kingdom,False
555573,22033,BOTANICAL ROSE GREETING CARD,12,2011-06-05 15:46:00,0.42,15349,United Kingdom,False
556108,35916B,BLUE FELT HANGING HEART WITH FLOWER,2,2011-06-08 17:59:00,0.63,,United Kingdom,False
555149,23300,GARDENERS KNEELING PAD CUP OF TEA,1,2011-05-31 15:49:00,3.29,,United Kingdom,False
580653,22909,SET OF 20 VINTAGE CHRISTMAS NAPKINS,24,2011-12-05 13:34:00,0.85,17706,United Kingdom,False
569827,20728,LUNCH BAG CARS BLUE,10,2011-10-06 12:26:00,1.65,13591,United Kingdom,False
574310,22767,TRIPLE PHOTO FRAME CORNICE,4,2011-11-03 16:56:00,9.95,13467,United Kingdom,False
563843,22720,SET OF 3 CAKE TINS PANTRY DESIGN,1,2011-08-19 14:02:00,4.95,17811,United Kingdom,False
550636,22269,EGG CUP NATURAL CHICKEN,3,2011-04-19 15:37:00,2.46,,United Kingdom,False
580874,23305,SET 4 PICNIC CUTLERY BLUEBERRY,12,2011-12-06 12:09:00,1.95,14735,United Kingdom,False
560264,22763,KEY CABINET MA CAMPAGNE,2,2011-07-17 13:46:00,9.95,12833,United Kingdom,False
578702,22966,GINGERBREAD MAN COOKIE CUTTER,24,2011-11-25 10:58:00,1.25,15382,United Kingdom,False
567339,23307,SET OF 60 PANTRY DESIGN CAKE CASES,24,2011-09-19 15:01:00,0.55,14146,United Kingdom,False
539630,22971,QUEENS GUARD COFFEE MUG,24,2010-12-20 14:59:00,2.55,17230,United Kingdom,False
540255,84846A,SCENTED CANDLE IN DIGITALIS TIN,1,2011-01-05 16:50:00,4.21,,United Kingdom,False
581219,22095,LADS ONLY TISSUE BOX,2,2011-12-08 09:28:00,2.46,,United Kingdom,False
577033,23223,CHRISTMAS TREE HANGING SILVER,7,2011-11-17 13:16:00,0.83,17797,United Kingdom,False
568868,22149,FELTCRAFT 6 FLOWER FRIENDS,6,2011-09-29 12:00:00,2.1,12957,United Kingdom,False
564553,23147,SINGLE ANTIQUE ROSE HOOK IVORY,4,2011-08-25 18:45:00,1.45,18200,United Kingdom,False
537081,20679,EDWARDIAN PARASOL RED,12,2010-12-05 12:00:00,5.95,15332,Lithuania,False
544462,23000,TRAVEL CARD WALLET TRANSPORT,4,2011-02-20 14:21:00,0.42,17050,United Kingdom,False
557233,22995,TRAVEL CARD WALLET SUKI,13,2011-06-17 14:44:00,0.42,15356,United Kingdom,False
541104,22326,ROUND SNACK BOXES SET OF4 WOODLAND,1,2011-01-13 14:29:00,5.79,,United Kingdom,False
564628,90143,SILVER BRACELET W PASTEL FLOWER,1,2011-08-26 11:47:00,7.5,,United Kingdom,False
540821,22481,BLACK TEA TOWEL CLASSIC DESIGN,2,2011-01-11 13:16:00,0.85,,United Kingdom,False
578146,23461,SWEETHEART BIRD HOUSE,1,2011-11-23 11:07:00,4.15,13742,United Kingdom,False
580727,22576,SWALLOW WOODEN CHRISTMAS DECORATION,1,2011-12-05 17:17:00,1.63,14096,United Kingdom,False
557489,22090,PAPER BUNTING RETROSPOT,6,2011-06-20 14:58:00,2.95,12490,France,False
561359,22355,CHARLOTTE BAG SUKI DESIGN,20,2011-07-26 15:29:00,0.85,17160,United Kingdom,False
578344,22810,SET OF 6 T-LIGHTS SNOWMEN,1,2011-11-24 09:21:00,5.79,,United Kingdom,False
580730,22456,NATURAL SLATE CHALKBOARD LARGE,2,2011-12-05 17:28:00,9.96,,United Kingdom,False
571028,21803,CHRISTMAS TREE STAR DECORATION,4,2011-10-13 12:21:00,0.42,16770,United Kingdom,False
544450,20914,SET/5 RED RETROSPOT LID GLASS BOWLS,2,2011-02-20 12:23:00,2.95,17811,United Kingdom,False
556578,22077,6 RIBBONS RUSTIC CHARM,12,2011-06-13 14:13:00,1.65,12472,Germany,False
559302,23287,RED VINTAGE SPOT BEAKER,2,2011-07-07 12:47:00,0.85,14527,United Kingdom,False
562553,23243,SET OF TEA COFFEE SUGAR TINS PANTRY,1,2011-08-05 16:34:00,10.79,,United Kingdom,False
542373,20750,RED RETROSPOT MINI CASES,12,2011-01-27 13:38:00,6.35,16767,United Kingdom,False
562949,22619,SET OF 6 SOLDIER SKITTLES,4,2011-08-11 09:47:00,3.75,14346,United Kingdom,False
540473,84993A,75 GREEN PETIT FOUR CASES,3,2011-01-07 14:31:00,0.42,17284,United Kingdom,False
541827,47504H,ENGLISH ROSE SPIRIT LEVEL,1,2011-01-21 17:05:00,3.29,,United Kingdom,False
572901,23320,GIANT 50'S CHRISTMAS CRACKER,2,2011-10-26 14:54:00,2.89,16332,United Kingdom,False
C537600,AMAZONFEE,AMAZON FEE,-1,2010-12-07 12:41:00,1.0,,United Kingdom,True
575713,21880,RED RETROSPOT TAPE,24,2011-11-10 17:49:00,0.65,13817,Germany,False
541123,84836,ZINC METAL HEART DECORATION,24,2011-01-14 09:52:00,1.25,13385,United Kingdom,False
575843,21430,SET/3 RED GINGHAM ROSE STORAGE BOX,1,2011-11-11 12:02:00,3.75,14446,United Kingdom,False
575728,84508C,BLUE CIRCLES DESIGN TEDDY,6,2011-11-10 19:40:00,2.55,14911,EIRE,False
566024,22961,JAM MAKING SET PRINTED,12,2011-09-08 12:51:00,1.45,13871,United Kingdom,False
556465,22500,SET OF 2 TINS JARDIN DE PROVENCE,1,2011-06-12 11:04:00,4.95,14984,United Kingdom,False
553389,21454,PAINTED PINK RABBIT,1,2011-05-16 16:37:00,0.83,,United Kingdom,False
541711,21937,STRAWBERRY   PICNIC BAG,50,2011-01-21 11:18:00,2.55,14646,Netherlands,False
537888,21259,VICTORIAN SEWING BOX SMALL,2,2010-12-09 10:04:00,5.95,15358,United Kingdom,False
569846,22990,COTTON APRON PANTRY DESIGN,2,2011-10-06 13:42:00,4.95,13422,United Kingdom,False
558069,23198,PANTRY MAGNETIC  SHOPPING LIST,12,2011-06-24 15:51:00,1.45,14156,EIRE,False
543251,22840,ROUND CAKE TIN VINTAGE RED,2,2011-02-04 14:51:00,7.95,14194,United Kingdom,False
C540006,22423,REGENCY CAKESTAND 3 TIER,-1,2011-01-04 10:48:00,12.75,14606,United Kingdom,True
541971,22777,GLASS CLOCHE LARGE,1,2011-01-24 13:48:00,16.63,,United Kingdom,False
537638,21810,CHRISTMAS HANGING STAR WITH BELL,3,2010-12-07 15:28:00,2.51,,United Kingdom,False
571496,22595,GINGHAM HEART DECORATION,12,2011-10-17 15:02:00,0.85,13265,United Kingdom,False
556237,82580,BATHROOM METAL SIGN,2,2011-06-09 15:34:00,1.25,,United Kingdom,False
579556,22791,T-LIGHT GLASS FLUTED ANTIQUE,12,2011-11-30 11:17:00,1.25,17835,United Kingdom,False
C565848,22699,ROSES REGENCY TEACUP AND SAUCER,-2,2011-09-07 12:48:00,2.95,14606,United Kingdom,True
538071,22629,SPACEBOY LUNCH BOX,1,2010-12-09 14:09:00,4.21,,United Kingdom,False
581498,22301,COFFEE MUG CAT + BIRD DESIGN,2,2011-12-09 10:26:00,4.96,,United Kingdom,False
555635,23203,JUMBO BAG DOILEY PATTERNS,10,2011-06-06 12:29:00,1.95,13319,United Kingdom,False
581166,22989,SET 2 PANTRY DESIGN TEA TOWELS,1,2011-12-07 14:43:00,3.25,15525,United Kingdom,False
569220,21098,CHRISTMAS TOILET ROLL,1,2011-10-02 13:26:00,1.25,16007,United Kingdom,False
543040,22560,TRADITIONAL MODELLING CLAY,4,2011-02-02 17:06:00,1.25,17337,United Kingdom,False
578996,23581,JUMBO BAG PAISLEY PARK,4,2011-11-27 16:02:00,2.08,13991,United Kingdom,False
549947,22180,RETROSPOT LAMP,1,2011-04-13 12:47:00,9.95,18260,United Kingdom,False
575656,22086,PAPER CHAIN KIT 50'S CHRISTMAS,24,2011-11-10 14:29:00,2.95,13319,United Kingdom,False
555284,20659,ECONOMY LUGGAGE TAG,12,2011-06-02 09:37:00,1.06,14298,United Kingdom,False
569089,85135C,RED DRAGONFLY HELICOPTER,2,2011-09-30 12:03:00,7.95,13764,United Kingdom,False
558778,20723,STRAWBERRY CHARLOTTE BAG,10,2011-07-04 10:27:00,0.85,17160,United Kingdom,False
557484,84596B,SMALL DOLLY MIX DESIGN ORANGE BOWL,8,2011-06-20 14:36:00,0.42,14796,United Kingdom,False
547240,84457,SET/3 RABBITS FLOWER SKIPPPING ROPE,2,2011-03-21 16:32:00,0.85,17585,United Kingdom,False
545188,22400,MAGNETS PACK OF 4 HOME SWEET HOME,2,2011-02-28 15:19:00,1.25,14056,United Kingdom,False
558240,20707,CRAZY DAISY HEART DECORATION,1,2011-06-27 15:27:00,0.83,,United Kingdom,False
560225,23307,SET OF 60 PANTRY DESIGN CAKE CASES,4,2011-07-15 16:27:00,1.25,,United Kingdom,False
566605,85150,LADIES & GENTLEMEN METAL SIGN,2,2011-09-13 16:27:00,2.55,13263,United Kingdom,False
554839,22495,SET OF 2 ROUND TINS CAMEMBERT,2,2011-05-26 17:15:00,2.95,14056,United Kingdom,False
556063,84997C,CHILDRENS CUTLERY POLKADOT BLUE,1,2011-06-08 14:09:00,4.15,14587,United Kingdom,False
574700,21974,SET OF 36 PAISLEY FLOWER DOILIES,4,2011-11-06 13:53:00,1.45,16033,United Kingdom,False
576329,23372,SET 36 COLOUR PENCILS DOLLY GIRL,6,2011-11-14 15:22:00,2.46,,United Kingdom,False
580635,21867,PINK UNION JACK  LUGGAGE TAG,2,2011-12-05 12:30:00,1.25,14649,United Kingdom,False
577503,20986,BLUE CALCULATOR RULER,2,2011-11-20 12:34:00,1.25,18110,United Kingdom,False
559552,22558,CLOTHES PEGS RETROSPOT PACK 24,2,2011-07-10 16:29:00,1.65,16014,United Kingdom,False
576274,22751,FELTCRAFT PRINCESS OLIVIA DOLL,1,2011-11-14 14:24:00,3.75,17793,United Kingdom,False
578551,21868,POTTING SHED TEA MUG,1,2011-11-24 15:05:00,1.65,12937,United Kingdom,False
540514,84406B,CREAM CUPID HEARTS COAT HANGER,1,2011-01-09 11:43:00,3.25,15708,United Kingdom,False
569736,23320,GIANT 50'S CHRISTMAS CRACKER,12,2011-10-06 10:44:00,2.89,14317,United Kingdom,False
571289,22791,T-LIGHT GLASS FLUTED ANTIQUE,24,2011-10-16 15:27:00,1.25,15113,United Kingdom,False
552702,22138,BAKING SET 9 PIECE RETROSPOT,1,2011-05-10 16:00:00,10.79,,United Kingdom,False
554694,35004B,SET OF 3 BLACK FLYING DUCKS,1,2011-05-25 17:06:00,5.79,,United Kingdom,False
543812,22085,PAPER CHAIN KIT SKULLS,1,2011-02-13 14:40:00,2.95,17472,United Kingdom,False
564199,22697,GREEN REGENCY TEACUP AND SAUCER,1,2011-08-23 17:31:00,2.95,13263,United Kingdom,False
550161,22150,3 STRIPEY MICE FELTCRAFT,6,2011-04-14 15:58:00,1.95,14154,United Kingdom,False
546008,20616,CHERRY BLOSSOM PASSPORT COVER,1,2011-03-08 15:43:00,1.63,,United Kingdom,False
556237,84832,ZINC WILLIE WINKIE  CANDLE STICK,2,2011-06-09 15:34:00,1.63,,United Kingdom,False
550636,21212,PACK OF 72 RETROSPOT CAKE CASES,1,2011-04-19 15:37:00,1.25,,United Kingdom,False
540119,22865,,-60,2011-01-05 10:07:00,0.0,,United Kingdom,False
541867,22318,FIVE HEART HANGING DECORATION,1,2011-01-24 09:28:00,2.95,14744,United Kingdom,False
566581,21135,VICTORIAN  METAL POSTCARD SPRING,8,2011-09-13 13:47:00,1.69,16081,United Kingdom,False
570827,21508,VINTAGE KID DOLLY CARD,12,2011-10-12 13:14:00,0.42,15831,United Kingdom,False
575668,85099F,JUMBO BAG STRAWBERRY,1,2011-11-10 14:59:00,2.08,18283,United Kingdom,False
568134,22132,RED LOVE HEART SHAPE CUP,1,2011-09-23 17:02:00,1.63,,United Kingdom,False
580367,20971,PINK BLUE FELT CRAFT TRINKET BOX,2,2011-12-02 16:39:00,2.46,,United Kingdom,False
560772,21878,PACK OF 6 SANDCASTLE FLAGS ASSORTED,2,2011-07-20 16:12:00,1.63,,United Kingdom,False
545462,22055,MINI CAKE STAND  HANGING STRAWBERY,8,2011-03-03 08:24:00,1.65,17567,United Kingdom,False
558671,85152,HAND OVER THE CHOCOLATE   SIGN,12,2011-07-01 10:47:00,2.1,17123,United Kingdom,False
568135,22219,LOVEBIRD HANGING DECORATION WHITE,2,2011-09-23 17:04:00,1.63,,United Kingdom,False
554714,84509a,SET OF 4 ENGLISH ROSE PLACEMATS,1,2011-05-26 10:44:00,7.46,,United Kingdom,False
561870,47504K,ENGLISH ROSE GARDEN SECATEURS,12,2011-07-31 11:45:00,0.79,14911,EIRE,False
571500,23354,6 GIFT TAGS 50'S CHRISTMAS,4,2011-10-17 15:09:00,0.83,,United Kingdom,False
575751,22483,RED GINGHAM TEDDY BEAR,12,2011-11-11 10:32:00,2.95,14911,EIRE,False
556475,82483,WOOD 2 DRAWER CABINET WHITE FINISH,2,2011-06-12 12:03:00,6.95,18109,United Kingdom,False
543200,48138,DOORMAT UNION FLAG,2,2011-02-04 13:03:00,14.13,,United Kingdom,False
557068,23185,FRENCH STYLE STORAGE JAR JAM,12,2011-06-16 15:17:00,0.28,13263,United Kingdom,False
540859,22179,SET 10 LIGHTS NIGHT OWL,1,2011-01-12 10:58:00,6.75,17965,United Kingdom,False
570465,DOT,DOTCOM POSTAGE,1,2011-10-10 16:02:00,188.46,,United Kingdom,False
546252,84836,ZINC METAL HEART DECORATION,12,2011-03-10 14:42:00,1.25,14930,Channel Islands,False
567375,22778,GLASS CLOCHE SMALL,4,2011-09-20 09:45:00,3.95,14766,United Kingdom,False
C570958,22900,SET 2 TEA TOWELS I LOVE LONDON,-2,2011-10-13 11:30:00,3.25,16873,United Kingdom,True
578697,22749,FELTCRAFT PRINCESS CHARLOTTE DOLL,4,2011-11-25 10:03:00,3.75,14132,United Kingdom,False
561025,23322,LARGE WHITE HEART OF WICKER,1,2011-07-24 10:37:00,2.95,16241,United Kingdom,False
545895,35471D,SET OF 3 BIRD LIGHT PINK FEATHER,4,2011-03-07 17:14:00,2.46,,United Kingdom,False
543013,22167,OVAL WALL MIRROR DIAMANTE,1,2011-02-02 13:35:00,8.29,,United Kingdom,False
558105,22993,SET OF 4 PANTRY JELLY MOULDS,2,2011-06-26 14:54:00,1.25,15644,United Kingdom,False
560268,22607,WOODEN ROUNDERS GARDEN SET,4,2011-07-17 14:07:00,9.95,13880,United Kingdom,False
539492,22750,FELTCRAFT PRINCESS LOLA DOLL,1,2010-12-20 10:14:00,7.62,,United Kingdom,False
541410,22629,SPACEBOY LUNCH BOX,12,2011-01-17 16:06:00,1.95,13089,United Kingdom,False
558777,22907,PACK OF 20 NAPKINS PANTRY DESIGN,1,2011-07-04 10:23:00,1.63,,United Kingdom,False
540183,84077,WORLD WAR 2 GLIDERS ASSTD DESIGNS,288,2011-01-05 13:37:00,0.21,15093,United Kingdom,False
561037,23288,GREEN VINTAGE SPOT BEAKER,8,2011-07-24 11:55:00,0.85,12472,Germany,False
552651,22907,PACK OF 20 NAPKINS PANTRY DESIGN,12,2011-05-10 14:09:00,0.85,16431,United Kingdom,False
576617,22995,TRAVEL CARD WALLET SUKI,4,2011-11-15 16:57:00,0.83,,United Kingdom,False
577545,21990,MODERN FLORAL STATIONERY SET,3,2011-11-20 14:43:00,1.25,16931,United Kingdom,False
569828,23396,LE JARDIN BOTANIQUE CUSHION COVER,2,2011-10-06 12:35:00,3.75,14527,United Kingdom,False
536846,22501,PICNIC BASKET WICKER LARGE,1,2010-12-02 19:59:00,9.95,14573,United Kingdom,False
570512,48187,DOORMAT NEW ENGLAND,10,2011-10-11 10:31:00,7.08,14952,United Kingdom,False
549667,21980,PACK OF 12 RED RETROSPOT TISSUES,24,2011-04-11 12:20:00,0.29,14911,EIRE,False
575649,23344,JUMBO BAG 50'S CHRISTMAS,9,2011-11-10 14:23:00,2.08,,United Kingdom,False
560262,22084,PAPER CHAIN KIT EMPIRE,1,2011-07-17 13:40:00,2.95,14224,United Kingdom,False
545217,21929,JUMBO BAG PINK VINTAGE PAISLEY,2,2011-02-28 16:59:00,4.13,,United Kingdom,False
558538,23322,LARGE WHITE HEART OF WICKER,2,2011-06-30 12:12:00,2.95,15005,United Kingdom,False
562539,84879,ASSORTED COLOUR BIRD ORNAMENT,1,2011-08-05 15:30:00,1.69,17220,United Kingdom,False
540026,85087,CANDY SPOT CUSHION COVER,2,2011-01-04 13:25:00,3.36,,United Kingdom,False
569545,21232,STRAWBERRY CERAMIC TRINKET BOX,1,2011-10-04 16:37:00,2.46,,United Kingdom,False
579188,23206,LUNCH BAG APPLE DESIGN,3,2011-11-28 15:34:00,1.65,12748,United Kingdom,False
558194,23120,PACK OF 6 SMALL FRUIT STRAWS,4,2011-06-27 12:28:00,0.42,14583,United Kingdom,False
568397,72760B,VINTAGE CREAM 3 BASKET CAKE STAND,2,2011-09-27 10:24:00,9.95,15745,United Kingdom,False
569028,23350,ROLL WRAP VINTAGE SPOT,12,2011-09-30 10:20:00,1.25,14911,EIRE,False
542360,85123A,WHITE HANGING HEART T-LIGHT HOLDER,2,2011-01-27 12:40:00,2.95,14701,United Kingdom,False
538184,22493,PAINT YOUR OWN CANVAS SET,12,2010-12-10 10:21:00,1.65,17880,United Kingdom,False
572298,23555,LANDMARK FRAME NOTTING HILL,1,2011-10-23 14:33:00,12.5,14071,United Kingdom,False
548189,22332,SKULLS PARTY BAG + STICKER SET,8,2011-03-29 15:15:00,1.65,16607,United Kingdom,False
545188,21790,VINTAGE SNAP CARDS,6,2011-02-28 15:19:00,0.85,14056,United Kingdom,False
550615,47590B,PINK HAPPY BIRTHDAY BUNTING,3,2011-04-19 12:41:00,5.45,16730,United Kingdom,False
553856,21043,APRON MODERN VINTAGE COTTON,2,2011-05-19 13:28:00,1.95,16813,United Kingdom,False
579512,21934,SKULL SHOULDER BAG,8,2011-11-29 16:47:00,1.63,,United Kingdom,False
577469,22423,REGENCY CAKESTAND 3 TIER,1,2011-11-20 11:25:00,12.75,15009,United Kingdom,False
562715,22476,EMPIRE UNION JACK TV DINNER TRAY,1,2011-08-08 15:34:00,10.79,,United Kingdom,False
554989,20766,GARDEN PATH SKETCHBOOK,1,2011-05-29 13:50:00,3.75,15897,United Kingdom,False
566477,23025,DRAWER KNOB VINTAGE GLASS BALL,6,2011-09-13 09:03:00,2.08,14359,United Kingdom,False
557960,22918,HERB MARKER PARSLEY,5,2011-06-23 19:46:00,0.65,15453,United Kingdom,False
547555,21915,RED  HARMONICA IN BOX,12,2011-03-23 16:35:00,1.25,14075,United Kingdom,False
545398,22898,CHILDRENS APRON APPLES DESIGN,8,2011-03-02 11:43:00,1.95,13722,United Kingdom,False
577536,22573,STAR WOODEN CHRISTMAS DECORATION,1,2011-11-20 14:14:00,0.85,15850,United Kingdom,False
580729,22996,TRAVEL CARD WALLET VINTAGE TICKET,3,2011-12-05 17:24:00,0.83,,United Kingdom,False
578093,21430,SET/3 RED GINGHAM ROSE STORAGE BOX,4,2011-11-22 17:21:00,3.75,14911,EIRE,False
559910,23188,VINTAGE  2 METER FOLDING RULER,12,2011-07-13 14:29:00,1.65,18245,United Kingdom,False
537434,21012,ANTIQUE ALL GLASS CANDLESTICK,7,2010-12-06 16:57:00,2.51,,United Kingdom,False
558994,22487,WHITE WOOD GARDEN PLANT LADDER,4,2011-07-05 11:58:00,8.5,13854,United Kingdom,False
559923,21519,GIN & TONIC DIET GREETING CARD,2,2011-07-13 16:07:00,0.83,,United Kingdom,False
559903,22961,JAM MAKING SET PRINTED,12,2011-07-13 13:16:00,1.45,12935,United Kingdom,False
569700,21231,SWEETHEART CERAMIC TRINKET BOX,1,2011-10-05 15:56:00,2.46,,United Kingdom,False
577490,22951,60 CAKE CASES DOLLY GIRL DESIGN,2,2011-11-20 12:11:00,0.55,16464,United Kingdom,False
537366,21034,REX CASH+CARRY JUMBO SHOPPER,1,2010-12-06 12:39:00,0.95,14085,United Kingdom,False
576667,23344,JUMBO BAG 50'S CHRISTMAS,20,2011-11-16 11:48:00,2.08,12963,United Kingdom,False
571441,71477,COLOUR GLASS. STAR T-LIGHT HOLDER,2,2011-10-17 13:31:00,6.63,14096,United Kingdom,False
573405,23407,SET OF 2 TRAYS HOME SWEET HOME,1,2011-10-30 15:55:00,9.95,13822,United Kingdom,False
567670,22361,GLASS JAR DAISY FRESH COTTON WOOL,1,2011-09-21 15:32:00,5.79,,United Kingdom,False
569414,21671,RED SPOT CERAMIC DRAWER KNOB,8,2011-10-04 10:11:00,3.29,,United Kingdom,False
566581,82494L,WOODEN FRAME ANTIQUE WHITE,12,2011-09-13 13:47:00,2.95,16081,United Kingdom,False
571508,21207,SKULL AND CROSSBONES  GARLAND,2,2011-10-17 15:27:00,1.63,,United Kingdom,False
557502,20707,CRAZY DAISY HEART DECORATION,1,2011-06-20 15:32:00,0.83,,United Kingdom,False
569137,85123a,WHITE HANGING HEART T-LIGHT HOLDER,2,2011-09-30 14:45:00,6.63,,United Kingdom,False
552692,22631,CIRCUS PARADE LUNCH BOX,12,2011-05-10 15:19:00,1.95,13990,United Kingdom,False
555025,22193,RED DINER WALL CLOCK,2,2011-05-31 11:21:00,8.5,17648,United Kingdom,False
C555345,22630,DOLLY GIRL LUNCH BOX,-2,2011-06-02 11:51:00,1.95,13267,United Kingdom,True
548358,22348,TEA BAG PLATE RED RETROSPOT,12,2011-03-30 15:29:00,0.85,15832,United Kingdom,False
564352,22729,ALARM CLOCK BAKELIKE ORANGE,4,2011-08-24 15:04:00,3.75,14262,United Kingdom,False
551520,22079,RIBBON REEL HEARTS DESIGN,5,2011-05-01 11:55:00,1.65,13301,United Kingdom,False
541424,85071C,"CHARLIE+LOLA""EXTREMELY BUSY"" SIGN",4,2011-01-17 17:57:00,0.83,,United Kingdom,False
552298,22303,COFFEE MUG APPLES DESIGN,6,2011-05-08 14:18:00,2.55,14507,United Kingdom,False
577109,22725,ALARM CLOCK BAKELIKE CHOCOLATE,4,2011-11-17 17:50:00,3.75,16042,United Kingdom,False
575740,47590B,PINK HAPPY BIRTHDAY BUNTING,3,2011-11-11 09:25:00,5.45,18130,United Kingdom,False
549360,47566,PARTY BUNTING,4,2011-04-08 11:23:00,4.95,17035,United Kingdom,False
578335,23318,BOX OF 6 MINI VINTAGE CRACKERS,6,2011-11-24 09:06:00,2.49,17481,United Kingdom,False
553724,21166,COOK WITH WINE METAL SIGN,12,2011-05-18 16:50:00,2.08,17047,United Kingdom,False
539744,22625,RED KITCHEN SCALES,1,2010-12-21 15:21:00,16.98,,United Kingdom,False
567142,22630,DOLLY GIRL LUNCH BOX,12,2011-09-16 14:55:00,1.95,14262,United Kingdom,False
565725,84879,ASSORTED COLOUR BIRD ORNAMENT,8,2011-09-06 11:55:00,1.69,13949,United Kingdom,False
578343,20963,APPLE BATH SPONGE,20,2011-11-24 09:21:00,1.25,13277,United Kingdom,False
575392,23368,SET 12 COLOUR PENCILS DOLLY GIRL,16,2011-11-09 15:42:00,0.65,14234,United Kingdom,False
579777,23265,SET OF 3 WOODEN TREE DECORATIONS,3,2011-11-30 15:13:00,2.46,,United Kingdom,False
544434,84596F,SMALL MARSHMALLOWS PINK BOWL,2,2011-02-18 16:12:00,2.46,,United Kingdom,False
538419,21981,PACK OF 12 WOODLAND TISSUES,1,2010-12-12 12:01:00,0.29,16367,United Kingdom,False
580146,22197,POPCORN HOLDER,48,2011-12-02 10:07:00,2.46,,United Kingdom,False
578461,23042,PAPER LANTERN 7 POINT SNOW STAR,5,2011-11-24 12:30:00,6.65,12748,United Kingdom,False
550829,23133,LARGE IVORY HEART WALL ORGANISER,1,2011-04-21 10:19:00,8.25,17841,United Kingdom,False
541875,22708,WRAP DOLLY GIRL,25,2011-01-24 10:01:00,0.42,16558,United Kingdom,False
567340,23240,SET OF 4 KNICK KNACK TINS DOILY,12,2011-09-19 15:02:00,4.15,12540,Spain,False
540468,22757,LARGE RED BABUSHKA NOTEBOOK,4,2011-01-07 13:55:00,2.51,,United Kingdom,False
570594,23312,VINTAGE CHRISTMAS GIFT SACK,4,2011-10-11 11:43:00,4.15,13517,United Kingdom,False
542371,22554,PLASTERS IN TIN WOODLAND ANIMALS,12,2011-01-27 13:29:00,1.65,12468,Germany,False
547712,22846,BREAD BIN DINER STYLE RED,1,2011-03-24 19:31:00,16.95,16905,United Kingdom,False
538177,22768,FAMILY PHOTO FRAME CORNICE,1,2010-12-10 09:51:00,20.38,,United Kingdom,False
557324,22286,DECORATION WOBBLY RABBIT METAL,2,2011-06-20 09:41:00,3.29,,United Kingdom,False
562543,23189,SET OF 12 FORK CANDLES,48,2011-08-05 15:45:00,2.49,13552,United Kingdom,False
540517,51014A,"FEATHER PEN,HOT PINK",12,2011-01-09 12:02:00,0.85,17128,United Kingdom,False
553167,23205,CHARLOTTE BAG VINTAGE ALPHABET,1,2011-05-13 16:19:00,2.46,,United Kingdom,False
576617,21803,CHRISTMAS TREE STAR DECORATION,9,2011-11-15 16:57:00,0.42,,United Kingdom,False
543507,21213,PACK OF 72 SKULL CAKE CASES,2,2011-02-09 10:49:00,0.55,15039,United Kingdom,False
577010,22615,PACK OF 12 CIRCUS PARADE TISSUES,3,2011-11-17 12:11:00,0.39,15506,United Kingdom,False
569545,23199,JUMBO BAG APPLES,1,2011-10-04 16:37:00,4.13,,United Kingdom,False
580979,23390,DOLLY GIRL MINI BACKPACK,4,2011-12-06 15:40:00,4.15,12362,Belgium,False
547934,22551,PLASTERS IN TIN SPACEBOY,12,2011-03-28 14:07:00,1.65,12474,Germany,False
572103,22476,EMPIRE UNION JACK TV DINNER TRAY,2,2011-10-20 15:57:00,4.95,17571,United Kingdom,False
543909,22248,DECORATION  PINK CHICK MAGIC GARDEN,1,2011-02-14 12:32:00,1.63,,United Kingdom,False
539458,22571,ROCKING HORSE RED CHRISTMAS,1,2010-12-17 17:30:00,0.85,,United Kingdom,False
547896,22064,PINK DOUGHNUT TRINKET POT,1,2011-03-28 11:34:00,1.65,17841,United Kingdom,False
565226,21975,PACK OF 60 DINOSAUR CAKE CASES,24,2011-09-02 08:50:00,0.55,16992,United Kingdom,False
568152,84380,SET OF 3 BUTTERFLY COOKIE CUTTERS,7,2011-09-25 11:40:00,1.45,16480,United Kingdom,False
561502,21479,WHITE SKULL HOT WATER BOTTLE,4,2011-07-27 14:14:00,3.75,14305,United Kingdom,False
547867,21584,RETROSPOT SMALL TUBE MATCHES,1,2011-03-27 13:56:00,1.65,13357,United Kingdom,False
551174,22969,HOMEMADE JAM SCENTED CANDLES,1,2011-04-26 17:02:00,3.29,,United Kingdom,False
550130,84997B,CHILDRENS CUTLERY RETROSPOT RED,2,2011-04-14 13:17:00,4.15,14390,United Kingdom,False
545690,85123A,WHITE HANGING HEART T-LIGHT HOLDER,3,2011-03-06 12:46:00,2.95,13263,United Kingdom,False
580677,84987,SET OF 36 TEATIME PAPER DOILIES,1,2011-12-05 14:40:00,1.45,16200,United Kingdom,False
570333,23101,SILVER STARS TABLE DECORATION,1,2011-10-10 12:19:00,0.83,18126,United Kingdom,False
537623,22738,RIBBON REEL SNOWY VILLAGE,5,2010-12-07 14:31:00,1.65,15858,United Kingdom,False
574756,23583,LUNCH BAG PAISLEY PARK,10,2011-11-07 09:40:00,1.65,13534,United Kingdom,False
578515,23570,TRADITIONAL PICK UP STICKS GAME,2,2011-11-24 13:40:00,1.25,16885,United Kingdom,False
550636,22229,BUNNY WOODEN PAINTED WITH FLOWER,1,2011-04-19 15:37:00,1.63,,United Kingdom,False
579142,22551,PLASTERS IN TIN SPACEBOY,6,2011-11-28 13:06:00,1.65,16744,United Kingdom,False
546866,47480,HANGING PHOTO CLIP ROPE LADDER,2,2011-03-17 15:47:00,1.65,14462,United Kingdom,False
575855,23395,BELLE JARDINIERE CUSHION COVER,2,2011-11-11 12:24:00,3.75,14527,United Kingdom,False
572096,21905,MORE BUTTER METAL SIGN,2,2011-10-20 15:20:00,0.79,16813,United Kingdom,False
561325,22979,PANTRY WASHING UP BRUSH,1,2011-07-26 13:46:00,1.45,17596,United Kingdom,False
563565,22501,PICNIC BASKET WICKER LARGE,2,2011-08-17 14:22:00,9.95,17338,United Kingdom,False
544467,21539,RED RETROSPOT BUTTER DISH,1,2011-02-20 15:51:00,4.95,14502,United Kingdom,False
563404,22147,FELTCRAFT BUTTERFLY HEARTS,12,2011-08-16 11:04:00,1.45,16303,United Kingdom,False
542360,22470,HEART OF WICKER LARGE,3,2011-01-27 12:40:00,2.95,14701,United Kingdom,False
574682,23247,BISCUIT TIN 50'S CHRISTMAS,1,2011-11-06 12:44:00,2.89,14963,United Kingdom,False
537822,22354,RETROSPOT PADDED SEAT CUSHION,15,2010-12-08 14:22:00,3.75,13523,United Kingdom,False
542393,21889,WOODEN BOX OF DOMINOES,5,2011-01-27 15:02:00,1.25,18125,United Kingdom,False
542607,22935,BAKING MOULD ROSE MILK CHOCOLATE,1,2011-01-30 13:48:00,3.25,13148,United Kingdom,False
580115,23298,SPOTTY BUNTING,1,2011-12-01 16:22:00,10.79,,United Kingdom,False
568191,22941,CHRISTMAS LIGHTS 10 REINDEER,6,2011-09-25 14:37:00,8.5,16655,United Kingdom,False
578015,22594,CHRISTMAS GINGHAM TREE,48,2011-11-22 12:58:00,0.85,12971,United Kingdom,False
565616,23318,BOX OF 6 MINI VINTAGE CRACKERS,6,2011-09-05 15:26:00,2.49,15238,United Kingdom,False
576076,22077,6 RIBBONS RUSTIC CHARM,1,2011-11-13 16:18:00,1.95,14382,United Kingdom,False
575753,47422,ASSORTED MONKEY SUCTION CUP HOOK,4,2011-11-11 10:41:00,0.42,17841,United Kingdom,False
576364,84988,SET OF 72 PINK HEART PAPER DOILIES,2,2011-11-14 17:40:00,1.45,15009,United Kingdom,False
542692,22148,EASTER CRAFT 4 CHICKS,5,2011-01-31 12:35:00,1.95,14467,United Kingdom,False
579543,23553,LANDMARK FRAME CAMDEN TOWN,1,2011-11-30 10:14:00,12.5,14653,United Kingdom,False
547087,21094,SET/6 RED SPOTTY PAPER PLATES,24,2011-03-20 15:58:00,0.85,12726,France,False
549262,22030,SWALLOWS GREETING CARD,12,2011-04-07 12:38:00,0.42,14465,United Kingdom,False
575837,23506,MINI PLAYING CARDS SPACEBOY,1,2011-11-11 11:37:00,0.42,12748,United Kingdom,False
543040,21498,RED RETROSPOT WRAP,25,2011-02-02 17:06:00,0.42,17337,United Kingdom,False
544934,22662,LUNCH BAG DOLLY GIRL DESIGN,10,2011-02-25 09:01:00,1.65,13345,United Kingdom,False
564660,22993,SET OF 4 PANTRY JELLY MOULDS,12,2011-08-26 14:45:00,1.25,15074,United Kingdom,False
559337,21707,FOLDING UMBRELLA BLACKBLUE POLKADOT,1,2011-07-07 16:27:00,3.29,,United Kingdom,False
536752,15056BL,EDWARDIAN PARASOL BLACK,6,2010-12-02 14:06:00,4.95,17850,United Kingdom,False
562719,22169,FAMILY ALBUM WHITE PICTURE FRAME,1,2011-08-08 16:15:00,8.5,16365,United Kingdom,False
543448,21082,SET/20 FRUIT SALAD PAPER NAPKINS,3,2011-02-08 12:12:00,1.63,,United Kingdom,False
560222,72741,GRAND CHOCOLATECANDLE,9,2011-07-15 15:28:00,1.45,14293,United Kingdom,False
538827,22344,PARTY PIZZA DISH PINK POLKADOT,48,2010-12-14 12:59:00,0.21,14298,United Kingdom,False
544941,47590A,BLUE HAPPY BIRTHDAY BUNTING,2,2011-02-25 10:25:00,5.45,12841,United Kingdom,False
578463,23368,SET 12 COLOUR PENCILS DOLLY GIRL,16,2011-11-24 12:30:00,0.65,12757,Portugal,False
538353,82583,HOT BATHS METAL SIGN,144,2010-12-10 15:31:00,1.69,13798,United Kingdom,False
570598,23406,HOME SWEET HOME KEY HOLDER,4,2011-10-11 11:55:00,6.25,14175,United Kingdom,False
537199,22156,HEART DECORATION WITH PEARLS,1,2010-12-05 14:06:00,0.85,15894,United Kingdom,False
541516,21026,SPACE OWL,5,2011-01-18 17:34:00,0.83,,United Kingdom,False
544657,22084,PAPER CHAIN KIT EMPIRE,12,2011-02-22 13:08:00,2.95,14895,United Kingdom,False
562933,85131C,BEADED CRYSTAL HEART BLUE ON STICK,1,2011-08-10 16:51:00,0.83,,United Kingdom,False
541827,22473,TV DINNER TRAY VINTAGE PAISLEY,2,2011-01-21 17:05:00,4.13,,United Kingdom,False
567667,72741,GRAND CHOCOLATECANDLE,3,2011-09-21 15:24:00,2.76,,United Kingdom,False
540536,22843,BISCUIT TIN VINTAGE GREEN,1,2011-01-09 14:21:00,6.75,17757,United Kingdom,False
581492,23551,PACK OF 12 PAISLEY PARK TISSUES,1,2011-12-09 10:03:00,0.83,,United Kingdom,False
550471,84970S,HANGING HEART ZINC T-LIGHT HOLDER,7,2011-04-18 13:52:00,2.08,,United Kingdom,False
542355,48187,DOORMAT NEW ENGLAND,10,2011-01-27 12:23:00,6.75,14970,United Kingdom,False
566912,21166,COOK WITH WINE METAL SIGN,12,2011-09-15 14:05:00,2.08,14367,United Kingdom,False
552819,84755,COLOUR GLASS T-LIGHT HOLDER HANGING,144,2011-05-11 12:50:00,0.55,16652,United Kingdom,False
566221,23171,REGENCY TEA PLATE GREEN,2,2011-09-09 16:13:00,3.29,,United Kingdom,False
551340,20716,PARTY FOOD SHOPPER BAG,1,2011-04-27 17:23:00,0.83,,United Kingdom,False
544914,22662,LUNCH BAG DOLLY GIRL DESIGN,10,2011-02-24 15:39:00,1.65,16722,United Kingdom,False
539461,22988,SOLDIERS EGG CUP,12,2010-12-19 10:21:00,1.25,17243,United Kingdom,False
575298,21916,SET 12 RETRO WHITE CHALK STICKS,3,2011-11-09 12:29:00,0.42,17841,United Kingdom,False
564139,84596G,SMALL CHOCOLATES PINK BOWL,1,2011-08-23 11:41:00,0.42,16904,United Kingdom,False
547538,22386,JUMBO BAG PINK POLKADOT,10,2011-03-23 15:17:00,1.95,13534,United Kingdom,False
557027,22666,RECIPE BOX PANTRY YELLOW DESIGN,6,2011-06-16 13:24:00,2.95,12816,Poland,False
574671,23321,SMALL WHITE HEART OF WICKER,2,2011-11-06 12:23:00,1.65,16744,United Kingdom,False
574547,23264,SET OF 3 WOODEN SLEIGH DECORATIONS,3,2011-11-04 15:08:00,1.25,17841,United Kingdom,False
570703,84991,60 TEATIME FAIRY CAKE CASES,24,2011-10-12 09:50:00,0.55,14911,EIRE,False
577769,22553,PLASTERS IN TIN SKULLS,24,2011-11-21 15:27:00,1.65,16379,United Kingdom,False
556812,22507,MEMO BOARD RETROSPOT  DESIGN,1,2011-06-14 17:25:00,10.79,,United Kingdom,False
559812,22556,PLASTERS IN TIN CIRCUS PARADE,1,2011-07-12 15:29:00,1.65,15051,United Kingdom,False
567917,72818,CHRISTMAS DECOUPAGE CANDLE,72,2011-09-22 17:19:00,0.39,14298,United Kingdom,False
578517,23581,JUMBO BAG PAISLEY PARK,20,2011-11-24 13:53:00,2.08,16523,United Kingdom,False
545028,22487,WHITE WOOD GARDEN PLANT LADDER,8,2011-02-25 15:21:00,8.5,13973,United Kingdom,False
543309,21651,HANGING GLASS ETCHED TEALIGHT,1,2011-02-07 12:05:00,1.65,18118,United Kingdom,False
568901,21034,REX CASH+CARRY JUMBO SHOPPER,1,2011-09-29 13:22:00,0.95,15050,United Kingdom,False
570288,22142,CHRISTMAS CRAFT WHITE FAIRY,4,2011-10-10 11:47:00,1.45,16960,United Kingdom,False
567889,71477,COLOUR GLASS. STAR T-LIGHT HOLDER,8,2011-09-22 15:39:00,3.95,16633,United Kingdom,False
564135,84987,SET OF 36 TEATIME PAPER DOILIES,3,2011-08-23 11:12:00,1.45,16550,United Kingdom,False
574536,22315,200 RED + WHITE BENDY STRAWS,1,2011-11-04 14:35:00,1.25,15707,United Kingdom,False
553021,21523,DOORMAT FANCY FONT HOME SWEET HOME,4,2011-05-12 19:22:00,7.95,18172,United Kingdom,False
537193,22862,LOVE HEART NAPKIN BOX,4,2010-12-05 13:49:00,4.25,15023,United Kingdom,False
581492,22798,ANTIQUE GLASS DRESSING TABLE POT,3,2011-12-09 10:03:00,5.79,,United Kingdom,False
545045,22726,ALARM CLOCK BAKELIKE GREEN,1,2011-02-27 11:40:00,3.75,15708,United Kingdom,False
571239,21948,SET OF 6 CAKE CHOPSTICKS,12,2011-10-14 14:54:00,1.25,12744,Singapore,False
538866,22654,DELUXE SEWING KIT,4,2010-12-14 14:40:00,5.95,17841,United Kingdom,False
566345,20726,LUNCH BAG WOODLAND,10,2011-09-12 12:27:00,1.65,17685,United Kingdom,False
561030,23298,SPOTTY BUNTING,2,2011-07-24 11:25:00,4.95,16407,United Kingdom,False
539993,22808,SET OF 6 T-LIGHTS EASTER CHICKS,12,2011-01-04 10:00:00,2.95,13313,United Kingdom,False
577058,23497,CLASSIC CHROME BICYCLE BELL,1,2011-11-17 14:29:00,1.45,18122,United Kingdom,False
575392,22959,WRAP CHRISTMAS VILLAGE,25,2011-11-09 15:42:00,0.42,14234,United Kingdom,False
569894,22959,WRAP CHRISTMAS VILLAGE,25,2011-10-06 15:53:00,0.42,15707,United Kingdom,False
551717,85231B,CINAMMON SET OF 9 T-LIGHTS,2,2011-05-03 15:59:00,0.85,13263,United Kingdom,False
579412,23429,RED RETRO KITCHEN WALL CLOCK,2,2011-11-29 12:47:00,8.15,14125,United Kingdom,False
570697,21823,PAINTED METAL HEART WITH HOLLY BELL,24,2011-10-12 09:10:00,0.39,15281,United Kingdom,False
543031,22178,VICTORIAN GLASS HANGING T-LIGHT,12,2011-02-02 15:26:00,1.25,14798,United Kingdom,False
571682,22139,RETROSPOT TEA SET CERAMIC 11 PC,1,2011-10-18 14:00:00,4.95,14179,United Kingdom,False
542520,85231B,CINAMMON SET OF 9 T-LIGHTS,4,2011-01-28 12:21:00,0.85,15547,United Kingdom,False
560244,21900,"KEY FOB , SHED",3,2011-07-17 12:14:00,0.65,16931,United Kingdom,False
554628,21928,JUMBO BAG SCANDINAVIAN BLUE PAISLEY,10,2011-05-25 11:26:00,2.08,15039,United Kingdom,False
546160,22745,POPPY'S PLAYHOUSE BEDROOM,60,2011-03-10 09:49:00,1.85,15838,United Kingdom,False
580025,21390,FILIGRIS HEART WITH BUTTERFLY,2,2011-12-01 11:53:00,1.25,15021,United Kingdom,False
559145,23236,DOILEY STORAGE TIN,6,2011-07-06 14:17:00,2.89,17404,Sweden,False
576255,22941,CHRISTMAS LIGHTS 10 REINDEER,3,2011-11-14 14:09:00,8.5,15993,United Kingdom,False
564643,82552,WASHROOM METAL SIGN,4,2011-08-26 13:25:00,1.45,15356,United Kingdom,False
569461,21212,PACK OF 72 RETROSPOT CAKE CASES,24,2011-10-04 11:36:00,0.55,16556,United Kingdom,False
544676,22997,TRAVEL CARD WALLET UNION JACK,2,2011-02-22 16:03:00,0.42,17841,United Kingdom,False
566315,20838,FRENCH LATTICE CUSHION COVER,12,2011-09-12 10:01:00,0.85,15392,United Kingdom,False
541421,20975,12 PENCILS SMALL TUBE RED RETROSPOT,1,2011-01-17 17:44:00,1.25,,United Kingdom,False
549448,22107,PIZZA PLATE IN BOX,4,2011-04-08 14:07:00,3.75,13078,United Kingdom,False
557595,22630,DOLLY GIRL LUNCH BOX,2,2011-06-21 11:19:00,1.95,15507,United Kingdom,False
553890,17129F,BLUE GLASS GEMS IN BAG,6,2011-05-19 16:32:00,1.63,,United Kingdom,False
544368,85227,SET OF 6 3D KIT CARDS FOR KIDS,8,2011-02-18 11:27:00,0.85,14057,United Kingdom,False
538801,84915,HAND TOWEL PINK FLOWER AND DAISY,10,2010-12-14 11:51:00,1.25,16083,United Kingdom,False
547044,21983,PACK OF 12 BLUE PAISLEY TISSUES,12,2011-03-20 11:33:00,0.29,14071,United Kingdom,False
536876,22593,CHRISTMAS GINGHAM STAR,3,2010-12-03 11:36:00,1.66,,United Kingdom,False
579508,20972,PINK CREAM FELT CRAFT TRINKET BOX,1,2011-11-29 16:33:00,2.46,,United Kingdom,False
567976,22355,CHARLOTTE BAG SUKI DESIGN,10,2011-09-23 10:26:00,0.85,13127,United Kingdom,False
555835,22077,6 RIBBONS RUSTIC CHARM,1,2011-06-07 12:34:00,1.65,14525,United Kingdom,False
559919,22045,SPACEBOY GIFT WRAP,200,2011-07-13 15:30:00,0.34,12415,Australia,False
544694,48187,DOORMAT NEW ENGLAND,2,2011-02-23 09:30:00,7.95,17706,United Kingdom,False
575846,84569A,PACK 3 IRON ON DOG PATCHES,8,2011-11-11 12:07:00,1.25,17364,United Kingdom,False
563656,23350,ROLL WRAP VINTAGE SPOT,12,2011-08-18 10:48:00,1.25,15615,United Kingdom,False
579328,22961,JAM MAKING SET PRINTED,12,2011-11-29 11:40:00,1.45,17711,United Kingdom,False
545568,21090,SET/6 COLLAGE PAPER PLATES,2,2011-03-03 16:22:00,0.83,,United Kingdom,False
568346,22489,PACK OF 12 TRADITIONAL CRAYONS,1,2011-09-26 15:28:00,0.83,14096,United Kingdom,False
546119,20974,12 PENCILS SMALL TUBE SKULL,24,2011-03-09 14:22:00,0.65,16945,United Kingdom,False
556107,22766,PHOTO FRAME CORNICE,2,2011-06-08 17:09:00,2.95,17360,United Kingdom,False
579740,23229,VINTAGE DONKEY TAIL GAME,1,2011-11-30 14:30:00,3.75,,United Kingdom,False
561200,84945,MULTI COLOUR SILVER T-LIGHT HOLDER,24,2011-07-25 15:01:00,0.85,13695,United Kingdom,False
536415,22529,MAGIC DRAWING SLATE GO TO THE FAIR,3,2010-12-01 11:57:00,0.42,12838,United Kingdom,False
548714,22851,SET 20 NAPKINS FAIRY CAKES DESIGN,1,2011-04-03 15:07:00,0.85,17337,United Kingdom,False
574036,23480,MINI LIGHTS WOODLAND MUSHROOMS,8,2011-11-02 12:46:00,3.75,16607,United Kingdom,False
C548577,21154,RED RETROSPOT OVEN GLOVE,-200,2011-04-01 10:46:00,1.06,13694,United Kingdom,True
575169,22624,IVORY KITCHEN SCALES,2,2011-11-08 17:21:00,8.5,14367,United Kingdom,False
562275,22898,CHILDRENS APRON APPLES DESIGN,8,2011-08-04 10:04:00,1.95,12689,France,False
541256,20725,LUNCH BAG RED RETROSPOT,10,2011-01-16 14:36:00,1.65,13048,United Kingdom,False
557645,23270,SET OF 2 CERAMIC PAINTED HEARTS,4,2011-06-21 17:08:00,1.45,,United Kingdom,False
567183,46000S,POLYESTER FILLER PAD 40X40CM,6,2011-09-18 15:32:00,1.45,14769,United Kingdom,False
543518,22857,ASSORTED EASTER GIFT TAGS,60,2011-02-09 11:21:00,0.85,12753,Japan,False
546638,21155,RED RETROSPOT PEG BAG,6,2011-03-15 12:52:00,2.55,15106,United Kingdom,False
549586,20724,RED RETROSPOT CHARLOTTE BAG,33,2011-04-11 10:00:00,2.46,,United Kingdom,False
579512,22800,ANTIQUE TALL SWIRLGLASS TRINKET POT,1,2011-11-29 16:47:00,7.46,,United Kingdom,False
572457,22271,FELTCRAFT DOLL ROSIE,6,2011-10-24 12:44:00,2.95,12594,Italy,False
580504,22908,PACK OF 20 NAPKINS RED APPLES,1,2011-12-04 13:32:00,0.85,17936,United Kingdom,False
550819,22776,SWEETHEART CAKESTAND 3 TIER,1,2011-04-20 17:37:00,9.95,17530,United Kingdom,False
580358,23084,RABBIT NIGHT LIGHT,5,2011-12-02 16:07:00,2.08,17238,United Kingdom,False
560385,84968A,SET OF 16 VINTAGE ROSE CUTLERY,1,2011-07-18 12:53:00,12.75,14583,United Kingdom,False
579187,23419,HOME SWEET HOME BOTTLE,1,2011-11-28 15:31:00,4.13,,United Kingdom,False
536412,22243,5 HOOK HANGER RED MAGIC TOADSTOOL,6,2010-12-01 11:49:00,1.65,17920,United Kingdom,False
572058,23146,TRIPLE HOOK ANTIQUE IVORY ROSE,1,2011-10-20 12:43:00,3.29,18252,United Kingdom,False
559711,20726,LUNCH BAG WOODLAND,10,2011-07-12 10:46:00,1.65,13590,United Kingdom,False
540976,84817,DANISH ROSE DECORATIVE PLATE,24,2011-01-12 15:00:00,0.42,12652,France,False
554992,23084,RABBIT NIGHT LIGHT,1,2011-05-29 14:08:00,2.08,16686,United Kingdom,False
579094,23115,RED APPLES CHOPPING BOARD,3,2011-11-28 10:56:00,4.95,12668,Germany,False
567203,85099B,JUMBO BAG RED RETROSPOT,20,2011-09-19 10:42:00,2.08,16080,United Kingdom,False
547553,22566,FELTCRAFT HAIRBAND PINK AND PURPLE,2,2011-03-23 16:00:00,0.85,15644,United Kingdom,False
556812,85231G,ORANGE SCENTED SET/9 T-LIGHTS,1,2011-06-14 17:25:00,1.63,,United Kingdom,False
563345,23308,SET OF 60 VINTAGE LEAF CAKE CASES,24,2011-08-15 13:22:00,0.55,12619,Germany,False
552365,23209,LUNCH BAG DOILEY PATTERN,1,2011-05-09 12:25:00,1.65,16440,United Kingdom,False
542344,21107,CREAM SLICE FLANNEL PINK SPOT,1,2011-01-27 11:30:00,5.79,,United Kingdom,False
568831,21756,BATH BUILDING BLOCK WORD,2,2011-09-29 11:35:00,6.25,16059,United Kingdom,False
564716,23289,DOLLY GIRL CHILDRENS BOWL,2,2011-08-28 11:02:00,1.25,14810,United Kingdom,False
570244,22077,6 RIBBONS RUSTIC CHARM,24,2011-10-09 16:05:00,1.95,14514,United Kingdom,False
549734,21871,SAVE THE PLANET MUG,6,2011-04-11 17:12:00,1.25,16409,United Kingdom,False
545317,22619,SET OF 6 SOLDIER SKITTLES,1,2011-03-01 14:14:00,7.46,,United Kingdom,False
561430,20972,PINK CREAM FELT CRAFT TRINKET BOX,12,2011-07-27 11:29:00,1.25,15172,United Kingdom,False
580660,22865,HAND WARMER OWL DESIGN,24,2011-12-05 13:49:00,2.1,16592,United Kingdom,False
574074,23099,FRENCH CARRIAGE LANTERN,2,2011-11-02 15:33:00,13.29,,United Kingdom,False
569722,20712,JUMBO BAG WOODLAND ANIMALS,10,2011-10-06 09:31:00,2.08,12431,Australia,False
562542,85049G,CHOCOLATE BOX RIBBONS,2,2011-08-05 15:40:00,1.25,17377,United Kingdom,False
565324,22726,ALARM CLOCK BAKELIKE GREEN,1,2011-09-02 13:18:00,3.75,13232,United Kingdom,False
553768,21937,STRAWBERRY   PICNIC BAG,1,2011-05-19 10:47:00,5.79,,United Kingdom,False
562608,21167,WHITE SAGE INCENSE,75,2011-08-08 11:45:00,0.21,15502,United Kingdom,False
575477,85131D,BEADED CRYSTAL HEART PINK ON STICK,1,2011-11-09 16:14:00,0.83,,United Kingdom,False
561712,23159,SET OF 5 PANCAKE DAY MAGNETS,2,2011-07-29 11:49:00,2.08,14499,United Kingdom,False
560723,22417,PACK OF 60 SPACEBOY CAKE CASES,2,2011-07-20 13:53:00,0.55,16464,United Kingdom,False
577489,22733,3D TRADITIONAL CHRISTMAS STICKERS,2,2011-11-20 12:07:00,1.25,,United Kingdom,False
553766,22753,SMALL YELLOW BABUSHKA NOTEBOOK,2,2011-05-19 10:44:00,1.63,,United Kingdom,False
551868,22077,6 RIBBONS RUSTIC CHARM,12,2011-05-04 16:29:00,1.65,12540,Spain,False
567296,23296,SET OF 6 TEA TIME BAKING CASES,8,2011-09-19 12:19:00,1.25,12682,France,False
580272,23266,SET OF 3 WOODEN STOCKING DECORATION,3,2011-12-02 12:52:00,1.25,15547,United Kingdom,False
567672,21754,HOME BUILDING BLOCK WORD,2,2011-09-21 15:39:00,6.25,16085,United Kingdom,False
572758,22134,MINI LADLE LOVE HEART RED,2,2011-10-25 18:39:00,0.83,,United Kingdom,False
561242,84212,"ASSORTED FLOWER COLOUR ""LEIS""",960,2011-07-26 11:05:00,0.42,16258,United Kingdom,False
555077,22413,METAL SIGN TAKE IT OR LEAVE IT,4,2011-05-31 12:42:00,2.95,17975,United Kingdom,False
554151,22367,CHILDRENS APRON SPACEBOY DESIGN,3,2011-05-23 11:07:00,1.95,14049,United Kingdom,False
581310,22210,WOOD STAMP SET BEST WISHES,1,2011-12-08 11:43:00,0.83,16442,United Kingdom,False
565434,22984,CARD GINGHAM ROSE,24,2011-09-04 13:35:00,0.42,12867,United Kingdom,False
556237,21992,VINTAGE PAISLEY STATIONERY SET,1,2011-06-09 15:34:00,2.46,,United Kingdom,False
568907,22133,PINK LOVE HEART SHAPE CUP,12,2011-09-29 13:35:00,0.85,15370,United Kingdom,False
569545,23171,REGENCY TEA PLATE GREEN,1,2011-10-04 16:37:00,3.29,,United Kingdom,False
569535,22866,HAND WARMER SCOTTY DOG DESIGN,4,2011-10-04 15:41:00,2.1,15044,United Kingdom,False
566408,22339,CHRISTMAS TREE PAINTED ZINC,12,2011-09-12 13:43:00,0.65,16984,United Kingdom,False
574043,79066K,RETRO MOD TRAY,2,2011-11-02 13:13:00,0.85,16367,United Kingdom,False
548663,22352,LUNCH BOX WITH CUTLERY RETROSPOT,2,2011-04-01 14:44:00,4.96,,United Kingdom,False
571562,22382,LUNCH BAG SPACEBOY DESIGN,20,2011-10-18 10:04:00,1.65,14156,EIRE,False
562347,23293,SET OF 12 FAIRY CAKE BAKING CASES,1,2011-08-04 12:22:00,0.83,13263,United Kingdom,False
541871,37447,CERAMIC CAKE DESIGN SPOTTED PLATE,1,2011-01-24 09:41:00,3.29,,United Kingdom,False
555540,23307,SET OF 60 PANTRY DESIGN CAKE CASES,3,2011-06-05 12:48:00,0.55,13668,United Kingdom,False
557955,85066,CREAM SWEETHEART MINI CHEST,2,2011-06-23 18:59:00,12.75,16175,United Kingdom,False
552232,22161,HEART DECORATION RUSTIC HANGING,1,2011-05-06 15:54:00,0.79,,United Kingdom,False
568220,21703,BAG 125G SWIRLY MARBLES,24,2011-09-26 10:03:00,0.42,15626,United Kingdom,False
578285,22191,IVORY DINER WALL CLOCK,1,2011-11-23 13:57:00,8.5,12748,United Kingdom,False
578817,20726,LUNCH BAG WOODLAND,2,2011-11-25 13:45:00,1.65,16764,United Kingdom,False
572520,21620,SET OF 4 ROSE BOTANICAL CANDLES,12,2011-10-24 15:05:00,1.25,13165,United Kingdom,False
552684,22219,LOVEBIRD HANGING DECORATION WHITE,2,2011-05-10 15:09:00,1.63,,United Kingdom,False
560841,23217,LAUREL HEART ANTIQUE SILVER,24,2011-07-21 12:25:00,1.04,14298,United Kingdom,False
550965,20936,FORKED CACTUS CANDLE,2,2011-04-21 16:53:00,2.95,16750,United Kingdom,False
547910,22720,SET OF 3 CAKE TINS PANTRY DESIGN,3,2011-03-28 12:23:00,4.95,14159,United Kingdom,False
575138,23349,ROLL WRAP VINTAGE CHRISTMAS,5,2011-11-08 15:24:00,2.46,,United Kingdom,False
566060,85184C,SET 4 VALENTINE DECOUPAGE HEART BOX,1,2011-09-08 15:27:00,5.79,,United Kingdom,False
550607,22059,CERAMIC STRAWBERRY DESIGN MUG,6,2011-04-19 12:17:00,1.49,16919,United Kingdom,False
570669,85099C,JUMBO  BAG BAROQUE BLACK WHITE,20,2011-10-11 14:37:00,2.08,15955,United Kingdom,False
578339,22307,GOLD MUG BONE CHINA TREE OF LIFE,12,2011-11-24 09:07:00,1.06,12421,Spain,False
541516,21677,HEARTS  STICKERS,1,2011-01-18 17:34:00,0.79,,United Kingdom,False
566581,22147,FELTCRAFT BUTTERFLY HEARTS,2,2011-09-13 13:47:00,1.45,16081,United Kingdom,False
572499,23269,SET OF 2 CERAMIC CHRISTMAS TREES,12,2011-10-24 14:10:00,1.45,15786,United Kingdom,False
567507,22384,LUNCH BAG PINK POLKADOT,1,2011-09-20 14:46:00,4.96,,United Kingdom,False
545636,22295,HEART FILIGREE DOVE LARGE,12,2011-03-04 12:15:00,1.65,16449,United Kingdom,False
571714,23101,SILVER STARS TABLE DECORATION,1,2011-10-18 17:00:00,2.46,,United Kingdom,False
574923,23309,SET OF 60 I LOVE LONDON CAKE CASES,1,2011-11-07 16:40:00,0.55,17757,United Kingdom,False
565438,22386,JUMBO BAG PINK POLKADOT,10,2011-09-04 13:56:00,2.08,17229,United Kingdom,False
541518,84012,MAGIC SHEEP WOOL GROWING FROM PAPER,120,2011-01-19 09:05:00,0.85,12451,Switzerland,False
576837,90184B,AMETHYST CHUNKY BEAD BRACELET W STR,1,2011-11-16 15:16:00,9.15,,United Kingdom,False
566060,22074,6 RIBBONS SHIMMERING PINKS,2,2011-09-08 15:27:00,1.25,,United Kingdom,False
550823,22605,WOODEN CROQUET GARDEN SET,4,2011-04-21 09:36:00,12.75,16133,United Kingdom,False
577038,37448,CERAMIC CAKE DESIGN SPOTTED MUG,4,2011-11-17 13:30:00,1.49,14796,United Kingdom,False
566221,23028,DRAWER KNOB CRACKLE GLAZE BLUE,2,2011-09-09 16:13:00,3.29,,United Kingdom,False
578513,23208,LUNCH BAG VINTAGE LEAF DESIGN,10,2011-11-24 13:32:00,1.65,16609,United Kingdom,False
568564,23401,RUSTIC MIRROR WITH LACE HEART,1,2011-09-27 17:03:00,6.25,17576,United Kingdom,False
568159,22192,BLUE DINER WALL CLOCK,2,2011-09-25 12:22:00,8.5,17719,United Kingdom,False
573553,22619,SET OF 6 SOLDIER SKITTLES,1,2011-10-31 13:48:00,7.46,,United Kingdom,False
551314,22620,4 TRADITIONAL SPINNING TOPS,160,2011-04-27 15:07:00,1.06,16333,United Kingdom,False
551715,22193,RED DINER WALL CLOCK,2,2011-05-03 15:23:00,8.5,13102,United Kingdom,False
554080,22432,WATERING CAN PINK BUNNY,4,2011-05-22 11:42:00,1.95,16931,United Kingdom,False
536544,22276,WASH BAG VINTAGE ROSE PAISLEY,1,2010-12-01 14:32:00,5.91,,United Kingdom,False
580659,22910,PAPER CHAIN KIT VINTAGE CHRISTMAS,1,2011-12-05 13:46:00,2.95,17811,United Kingdom,False
574076,21094,SET/6 RED SPOTTY PAPER PLATES,6,2011-11-02 15:38:00,0.83,,United Kingdom,False
554151,21448,12 DAISY PEGS IN WOOD BOX,1,2011-05-23 11:07:00,1.65,14049,United Kingdom,False
568238,22971,QUEENS GUARD COFFEE MUG,6,2011-09-26 12:00:00,2.55,13927,United Kingdom,False
572553,84347,ROTATING SILVER ANGELS T-LIGHT HLDR,1,2011-10-24 17:09:00,4.96,,United Kingdom,False
575748,20728,LUNCH BAG CARS BLUE,14,2011-11-11 10:21:00,4.96,,United Kingdom,False
569246,22195,LARGE HEART MEASURING SPOONS,2,2011-10-03 09:57:00,3.29,14096,United Kingdom,False
576200,22189,CREAM HEART CARD HOLDER,3,2011-11-14 12:14:00,3.95,15572,United Kingdom,False
553552,21400,RED PUDDING SPOON,24,2011-05-17 16:23:00,0.12,17702,United Kingdom,False
574587,22553,PLASTERS IN TIN SKULLS,12,2011-11-06 10:29:00,1.65,14936,Channel Islands,False
546364,22052,VINTAGE CARAVAN GIFT WRAP,25,2011-03-11 11:33:00,0.42,,United Kingdom,False
558056,82482,WOODEN PICTURE FRAME WHITE FINISH,6,2011-06-24 14:54:00,2.55,15186,United Kingdom,False
536635,22840,ROUND CAKE TIN VINTAGE RED,4,2010-12-02 11:22:00,7.95,15955,United Kingdom,False
552337,22716,CARD CIRCUS PARADE,12,2011-05-09 11:34:00,0.42,12621,Germany,False
551009,22309,TEA COSY RED  STRIPE,1,2011-04-26 09:50:00,4.96,,United Kingdom,False
570242,21823,PAINTED METAL HEART WITH HOLLY BELL,48,2011-10-09 15:40:00,0.39,16380,United Kingdom,False
577542,22993,SET OF 4 PANTRY JELLY MOULDS,2,2011-11-20 14:33:00,1.25,13565,United Kingdom,False
574587,21524,DOORMAT SPOTTY HOME SWEET HOME,2,2011-11-06 10:29:00,8.25,14936,Channel Islands,False
579413,23210,WHITE ROCKING HORSE HAND PAINTED,10,2011-11-29 12:50:00,1.25,13668,United Kingdom,False
566667,23014,GLASS APOTHECARY BOTTLE ELIXIR,1,2011-09-14 11:34:00,3.95,14660,United Kingdom,False
537025,20728,LUNCH BAG CARS BLUE,2,2010-12-03 16:21:00,1.65,,United Kingdom,False
579297,22361,GLASS JAR DAISY FRESH COTTON WOOL,2,2011-11-29 11:23:00,5.79,,United Kingdom,False
548317,23155,KNICKERBOCKERGLORY MAGNET ASSORTED,12,2011-03-30 12:43:00,0.83,18179,United Kingdom,False
558900,22197,POPCORN HOLDER,5,2011-07-04 16:06:00,0.85,15349,United Kingdom,False
560772,22247,BUNNY DECORATION MAGIC GARDEN,1,2011-07-20 16:12:00,0.83,,United Kingdom,False
543171,22212,FOUR HOOK  WHITE LOVEBIRDS,1,2011-02-04 09:11:00,4.13,,United Kingdom,False
575074,82552,WASHROOM METAL SIGN,4,2011-11-08 13:11:00,1.45,15356,United Kingdom,False
558888,22411,JUMBO SHOPPER VINTAGE RED PAISLEY,2,2011-07-04 15:29:00,2.08,14056,United Kingdom,False
562806,22384,LUNCH BAG PINK POLKADOT,10,2011-08-09 14:56:00,1.65,13636,United Kingdom,False
573901,22356,CHARLOTTE BAG PINK POLKADOT,10,2011-11-01 14:49:00,0.85,14191,United Kingdom,False
558461,23014,GLASS APOTHECARY BOTTLE ELIXIR,2,2011-06-29 15:03:00,3.95,13263,United Kingdom,False
566599,22623,BOX OF VINTAGE JIGSAW BLOCKS,1,2011-09-13 15:37:00,5.95,15998,United Kingdom,False
554992,22555,PLASTERS IN TIN STRONGMAN,1,2011-05-29 14:08:00,1.65,16686,United Kingdom,False
544931,22139,RETROSPOT TEA SET CERAMIC 11 PC,24,2011-02-24 18:59:00,4.25,13501,Switzerland,False
572210,22834,HAND WARMER BABUSHKA DESIGN,12,2011-10-21 12:12:00,2.1,13755,United Kingdom,False
558751,22940,FELTCRAFT CHRISTMAS FAIRY,5,2011-07-03 11:26:00,4.25,16009,United Kingdom,False
556490,22192,BLUE DINER WALL CLOCK,2,2011-06-12 14:08:00,8.5,13078,United Kingdom,False
571716,22907,PACK OF 20 NAPKINS PANTRY DESIGN,1,2011-10-18 17:05:00,1.63,,United Kingdom,False
570841,21931,JUMBO STORAGE BAG SUKI,10,2011-10-12 14:18:00,2.08,12553,France,False
536946,22952,60 CAKE CASES VINTAGE CHRISTMAS,24,2010-12-03 12:28:00,0.55,13013,United Kingdom,False
566262,23083,SET 6 PAPER TABLE LANTERN STARS,1,2011-09-11 12:56:00,3.75,15527,United Kingdom,False
545725,84970L,SINGLE HEART ZINC T-LIGHT HOLDER,12,2011-03-07 11:32:00,0.95,16621,United Kingdom,False
564758,22899,CHILDREN'S APRON DOLLY GIRL,1,2011-08-30 10:39:00,4.13,,United Kingdom,False
579539,23382,BOX OF 6 CHRISTMAS CAKE DECORATIONS,4,2011-11-30 10:06:00,3.75,14911,EIRE,False
550986,22682,FRENCH BLUE METAL DOOR SIGN 7,9,2011-04-21 18:06:00,1.25,,United Kingdom,False
571280,84032B,CHARLIE + LOLA RED HOT WATER BOTTLE,1,2011-10-16 13:08:00,2.95,18122,United Kingdom,False
550612,21922,UNION STRIPE WITH FRINGE  HAMMOCK,1,2011-04-19 12:26:00,7.95,14662,United Kingdom,False
552023,22427,ENAMEL FLOWER JUG CREAM,6,2011-05-05 17:59:00,5.95,17624,United Kingdom,False
558769,22743,MAKE YOUR OWN FLOWERPOWER CARD KIT,1,2011-07-03 14:58:00,2.95,17899,United Kingdom,False
543013,22326,ROUND SNACK BOXES SET OF4 WOODLAND,1,2011-02-02 13:35:00,5.79,,United Kingdom,False
557798,22652,TRAVEL SEWING KIT,20,2011-06-23 09:38:00,1.65,16187,United Kingdom,False
563557,22672,FRENCH BATHROOM SIGN BLUE METAL,12,2011-08-17 13:33:00,1.65,15786,United Kingdom,False
565541,21975,PACK OF 60 DINOSAUR CAKE CASES,2,2011-09-05 12:00:00,0.55,14159,United Kingdom,False
558778,22896,PEG BAG APPLES DESIGN,6,2011-07-04 10:27:00,2.55,17160,United Kingdom,False
539434,22419,LIPSTICK PEN RED,4,2010-12-17 14:41:00,0.85,,United Kingdom,False
554643,23163,REGENCY SUGAR TONGS,8,2011-05-25 12:28:00,2.49,16133,United Kingdom,False
547030,22262,FELT EGG COSY CHICKEN,12,2011-03-20 10:17:00,0.85,12948,United Kingdom,False
572540,21559,STRAWBERRY LUNCH BOX WITH CUTLERY,1,2011-10-24 16:17:00,4.96,,United Kingdom,False
570187,23208,LUNCH BAG VINTAGE LEAF DESIGN,1,2011-10-07 15:09:00,4.13,,United Kingdom,False
546136,22692,DOORMAT WELCOME TO OUR HOME,1,2011-03-09 16:32:00,15.79,,United Kingdom,False
577317,21928,JUMBO BAG SCANDINAVIAN BLUE PAISLEY,1,2011-11-18 13:33:00,2.08,16426,United Kingdom,False
557643,21948,SET OF 6 CAKE CHOPSTICKS,1,2011-06-21 16:36:00,2.46,,United Kingdom,False
574033,22114,HOT WATER BOTTLE TEA AND SYMPATHY,4,2011-11-02 12:44:00,4.25,16558,United Kingdom,False
572304,23461,SWEETHEART BIRD HOUSE,6,2011-10-23 15:07:00,4.15,17131,United Kingdom,False
544089,84212,"ASSORTED FLOWER COLOUR ""LEIS""",1,2011-02-15 17:51:00,4.96,,United Kingdom,False
571082,84915,HAND TOWEL PINK FLOWER AND DAISY,1,2011-10-13 15:25:00,4.13,,United Kingdom,False
572095,72351A,SET/6 TURQUOISE BUTTERFLY T-LIGHTS,1,2011-10-20 15:15:00,2.1,15511,United Kingdom,False
571305,22839,3 TIER CAKE TIN GREEN AND CREAM,1,2011-10-17 09:55:00,29.17,,United Kingdom,False
569737,21977,PACK OF 60 PINK PAISLEY CAKE CASES,24,2011-10-06 10:45:00,0.55,16295,United Kingdom,False
549185,21395,BLUE POLKADOT BEAKER,48,2011-04-07 09:35:00,0.39,18272,United Kingdom,False
537065,22614,PACK OF 12 SPACEBOY TISSUES,24,2010-12-05 11:57:00,0.29,12567,France,False
550209,21977,PACK OF 60 PINK PAISLEY CAKE CASES,1,2011-04-15 10:39:00,2.08,,United Kingdom,False
559704,22303,COFFEE MUG APPLES DESIGN,6,2011-07-12 09:54:00,2.55,12669,France,False
559861,22530,MAGIC DRAWING SLATE DOLLY GIRL,1,2011-07-13 10:27:00,0.42,15895,United Kingdom,False
544208,22350,ILLUSTRATED CAT BOWL,1,2011-02-17 10:34:00,4.96,,United Kingdom,False
542890,84865,NEW BAROQUE BLACK PHOTO ALBUM,2,2011-02-01 13:25:00,8.5,15311,United Kingdom,False
541695,71496A,A4 WALL TIDY BLUE OFFICE,1,2011-01-20 18:01:00,1.46,,United Kingdom,False
552825,23175,REGENCY MILK JUG PINK,6,2011-05-11 13:18:00,3.25,15296,United Kingdom,False
539741,21874,GIN AND TONIC MUG,1,2010-12-21 15:20:00,3.36,,United Kingdom,False
548732,22630,DOLLY GIRL LUNCH BOX,12,2011-04-04 10:16:00,1.95,16142,United Kingdom,False
543909,84510E,SET OF 4 GREEN CAROUSEL COASTERS,1,2011-02-14 12:32:00,2.46,,United Kingdom,False
557502,37467,PIG MUG IN TWO COLOUR DESIGNS,2,2011-06-20 15:32:00,2.06,,United Kingdom,False
579187,23103,JINGLE BELL HEART DECORATION,1,2011-11-28 15:31:00,3.29,,United Kingdom,False
579670,23354,6 GIFT TAGS 50'S CHRISTMAS,12,2011-11-30 12:36:00,0.83,15611,United Kingdom,False
565088,21231,SWEETHEART CERAMIC TRINKET BOX,12,2011-09-01 10:11:00,1.25,16145,United Kingdom,False
539484,22988,SOLDIERS EGG CUP,12,2010-12-19 15:44:00,1.25,15640,United Kingdom,False
580536,23204,CHARLOTTE BAG APPLES DESIGN,10,2011-12-04 16:07:00,0.85,12490,France,False
577768,23225,CHERUB HEART DECORATION SILVER,1,2011-11-21 15:18:00,1.63,,United Kingdom,False
576617,22130,PARTY CONE CHRISTMAS DECORATION,6,2011-11-15 16:57:00,1.38,,United Kingdom,False
559020,23215,JINGLE BELL HEART ANTIQUE SILVER,3,2011-07-05 13:15:00,2.08,14034,United Kingdom,False
570465,20665,RED RETROSPOT PURSE,1,2011-10-10 16:02:00,5.79,,United Kingdom,False
566603,23333,IVORY WICKER HEART MEDIUM,5,2011-09-13 16:12:00,2.46,,United Kingdom,False
560090,85039B,S/4 IVORY MINI ROSE CANDLE IN BOWL,4,2011-07-14 16:46:00,1.63,,United Kingdom,False
562420,85093,CANDY SPOT EGG WARMER HARE,4,2011-08-04 16:38:00,0.83,,United Kingdom,False
570458,23539,WALL ART LOVES' SECRET,1,2011-10-10 15:39:00,5.95,14535,United Kingdom,False
537396,84879,ASSORTED COLOUR BIRD ORNAMENT,2,2010-12-06 14:08:00,1.69,17223,United Kingdom,False
565200,20866,BLUE ROSE FABRIC MIRROR,5,2011-09-01 16:30:00,1.25,17576,United Kingdom,False
548555,22090,PAPER BUNTING RETROSPOT,12,2011-04-01 09:21:00,2.95,13758,United Kingdom,False
542608,22412,METAL SIGN NEIGHBOURHOOD WITCH,1,2011-01-30 13:51:00,2.1,16770,United Kingdom,False
550215,48116,DOORMAT MULTICOLOUR STRIPE,1,2011-04-15 10:43:00,14.13,,United Kingdom,False
543530,84946,ANTIQUE SILVER TEA GLASS ETCHED,4,2011-02-09 12:46:00,2.46,,United Kingdom,False
539663,22741,FUNKY DIVA PEN,1,2010-12-21 10:26:00,0.85,17961,United Kingdom,False
538566,22577,WOODEN HEART CHRISTMAS SCANDINAVIAN,3,2010-12-13 11:21:00,1.66,,United Kingdom,False
550636,22182,CAKE STAND VICTORIAN FILIGREE SMALL,1,2011-04-19 15:37:00,4.13,,United Kingdom,False
544664,21980,PACK OF 12 RED RETROSPOT TISSUES,24,2011-02-22 14:55:00,0.29,16045,United Kingdom,False
566562,21239,PINK  POLKADOT CUP,2,2011-09-13 12:18:00,0.85,17365,United Kingdom,False
543713,22111,SCOTTIE DOG HOT WATER BOTTLE,2,2011-02-11 11:46:00,12.46,,United Kingdom,False
574046,22620,4 TRADITIONAL SPINNING TOPS,2,2011-11-02 13:19:00,1.45,15743,United Kingdom,False
581497,22805,BLUE DRAWER KNOB ACRYLIC EDWARDIAN,1,2011-12-09 10:23:00,3.29,,United Kingdom,False
561867,21883,STARS GIFT TAPE,1,2011-07-31 10:59:00,0.65,16931,United Kingdom,False
557034,21391,FRENCH LAVENDER SCENT HEART,24,2011-06-16 13:50:00,0.75,13627,United Kingdom,False
538524,21169,YOU'RE CONFUSING ME METAL SIGN,1,2010-12-13 09:35:00,4.21,,United Kingdom,False
550941,23184,BULL DOG BOTTLE OPENER,2,2011-04-21 15:46:00,4.95,17109,United Kingdom,False
542536,20723,STRAWBERRY CHARLOTTE BAG,12,2011-01-28 13:37:00,2.46,,United Kingdom,False
560282,22305,COFFEE MUG PINK PAISLEY DESIGN,6,2011-07-18 08:21:00,2.55,14758,United Kingdom,False
541566,21620,SET OF 4 ROSE BOTANICAL CANDLES,12,2011-01-19 11:50:00,1.25,17722,United Kingdom,False
578065,90183B,AMETHYST DROP EARRINGS W LONG BEADS,1,2011-11-22 15:41:00,2.9,,United Kingdom,False
566255,22961,JAM MAKING SET PRINTED,192,2011-09-11 12:23:00,1.25,13324,United Kingdom,False
553390,22090,PAPER BUNTING RETROSPOT,4,2011-05-16 16:41:00,2.95,17841,United Kingdom,False
543532,22358,KINGS CHOICE TEA CADDY,1,2011-02-09 12:59:00,5.79,,United Kingdom,False
560090,82567,"AIRLINE LOUNGE,METAL SIGN",1,2011-07-14 16:46:00,1.63,,United Kingdom,False
560538,21716,BOYS VINTAGE TIN SEASIDE BUCKET,8,2011-07-19 12:19:00,2.55,16128,United Kingdom,False
567673,23334,IVORY WICKER HEART SMALL,4,2011-09-21 15:43:00,1.25,,United Kingdom,False
570824,23191,BUNDLE OF 3 RETRO NOTE BOOKS,48,2011-10-12 12:58:00,1.45,14299,United Kingdom,False
546884,23182,TOILET SIGN OCCUPIED OR VACANT,1,2011-03-17 18:08:00,2.46,,United Kingdom,False
538497,22834,HAND WARMER BABUSHKA DESIGN,9,2010-12-12 12:44:00,2.1,14684,United Kingdom,False
579161,15034,PAPER POCKET TRAVELING FAN,12,2011-11-28 13:56:00,0.14,17379,United Kingdom,False
553750,23206,LUNCH BAG APPLE DESIGN,10,2011-05-19 10:16:00,1.65,15660,United Kingdom,False
544409,22088,PAPER BUNTING COLOURED LACE,12,2011-02-18 13:32:00,2.95,16265,United Kingdom,False
564835,46776B,WOVEN BERRIES CUSHION COVER,2,2011-08-30 12:31:00,4.13,,United Kingdom,False
576984,21733,RED HANGING HEART T-LIGHT HOLDER,3,2011-11-17 11:54:00,2.95,14332,United Kingdom,False
571360,22138,BAKING SET 9 PIECE RETROSPOT,6,2011-10-17 11:51:00,4.95,16563,United Kingdom,False
546896,22979,PANTRY WASHING UP BRUSH,2,2011-03-17 18:24:00,2.92,,United Kingdom,False
546079,22606,WOODEN SKITTLES GARDEN SET,1,2011-03-09 11:05:00,15.95,14534,United Kingdom,False
536743,21470,FLOWER VINE RAFFIA FOOD COVER,1,2010-12-02 13:32:00,3.75,17964,United Kingdom,False
572103,22554,PLASTERS IN TIN WOODLAND ANIMALS,1,2011-10-20 15:57:00,1.65,17571,United Kingdom,False
563061,22076,6 RIBBONS EMPIRE,12,2011-08-11 15:25:00,1.65,13588,United Kingdom,False
547967,85099C,JUMBO  BAG BAROQUE BLACK WHITE,13,2011-03-28 15:49:00,4.13,,United Kingdom,False
578551,21982,PACK OF 12 SUKI TISSUES,12,2011-11-24 15:05:00,0.39,12937,United Kingdom,False
548331,20972,PINK CREAM FELT CRAFT TRINKET BOX,12,2011-03-30 13:28:00,1.25,13047,United Kingdom,False
574532,22810,SET OF 6 T-LIGHTS SNOWMEN,6,2011-11-04 14:19:00,2.95,15676,United Kingdom,False
579442,22325,MOBILE VINTAGE HEARTS,3,2011-11-29 13:37:00,4.95,15152,United Kingdom,False
579414,23275,SET OF 3 HANGING OWLS OLLIE BEAK,2,2011-11-29 12:52:00,1.25,14719,United Kingdom,False
567077,23321,SMALL WHITE HEART OF WICKER,2,2011-09-16 12:34:00,1.65,18122,United Kingdom,False
581194,22661,CHARLOTTE BAG DOLLY GIRL DESIGN,10,2011-12-07 17:17:00,0.85,15298,United Kingdom,False
536395,22726,ALARM CLOCK BAKELIKE GREEN,8,2010-12-01 10:47:00,3.75,13767,United Kingdom,False
548746,23077,DOUGHNUT LIP GLOSS,40,2011-04-04 12:11:00,1.25,12471,Germany,False
568104,22580,ADVENT CALENDAR GINGHAM SACK,6,2011-09-23 15:50:00,5.95,16485,United Kingdom,False
569834,22178,VICTORIAN GLASS HANGING T-LIGHT,12,2011-10-06 13:00:00,1.95,14383,United Kingdom,False
575222,21137,BLACK RECORD COVER FRAME,2,2011-11-09 11:33:00,3.75,16880,United Kingdom,False
581217,21813,GARLAND WITH STARS AND BELLS,8,2011-12-08 09:20:00,3.29,,United Kingdom,False
575607,84946,ANTIQUE SILVER T-LIGHT GLASS,5,2011-11-10 12:37:00,2.46,14096,United Kingdom,False
540459,22357,KINGS CHOICE BISCUIT TIN,12,2011-01-07 12:35:00,3.75,16191,United Kingdom,False
574079,20764,ABSTRACT CIRCLES SKETCHBOOK,1,2011-11-02 16:19:00,3.75,17595,United Kingdom,False
544568,21917,SET 12 KIDS  WHITE CHALK STICKS,24,2011-02-21 12:54:00,0.42,15065,United Kingdom,False
579744,23234,BISCUIT TIN VINTAGE CHRISTMAS,3,2011-11-30 14:38:00,2.89,,United Kingdom,False
548185,22570,FELTCRAFT CUSHION RABBIT,4,2011-03-29 14:58:00,3.75,15628,United Kingdom,False
542794,22672,FRENCH BATHROOM SIGN BLUE METAL,1,2011-02-01 10:56:00,3.29,,United Kingdom,False
565841,22363,GLASS JAR MARMALADE,1,2011-09-07 12:04:00,5.79,,United Kingdom,False
549313,22380,TOY TIDY SPACEBOY,10,2011-04-08 09:45:00,2.1,12393,Australia,False
561642,79000,MOROCCAN TEA GLASS,12,2011-07-28 15:04:00,0.85,17965,United Kingdom,False
549301,84945,MULTI COLOUR SILVER T-LIGHT HOLDER,12,2011-04-08 08:24:00,0.85,16643,United Kingdom,False
579158,85048,15CM CHRISTMAS GLASS BALL 20 LIGHTS,12,2011-11-28 13:53:00,6.95,17188,United Kingdom,False
544303,21976,PACK OF 60 MUSHROOM CAKE CASES,1,2011-02-17 13:28:00,0.55,18116,United Kingdom,False
579471,84032A,CHARLIE+LOLA PINK HOT WATER BOTTLE,1,2011-11-29 15:08:00,5.79,,United Kingdom,False
572302,85183A,CHARLIE & LOLA WASTEPAPER BIN BLUE,1,2011-10-23 14:47:00,1.25,15427,United Kingdom,False
566451,72351A,SET/6 TURQUOISE BUTTERFLY T-LIGHTS,1,2011-09-12 16:14:00,2.1,18069,United Kingdom,False
551160,84945,MULTI COLOUR SILVER T-LIGHT HOLDER,12,2011-04-26 15:04:00,0.85,15237,United Kingdom,False
556685,21524,DOORMAT SPOTTY HOME SWEET HOME,2,2011-06-14 10:00:00,7.95,14503,United Kingdom,False
538255,22423,REGENCY CAKESTAND 3 TIER,6,2010-12-10 12:33:00,12.75,14911,EIRE,False
578953,47469,ASSORTED SHAPES PHOTO CLIP SILVER,8,2011-11-27 14:50:00,0.65,13546,United Kingdom,False
553870,21034,REX CASH+CARRY JUMBO SHOPPER,2,2011-05-19 14:29:00,0.95,17980,United Kingdom,False
570388,23170,REGENCY TEA PLATE ROSES,12,2011-10-10 12:37:00,1.65,14911,EIRE,False
570187,20974,12 PENCILS SMALL TUBE SKULL,1,2011-10-07 15:09:00,1.25,,United Kingdom,False
552674,21937,STRAWBERRY   PICNIC BAG,1,2011-05-10 15:07:00,5.79,,United Kingdom,False
554096,47566B,TEA TIME PARTY BUNTING,4,2011-05-22 12:51:00,4.95,14921,United Kingdom,False
C574955,20979,36 PENCILS TUBE RED RETROSPOT,-16,2011-11-08 09:56:00,1.25,15066,United Kingdom,True
556063,21469,POLKA DOT RAFFIA FOOD COVER,1,2011-06-08 14:09:00,3.75,14587,United Kingdom,False
571662,22835,HOT WATER BOTTLE I AM SO POORLY,4,2011-10-18 12:54:00,4.95,14861,United Kingdom,False
541692,22439,6 ROCKET BALLOONS,1,2011-01-20 16:59:00,0.65,,United Kingdom,False
556636,22029,SPACEBOY BIRTHDAY CARD,1,2011-06-13 15:30:00,0.83,,United Kingdom,False
561077,22904,CALENDAR PAPER CUT DESIGN,6,2011-07-24 15:53:00,2.95,17649,United Kingdom,False
540977,21033,JUMBO BAG CHARLIE AND LOLA TOYS,12,2011-01-12 15:01:00,2.51,,United Kingdom,False
560938,22727,ALARM CLOCK BAKELIKE RED,3,2011-07-22 11:16:00,8.29,,United Kingdom,False
554514,22584,PACK OF 6 PANNETONE GIFT BOXES,2,2011-05-24 15:58:00,4.96,,United Kingdom,False
538171,22837,HOT WATER BOTTLE BABUSHKA,2,2010-12-09 20:01:00,4.65,17530,United Kingdom,False
549542,22558,CLOTHES PEGS RETROSPOT PACK 24,2,2011-04-10 11:11:00,1.65,15311,United Kingdom,False
546655,21358,TOAST ITS - HAPPY BIRTHDAY,1,2011-03-15 14:19:00,2.46,,United Kingdom,False
539708,90013B,BLACK VINTAGE EARRINGS,1,2010-12-21 12:18:00,4.24,,United Kingdom,False
558906,22402,MAGNETS PACK OF 4 VINTAGE COLLAGE,12,2011-07-04 16:35:00,0.39,15555,United Kingdom,False
542080,21673,WHITE SPOT BLUE CERAMIC DRAWER KNOB,12,2011-01-25 12:16:00,1.25,13815,Germany,False
553390,21745,GAOLERS KEYS DECORATIVE GARDEN,1,2011-05-16 16:41:00,3.75,17841,United Kingdom,False
579693,23414,ZINC BOX SIGN HOME,1,2011-11-30 14:09:00,9.95,15712,United Kingdom,False
577495,23109,PACK OF SIX LED TEA LIGHTS,4,2011-11-20 12:20:00,2.89,14704,United Kingdom,False
577358,22222,CAKE PLATE LOVEBIRD WHITE,1,2011-11-18 15:59:00,9.96,,United Kingdom,False
557956,22028,PENNY FARTHING BIRTHDAY CARD,12,2011-06-23 19:20:00,0.42,18283,United Kingdom,False
553507,22639,SET OF 4 NAPKIN CHARMS HEARTS,4,2011-05-17 13:35:00,2.55,17220,United Kingdom,False
579600,21929,JUMBO BAG PINK VINTAGE PAISLEY,10,2011-11-30 12:00:00,2.08,13647,United Kingdom,False
579447,20969,RED FLORAL FELTCRAFT SHOULDER BAG,1,2011-11-29 13:46:00,3.75,14390,United Kingdom,False
542399,21947,SET OF 6 HEART CHOPSTICKS,2,2011-01-27 15:38:00,1.25,15549,United Kingdom,False
576074,23084,RABBIT NIGHT LIGHT,48,2011-11-13 16:14:00,1.79,13178,United Kingdom,False
542255,22807,SET OF 6 T-LIGHTS TOADSTOOLS,1,2011-01-26 16:43:00,5.79,,United Kingdom,False
568952,22138,BAKING SET 9 PIECE RETROSPOT,3,2011-09-29 15:29:00,4.95,14305,United Kingdom,False
561284,23025,DRAWER KNOB VINTAGE GLASS BALL,6,2011-07-26 12:24:00,2.08,16818,United Kingdom,False
561371,23308,SET OF 60 VINTAGE LEAF CAKE CASES,1,2011-07-26 16:25:00,1.25,,United Kingdom,False
537047,22737,RIBBON REEL CHRISTMAS PRESENT,3,2010-12-05 11:02:00,1.65,13069,United Kingdom,False
547079,22456,NATURAL SLATE CHALKBOARD LARGE,1,2011-03-20 15:02:00,4.95,15408,United Kingdom,False
545719,22993,SET OF 4 PANTRY JELLY MOULDS,12,2011-03-07 10:28:00,1.25,13344,United Kingdom,False
578844,22153,ANGEL DECORATION STARS ON DRESS,1,2011-11-25 16:14:00,0.83,,United Kingdom,False
C576375,21034,REX CASH+CARRY JUMBO SHOPPER,-10,2011-11-15 08:52:00,0.95,16878,United Kingdom,True
553547,20724,RED RETROSPOT CHARLOTTE BAG,10,2011-05-17 15:48:00,0.85,12474,Germany,False
573576,22309,TEA COSY RED  STRIPE,1,2011-10-31 14:09:00,4.96,14096,United Kingdom,False
545216,22788,BROCANTE COAT RACK,1,2011-02-28 16:50:00,19.96,,United Kingdom,False
550821,22432,WATERING CAN PINK BUNNY,1,2011-04-21 08:54:00,1.95,12506,France,False
574673,20728,LUNCH BAG CARS BLUE,2,2011-11-06 12:26:00,1.65,15555,United Kingdom,False
537434,21379,CAMPHOR WOOD PORTOBELLO MUSHROOM,2,2010-12-06 16:57:00,2.51,,United Kingdom,False
545989,22236,CAKE STAND 3 TIER MAGIC GARDEN,12,2011-03-08 12:57:00,10.95,14560,United Kingdom,False
562934,22378,WALL TIDY RETROSPOT,1,2011-08-10 16:56:00,4.13,,United Kingdom,False
550918,84763,ZINC FINISH 15CM PLANTER POTS,24,2011-04-21 14:03:00,1.25,17630,United Kingdom,False
568991,22117,METAL SIGN HER DINNER IS SERVED,1,2011-09-29 16:44:00,2.95,18204,United Kingdom,False
571829,22076,6 RIBBONS EMPIRE,12,2011-10-19 11:53:00,1.65,16131,United Kingdom,False
570440,21424,DAMAGES,-40,2011-10-10 14:31:00,0.0,,United Kingdom,False
550542,22025,RING OF ROSES BIRTHDAY CARD,1,2011-04-19 11:37:00,0.83,,United Kingdom,False
568537,22558,CLOTHES PEGS RETROSPOT PACK 24,48,2011-09-27 14:04:00,1.45,15061,United Kingdom,False
568716,22909,SET OF 20 VINTAGE CHRISTMAS NAPKINS,4,2011-09-28 16:13:00,1.63,,United Kingdom,False
577252,85035C,ROSE 3 WICK MORRIS BOX CANDLE,2,2011-11-18 12:22:00,1.25,18034,United Kingdom,False
548555,22383,LUNCH BAG SUKI DESIGN,10,2011-04-01 09:21:00,1.65,13758,United Kingdom,False
547691,21381,MINI WOODEN HAPPY BIRTHDAY GARLAND,24,2011-03-24 15:02:00,1.69,16767,United Kingdom,False
577050,20829,GLITTER HANGING BUTTERFLY STRING,8,2011-11-17 13:59:00,2.1,14191,United Kingdom,False
572294,21974,SET OF 36 PAISLEY FLOWER DOILIES,6,2011-10-23 13:10:00,1.45,13471,United Kingdom,False
541424,DOT,DOTCOM POSTAGE,1,2011-01-17 17:57:00,301.84,,United Kingdom,False
559914,23197,SKETCHBOOK MAGNETIC SHOPPING LIST,1,2011-07-13 15:13:00,3.29,,United Kingdom,False
541631,21988,PACK OF 6 SKULL PAPER PLATES,12,2011-01-20 10:48:00,0.85,12637,France,False
560538,23296,SET OF 6 TEA TIME BAKING CASES,8,2011-07-19 12:19:00,1.25,16128,United Kingdom,False
557878,22342,HOME GARLAND PAINTED ZINC,12,2011-06-23 13:13:00,0.75,16940,United Kingdom,False
536540,22147,FELTCRAFT BUTTERFLY HEARTS,12,2010-12-01 14:05:00,1.45,14911,EIRE,False
574536,22659,LUNCH BOX I LOVE LONDON,2,2011-11-04 14:35:00,1.95,15707,United Kingdom,False
544454,21818,GLITTER HEART DECORATION,36,2011-02-20 13:13:00,0.85,13301,United Kingdom,False
571408,23082,SET 6 PAPER TABLE LANTERN HEARTS,1,2011-10-17 12:22:00,3.75,15012,United Kingdom,False
538349,21012,ANTIQUE ALL GLASS CANDLESTICK,7,2010-12-10 14:59:00,2.51,,United Kingdom,False
571445,23221,REINDEER HEART DECORATION SILVER,12,2011-10-17 13:44:00,0.83,12463,Belgium,False
581419,22531,MAGIC DRAWING SLATE CIRCUS PARADE,48,2011-12-08 15:03:00,0.42,15484,United Kingdom,False
546892,22718,CARD CAT AND TREE,1,2011-03-17 18:20:00,0.83,,United Kingdom,False
567161,22841,ROUND CAKE TIN VINTAGE GREEN,4,2011-09-18 10:46:00,7.95,15947,United Kingdom,False
552265,22303,COFFEE MUG APPLES DESIGN,2,2011-05-08 11:41:00,2.55,14161,United Kingdom,False
563909,22720,SET OF 3 CAKE TINS PANTRY DESIGN,1,2011-08-21 12:36:00,4.95,15701,United Kingdom,False
562419,20764,ABSTRACT CIRCLES SKETCHBOOK,1,2011-08-04 16:36:00,3.75,14667,United Kingdom,False
539750,20963,APPLE BATH SPONGE,4,2010-12-21 15:40:00,2.51,,United Kingdom,False
555854,22361,GLASS JAR DAISY FRESH COTTON WOOL,1,2011-06-07 13:47:00,2.95,12748,United Kingdom,False
581217,48173C,DOORMAT BLACK FLOCK,1,2011-12-08 09:20:00,15.79,,United Kingdom,False
576246,22627,MINT KITCHEN SCALES,1,2011-11-14 13:42:00,8.5,17566,United Kingdom,False
538518,22294,HEART FILIGREE DOVE  SMALL,6,2010-12-12 16:14:00,1.25,14505,United Kingdom,False
564256,23266,SET OF 3 WOODEN STOCKING DECORATION,2,2011-08-24 10:45:00,1.25,14796,United Kingdom,False
558367,21356,TOAST ITS - FAIRY FLOWER,3,2011-06-28 15:31:00,1.25,16550,United Kingdom,False
551964,20851,,1,2011-05-05 13:13:00,0.0,,United Kingdom,False
542420,37482P,CUBIC MUG PINK POLKADOT,1,2011-01-27 18:05:00,2.55,17180,United Kingdom,False
548706,22189,CREAM HEART CARD HOLDER,12,2011-04-03 11:51:00,3.95,13408,United Kingdom,False
557801,23013,GLASS APOTHECARY BOTTLE TONIC,4,2011-06-23 10:14:00,3.95,13319,United Kingdom,False
572859,72800E,4 IVORY DINNER CANDLES SILVER FLOCK,4,2011-10-26 12:39:00,2.55,16418,United Kingdom,False
551558,23182,TOILET SIGN OCCUPIED OR VACANT,3,2011-05-03 10:41:00,0.83,17841,United Kingdom,False
C559939,22026,BANQUET BIRTHDAY  CARD,-12,2011-07-14 10:19:00,0.42,14426,United Kingdom,True
570214,21086,SET/6 RED SPOTTY PAPER CUPS,4,2011-10-09 11:50:00,0.65,12748,United Kingdom,False
569670,20754,RETROSPOT RED WASHING UP GLOVES,4,2011-10-05 13:47:00,2.1,14730,United Kingdom,False
560780,22663,JUMBO BAG DOLLY GIRL DESIGN,1,2011-07-21 09:31:00,4.13,,United Kingdom,False
573543,85036C,ROSE 1 WICK MORRIS BOXED CANDLE,1,2011-10-31 13:05:00,1.25,17777,United Kingdom,False
564167,20712,JUMBO BAG WOODLAND ANIMALS,10,2011-08-23 13:50:00,2.08,17735,United Kingdom,False
557786,21794,CLASSIC FRENCH STYLE BASKET NATURAL,2,2011-06-22 16:01:00,3.95,15550,United Kingdom,False
572336,22738,RIBBON REEL SNOWY VILLAGE,10,2011-10-24 10:29:00,1.65,13523,United Kingdom,False
559039,82581,TOILET METAL SIGN,1,2011-07-05 15:32:00,1.25,,United Kingdom,False
538935,22063,CERAMIC BOWL WITH STRAWBERRY DESIGN,4,2010-12-15 11:08:00,2.95,18168,United Kingdom,False
544075,22629,SPACEBOY LUNCH BOX,64,2011-02-15 14:50:00,1.65,14156,EIRE,False
549368,22441,GROW YOUR OWN BASIL IN ENAMEL MUG,1,2011-04-08 11:26:00,2.1,18036,United Kingdom,False
572669,23376,PACK OF 12 VINTAGE CHRISTMAS TISSUE,12,2011-10-25 13:10:00,0.39,16549,United Kingdom,False
566480,23344,JUMBO BAG 50'S CHRISTMAS,10,2011-09-13 09:17:00,2.08,16451,United Kingdom,False
553940,21931,JUMBO STORAGE BAG SUKI,10,2011-05-20 10:36:00,2.08,14112,United Kingdom,False
549023,47566B,TEA TIME PARTY BUNTING,1,2011-04-05 16:27:00,10.79,,United Kingdom,False
574481,23311,VINTAGE CHRISTMAS STOCKING,2,2011-11-04 12:45:00,2.55,18022,United Kingdom,False
579196,22037,ROBOT BIRTHDAY CARD,2,2011-11-28 15:54:00,0.83,14096,United Kingdom,False
566622,22962,JAM JAR WITH PINK LID,12,2011-09-14 09:27:00,0.85,13860,United Kingdom,False
540464,21165,BEWARE OF THE CAT METAL SIGN,12,2011-01-07 13:17:00,1.45,14298,United Kingdom,False
576078,85169C,EAU DE NIL LOVE BIRD CANDLE,1,2011-11-13 16:22:00,1.25,14432,United Kingdom,False
538374,22385,JUMBO BAG SPACEBOY DESIGN,1,2010-12-12 11:17:00,1.95,14159,United Kingdom,False
581238,22988,SOLDIERS EGG CUP,1,2011-12-08 10:53:00,2.46,,United Kingdom,False
566291,22644,CERAMIC CHERRY CAKE MONEY BANK,4,2011-09-11 15:31:00,1.45,12965,United Kingdom,False
565851,21790,VINTAGE SNAP CARDS,12,2011-09-07 13:06:00,0.85,14911,EIRE,False
538827,47504H,ENGLISH ROSE SPIRIT LEVEL,24,2010-12-14 12:59:00,0.85,14298,United Kingdom,False
568802,22732,3D VINTAGE CHRISTMAS STICKERS,18,2011-09-29 10:49:00,1.25,14834,United Kingdom,False
559052,21931,JUMBO STORAGE BAG SUKI,8,2011-07-05 16:53:00,2.08,,United Kingdom,False
562346,22025,RING OF ROSES BIRTHDAY CARD,12,2011-08-04 12:14:00,0.42,16187,United Kingdom,False
547910,22241,GARLAND WOODEN HAPPY EASTER,6,2011-03-28 12:23:00,1.25,14159,United Kingdom,False
576617,22025,RING OF ROSES BIRTHDAY CARD,3,2011-11-15 16:57:00,0.83,,United Kingdom,False
539593,22111,SCOTTIE DOG HOT WATER BOTTLE,6,2010-12-20 13:31:00,4.95,13319,United Kingdom,False
550302,23049,RECYCLED ACAPULCO MAT RED,2,2011-04-17 10:17:00,8.25,14156,EIRE,False
553194,72800B,4 PURPLE FLOCK DINNER CANDLES,1,2011-05-15 13:37:00,2.55,16283,United Kingdom,False
547910,22197,SMALL POPCORN HOLDER,20,2011-03-28 12:23:00,0.85,14159,United Kingdom,False
578067,22492,MINI PAINT SET VINTAGE,2,2011-11-22 15:43:00,1.63,,United Kingdom,False
580610,21155,RED RETROSPOT PEG BAG,3,2011-12-05 11:48:00,4.96,,United Kingdom,False
559691,22027,TEA PARTY BIRTHDAY CARD,12,2011-07-11 15:52:00,0.42,13089,United Kingdom,False
560570,23296,SET OF 6 TEA TIME BAKING CASES,8,2011-07-19 14:28:00,1.25,16112,United Kingdom,False
560552,82486,WOOD S/3 CABINET ANT WHITE FINISH,1,2011-07-19 12:54:00,8.95,15311,United Kingdom,False
564050,22662,LUNCH BAG DOLLY GIRL DESIGN,10,2011-08-22 13:32:00,1.65,17160,United Kingdom,False
539437,22896,PEG BAG APPLES DESIGN,1,2010-12-17 14:54:00,5.06,,United Kingdom,False
536632,22111,SCOTTIE DOG HOT WATER BOTTLE,3,2010-12-02 11:02:00,4.95,14388,United Kingdom,False
566869,22989,SET 2 PANTRY DESIGN TEA TOWELS,6,2011-09-15 13:20:00,3.25,13658,United Kingdom,False
543193,21218,RED SPOTTY BISCUIT TIN,6,2011-02-04 12:18:00,3.75,13725,United Kingdom,False
540821,84596B,SMALL DOLLY MIX DESIGN ORANGE BOWL,6,2011-01-11 13:16:00,0.85,,United Kingdom,False
552286,22371,AIRLINE BAG VINTAGE TOKYO 78,1,2011-05-08 13:07:00,4.25,16393,United Kingdom,False
574882,23313,VINTAGE CHRISTMAS BUNTING,3,2011-11-07 13:45:00,4.95,13599,United Kingdom,False
544928,22720,SET OF 3 CAKE TINS PANTRY DESIGN,1,2011-02-24 18:07:00,10.79,,United Kingdom,False
580367,22735,RIBBON REEL SOCKS AND MITTENS,1,2011-12-02 16:39:00,3.29,,United Kingdom,False
537794,22110,BIRD HOUSE HOT WATER BOTTLE,2,2010-12-08 13:01:00,2.55,16713,United Kingdom,False
578373,21916,SET 12 RETRO WHITE CHALK STICKS,24,2011-11-24 11:19:00,0.42,17451,United Kingdom,False
570690,84032A,CHARLIE+LOLA PINK HOT WATER BOTTLE,1,2011-10-11 16:37:00,3.29,,United Kingdom,False
549568,22666,RECIPE BOX PANTRY YELLOW DESIGN,12,2011-04-10 15:09:00,2.95,15665,United Kingdom,False
539250,21619,4 VANILLA BOTANICAL CANDLES,12,2010-12-16 13:44:00,1.25,15157,United Kingdom,False
575481,85179A,GREEN BITTY LIGHT CHAIN,6,2011-11-09 16:28:00,1.25,15679,United Kingdom,False
563167,35816P,"ACRYLIC JEWEL ANGEL,PINK",48,2011-08-12 12:37:00,0.38,14696,United Kingdom,False
546922,20724,RED RETROSPOT CHARLOTTE BAG,10,2011-03-18 09:59:00,0.85,14110,United Kingdom,False
554151,21912,VINTAGE SNAKES & LADDERS,3,2011-05-23 11:07:00,3.75,14049,United Kingdom,False
537244,22045,SPACEBOY GIFT WRAP,25,2010-12-06 10:20:00,0.42,17674,United Kingdom,False
536582,21481,FAWN BLUE HOT WATER BOTTLE,6,2010-12-01 16:21:00,2.95,12947,United Kingdom,False
545074,85203,HANGING WOOD AND FELT BUTTERFLY,24,2011-02-28 09:28:00,0.42,17655,United Kingdom,False
550525,22521,CHILDS GARDEN TROWEL PINK,6,2011-04-19 10:19:00,0.85,14672,United Kingdom,False
550303,16156S,WRAP PINK FAIRY CAKES,25,2011-04-17 10:21:00,0.42,18213,United Kingdom,False
579408,23117,POPPY FIELDS CHOPPING BOARD,2,2011-11-29 12:34:00,4.95,14701,United Kingdom,False
538524,22694,WICKER STAR,4,2010-12-13 09:35:00,4.21,,United Kingdom,False
566033,22633,HAND WARMER UNION JACK,3,2011-09-08 13:07:00,2.1,16031,United Kingdom,False
551656,21242,RED RETROSPOT PLATE,8,2011-05-03 12:10:00,1.69,14911,EIRE,False
568567,21479,WHITE SKULL HOT WATER BOTTLE,1,2011-09-27 18:41:00,8.29,,United Kingdom,False
575222,22988,SOLDIERS EGG CUP,8,2011-11-09 11:33:00,1.25,16880,United Kingdom,False
569460,22589,CARDHOLDER GINGHAM STAR,6,2011-10-04 11:33:00,2.89,13895,United Kingdom,False
571797,20676,RED RETROSPOT BOWL,1,2011-10-19 11:41:00,2.46,,United Kingdom,False
C540417,84997B,RED 3 PIECE RETROSPOT CUTLERY SET,-24,2011-01-07 10:56:00,3.75,13680,United Kingdom,True
572073,22110,BIRD HOUSE HOT WATER BOTTLE,1,2011-10-20 13:46:00,2.55,13263,United Kingdom,False
575477,22941,CHRISTMAS LIGHTS 10 REINDEER,1,2011-11-09 16:14:00,16.63,,United Kingdom,False
569653,23230,WRAP ALPHABET DESIGN,25,2011-10-05 12:52:00,0.42,12451,Switzerland,False
570852,22191,IVORY DINER WALL CLOCK,2,2011-10-12 14:48:00,8.5,13078,United Kingdom,False
580541,22746,POPPY'S PLAYHOUSE LIVINGROOM,6,2011-12-05 09:03:00,2.1,15358,United Kingdom,False
547919,84247N,PACK/12 BLUE FOLKART CARDS,1,2011-03-28 12:52:00,2.95,13760,United Kingdom,False
577768,22614,PACK OF 12 SPACEBOY TISSUES,1,2011-11-21 15:18:00,0.83,,United Kingdom,False
539955,20726,LUNCH BAG WOODLAND,1,2010-12-23 12:13:00,5.06,,United Kingdom,False
551014,22554,PLASTERS IN TIN WOODLAND ANIMALS,12,2011-04-26 11:04:00,1.65,13209,United Kingdom,False
558043,21136,PAINTED METAL PEARS ASSORTED,16,2011-06-24 13:28:00,1.69,13425,United Kingdom,False
565088,22610,PENS ASSORTED FUNNY FACE,36,2011-09-01 10:11:00,0.19,16145,United Kingdom,False
558115,23032,DRAWER KNOB CRACKLE GLAZE IVORY,12,2011-06-27 08:50:00,1.65,16003,United Kingdom,False
547252,22424,ENAMEL BREAD BIN CREAM,1,2011-03-22 10:13:00,12.75,13900,United Kingdom,False
574700,21986,PACK OF 12 PINK POLKADOT TISSUES,12,2011-11-06 13:53:00,0.39,16033,United Kingdom,False
568203,23085,ANTIQUE SILVER BAUBLE LAMP,1,2011-09-25 15:15:00,10.4,13435,United Kingdom,False
564642,22995,TRAVEL CARD WALLET SUKI,24,2011-08-26 13:22:00,0.42,13527,United Kingdom,False
553013,23131,MISTLETOE HEART WREATH CREAM,11,2011-05-12 18:19:00,4.15,,United Kingdom,False
536527,47421,ASSORTED COLOUR LIZARD SUCTION HOOK,24,2010-12-01 13:04:00,0.42,12662,Germany,False
568698,22959,WRAP CHRISTMAS VILLAGE,25,2011-09-28 14:57:00,0.42,14911,EIRE,False
565919,21155,RED RETROSPOT PEG BAG,2,2011-09-07 16:48:00,4.96,,United Kingdom,False
573085,21174,POTTERING IN THE SHED METAL SIGN,12,2011-10-27 14:27:00,2.08,14441,United Kingdom,False
551997,84378,SET OF 3 HEART COOKIE CUTTERS,1,2011-05-05 15:47:00,2.46,,United Kingdom,False
572063,22320,BIRDS MOBILE VINTAGE DESIGN,1,2011-10-20 12:57:00,5.95,14606,United Kingdom,False
576598,22947,WOODEN ADVENT CALENDAR RED,6,2011-11-15 15:05:00,7.95,13437,United Kingdom,False
579142,21704,BAG 250G SWIRLY MARBLES,6,2011-11-28 13:06:00,0.85,16744,United Kingdom,False
544906,21559,STRAWBERRY LUNCH BOX WITH CUTLERY,12,2011-02-24 14:13:00,2.55,17017,United Kingdom,False
545530,21232,STRAWBERRY CERAMIC TRINKET BOX,24,2011-03-03 13:45:00,1.25,17416,United Kingdom,False
550208,21977,PACK OF 60 PINK PAISLEY CAKE CASES,1,2011-04-15 10:39:00,2.08,,United Kingdom,False
552285,85071B,RED CHARLIE+LOLA PERSONAL DOORSIGN,1,2011-05-08 12:58:00,2.95,14684,United Kingdom,False
547937,22147,FELTCRAFT BUTTERFLY HEARTS,3,2011-03-28 14:27:00,1.45,15068,United Kingdom,False
541103,21217,RED RETROSPOT ROUND CAKE TINS,3,2011-01-13 14:24:00,9.95,14215,United Kingdom,False
568188,85231B,CINAMMON SET OF 9 T-LIGHTS,6,2011-09-25 14:33:00,0.85,16049,United Kingdom,False
550187,23052,RECYCLED ACAPULCO MAT TURQUOISE,5,2011-04-14 18:40:00,8.25,13811,Germany,False
545526,20801,LARGE PINK GLASS SUNDAE DISH,4,2011-03-03 13:14:00,2.55,17789,United Kingdom,False
568325,23153,ZINC SWEETHEART WIRE LETTER RACK,2,2011-09-26 13:57:00,3.75,14667,United Kingdom,False
571831,23284,DOORMAT KEEP CALM AND COME IN,10,2011-10-19 12:01:00,7.08,16979,United Kingdom,False
540353,20727,LUNCH BAG  BLACK SKULL.,1,2011-01-06 14:53:00,1.65,13764,United Kingdom,False
556459,21989,PACK OF 20 SKULL PAPER NAPKINS,1,2011-06-10 17:25:00,1.63,,United Kingdom,False
570857,22936,BAKING MOULD ROSE WHITE CHOCOLATE,1,2011-10-12 15:06:00,3.25,15555,United Kingdom,False
550828,22072,RED RETROSPOT TEA CUP AND SAUCER,2,2011-04-21 10:19:00,3.75,17315,United Kingdom,False
537037,21034,REX CASH+CARRY JUMBO SHOPPER,2,2010-12-05 10:03:00,0.95,17243,United Kingdom,False
563585,23321,SMALL WHITE HEART OF WICKER,2,2011-08-17 17:01:00,1.65,17070,United Kingdom,False
574194,22424,ENAMEL BREAD BIN CREAM,2,2011-11-03 11:58:00,12.75,15227,United Kingdom,False
539451,22469,HEART OF WICKER SMALL,4,2010-12-17 16:59:00,3.36,,United Kingdom,False
568399,22592,CARDHOLDER HOLLY WREATH METAL,4,2011-09-27 10:26:00,3.75,16145,United Kingdom,False
559357,23127,FELTCRAFT GIRL NICOLE KIT,2,2011-07-07 18:56:00,4.95,17107,United Kingdom,False
550658,82001S,VINYL RECORD FRAME SILVER,24,2011-04-20 09:01:00,3.39,13576,United Kingdom,False
573286,22554,PLASTERS IN TIN WOODLAND ANIMALS,2,2011-10-28 14:38:00,1.65,,Switzerland,False
542567,84975,,-1,2011-01-28 14:53:00,0.0,,United Kingdom,False
572550,21619,4 VANILLA BOTANICAL CANDLES,1,2011-10-24 17:06:00,3.29,,United Kingdom,False
541424,21676,FLOWERS  STICKERS,1,2011-01-17 17:57:00,0.79,,United Kingdom,False
579508,90081C,LILY BROOCH OLIVE COLOUR,1,2011-11-29 16:33:00,4.98,,United Kingdom,False
544455,22651,GENTLEMAN SHIRT REPAIR KIT,10,2011-02-20 13:18:00,0.85,13097,United Kingdom,False
C577839,22138,BAKING SET 9 PIECE RETROSPOT,-1,2011-11-22 10:33:00,4.95,16633,United Kingdom,True
569254,84378,SET OF 3 HEART COOKIE CUTTERS,1,2011-10-03 11:00:00,1.45,18116,United Kingdom,False
558556,21914,BLUE HARMONICA IN BOX,1,2011-06-30 13:14:00,1.25,17954,United Kingdom,False
570859,20724,RED RETROSPOT CHARLOTTE BAG,10,2011-10-12 15:22:00,0.85,18277,United Kingdom,False
575852,84032B,CHARLIE + LOLA RED HOT WATER BOTTLE,4,2011-11-11 12:17:00,2.95,17238,United Kingdom,False
556473,21875,KINGS CHOICE MUG,1,2011-06-12 12:00:00,1.25,17265,United Kingdom,False
578153,22319,HAIRCLIPS FORTIES FABRIC ASSORTED,12,2011-11-23 11:22:00,0.65,12748,United Kingdom,False
564184,21977,PACK OF 60 PINK PAISLEY CAKE CASES,48,2011-08-23 15:11:00,0.55,,EIRE,False
546892,22233,JIGSAW RABBIT AND BIRDHOUSE,1,2011-03-17 18:20:00,3.29,,United Kingdom,False
553035,22383,LUNCH BAG SUKI DESIGN,1,2011-05-12 20:13:00,1.65,17337,United Kingdom,False
568187,23175,REGENCY MILK JUG PINK,4,2011-09-25 14:32:00,3.25,13408,United Kingdom,False
577735,22094,RED RETROSPOT TISSUE BOX,36,2011-11-21 13:14:00,0.39,14482,United Kingdom,False
571214,21891,TRADITIONAL WOODEN SKIPPING ROPE,6,2011-10-14 12:56:00,1.45,14390,United Kingdom,False
541509,22804,CANDLEHOLDER PINK HANGING HEART,1,2011-01-18 16:31:00,2.95,13263,United Kingdom,False
563354,23302,KNEELING MAT HOUSEWORK  DESIGN,2,2011-08-15 14:35:00,1.65,15271,United Kingdom,False
569871,23535,BICYCLE SAFTEY WALL ART,4,2011-10-06 15:04:00,5.95,13089,United Kingdom,False
550617,22617,BAKING SET SPACEBOY DESIGN,3,2011-04-19 13:03:00,4.95,13376,United Kingdom,False
577768,22909,SET OF 20 VINTAGE CHRISTMAS NAPKINS,3,2011-11-21 15:18:00,1.63,,United Kingdom,False
569202,23370,SET 36 COLOURING PENCILS DOILY,3,2011-09-30 17:22:00,2.46,,United Kingdom,False
568070,23328,SET 6 SCHOOL MILK BOTTLES IN CRATE,4,2011-09-23 14:17:00,3.75,16128,United Kingdom,False
570210,23337,EGG FRYING PAN MINT,1,2011-10-09 10:48:00,2.08,13259,United Kingdom,False
553766,22677,FRENCH BLUE METAL DOOR SIGN 2,2,2011-05-19 10:44:00,2.46,,United Kingdom,False
572913,22186,RED STAR CARD HOLDER,5,2011-10-26 16:21:00,1.95,15993,United Kingdom,False
542255,20963,APPLE BATH SPONGE,7,2011-01-26 16:43:00,2.46,,United Kingdom,False
547412,21094,SET/6 RED SPOTTY PAPER PLATES,24,2011-03-23 09:42:00,0.85,12399,Belgium,False
566123,23006,TRAVEL CARD WALLET FLOWER MEADOW,2,2011-09-09 11:15:00,0.42,15039,United Kingdom,False
566306,21985,PACK OF 12 HEARTS DESIGN TISSUES,24,2011-09-12 09:36:00,0.39,13265,United Kingdom,False
554112,85099F,JUMBO BAG STRAWBERRY,1,2011-05-22 14:44:00,2.08,17611,United Kingdom,False
559150,22847,BREAD BIN DINER STYLE IVORY,1,2011-07-06 14:59:00,16.95,14002,United Kingdom,False
547042,22280,POCKET BAG PINK PAISELY BROWN SPOT,1,2011-03-20 11:00:00,2.46,,United Kingdom,False
576019,23210,WHITE ROCKING HORSE HAND PAINTED,24,2011-11-13 14:31:00,1.25,12865,Austria,False
565839,16161G,WRAP BAD HAIR DAY,25,2011-09-07 11:46:00,0.1,13186,United Kingdom,False
548712,22560,TRADITIONAL MODELLING CLAY,4,2011-04-03 14:42:00,1.25,17050,United Kingdom,False
580669,23208,LUNCH BAG VINTAGE LEAF DESIGN,30,2011-12-05 14:25:00,1.65,15159,United Kingdom,False
557149,21703,BAG 125G SWIRLY MARBLES,3,2011-06-17 11:01:00,0.42,17961,United Kingdom,False
537137,20728,LUNCH BAG CARS BLUE,3,2010-12-05 12:43:00,1.65,16327,United Kingdom,False
551981,21733,RED HANGING HEART T-LIGHT HOLDER,96,2011-05-05 13:53:00,2.55,13694,United Kingdom,False
562593,21866,UNION JACK FLAG LUGGAGE TAG,3,2011-08-07 15:43:00,1.25,16549,United Kingdom,False
560571,23308,SET OF 60 VINTAGE LEAF CAKE CASES,24,2011-07-19 14:29:00,0.55,17735,United Kingdom,False
578033,POST,POSTAGE,4,2011-11-22 13:42:00,18.0,12656,France,False
579196,21975,PACK OF 60 DINOSAUR CAKE CASES,6,2011-11-28 15:54:00,1.25,14096,United Kingdom,False
560870,23108,SET OF 10 LED DOLLY LIGHTS,2,2011-07-21 14:34:00,6.25,13157,United Kingdom,False
569333,23526,DOG LICENCE WALL ART,4,2011-10-03 13:49:00,5.95,13431,United Kingdom,False
560271,21294,ETCHED GLASS COASTER,6,2011-07-17 14:51:00,0.39,16474,United Kingdom,False
556826,15056bl,EDWARDIAN PARASOL BLACK,2,2011-06-15 10:25:00,12.46,,United Kingdom,False
574547,23087,ZINC  HEART T-LIGHT HOLDER,5,2011-11-04 15:08:00,1.25,17841,United Kingdom,False
557886,21381,MINI WOODEN HAPPY BIRTHDAY GARLAND,4,2011-06-23 13:39:00,1.69,17799,United Kingdom,False
544676,21054,NURSE'S BAG SOFT TOY,1,2011-02-22 16:03:00,8.95,17841,United Kingdom,False
578350,23497,CLASSIC CHROME BICYCLE BELL,12,2011-11-24 09:51:00,1.45,15632,United Kingdom,False
542901,21781,MA CAMPAGNE CUTLERY BOX,1,2011-02-01 14:29:00,14.95,14217,United Kingdom,False
538011,21592,RETROSPOT CIGAR BOX MATCHES,4,2010-12-09 12:24:00,1.25,14896,United Kingdom,False
550986,21533,RETROSPOT LARGE MILK JUG,1,2011-04-21 18:06:00,9.96,,United Kingdom,False
552232,21212,PACK OF 72 RETROSPOT CAKE CASES,1,2011-05-06 15:54:00,1.25,,United Kingdom,False
575851,23378,PACK OF 12 50'S CHRISTMAS TISSUES,1,2011-11-11 12:13:00,0.39,14662,United Kingdom,False
564196,POST,POSTAGE,1,2011-08-23 16:56:00,15.0,17315,United Kingdom,False
560590,20981,12 PENCILS TALL TUBE WOODLAND,12,2011-07-19 15:55:00,0.85,12560,Germany,False
550458,22996,TRAVEL CARD WALLET VINTAGE TICKET,1,2011-04-18 13:13:00,0.83,,United Kingdom,False
570593,90012B,BLACK DROP CRYSTAL NECKLACE,6,2011-10-11 11:38:00,2.95,18180,United Kingdom,False
553856,22419,LIPSTICK PEN RED,2,2011-05-19 13:28:00,0.42,16813,United Kingdom,False
580367,21624,VINTAGE UNION JACK DOORSTOP,1,2011-12-02 16:39:00,11.63,,United Kingdom,False
577748,23311,VINTAGE CHRISTMAS STOCKING,6,2011-11-21 14:24:00,2.55,15159,United Kingdom,False
538514,21756,BATH BUILDING BLOCK WORD,1,2010-12-12 14:27:00,5.95,15044,United Kingdom,False
553920,22776,SWEETHEART CAKESTAND 3 TIER,2,2011-05-20 08:57:00,9.95,15955,United Kingdom,False
539760,22645,CERAMIC HEART FAIRY CAKE MONEY BANK,4,2010-12-21 17:16:00,1.45,17400,United Kingdom,False
C570828,90118,PINK DAISY BAG CHARM,-6,2011-10-12 13:15:00,2.55,14911,EIRE,True
538180,85150,LADIES & GENTLEMEN METAL SIGN,12,2010-12-10 09:53:00,2.55,13418,United Kingdom,False
550179,21172,PARTY METAL SIGN,12,2011-04-14 17:29:00,1.45,15220,United Kingdom,False
541878,22719,GUMBALL MONOCHROME COAT RACK,1,2011-01-24 10:28:00,2.46,,United Kingdom,False
578804,35471D,SET OF 3 BIRD LIGHT PINK FEATHER,24,2011-11-25 12:57:00,0.39,17557,United Kingdom,False
573576,21900,"KEY FOB , SHED",3,2011-10-31 14:09:00,1.63,14096,United Kingdom,False
571263,21932,SCANDINAVIAN PAISLEY PICNIC BAG,10,2011-10-16 11:06:00,1.65,14910,United Kingdom,False
561694,22558,CLOTHES PEGS RETROSPOT PACK 24,12,2011-07-29 09:57:00,1.65,16147,United Kingdom,False
556916,82600,NO SINGING METAL SIGN,1,2011-06-15 13:35:00,2.1,16898,United Kingdom,False
543982,22078,RIBBON REEL LACE DESIGN,10,2011-02-15 08:21:00,2.1,15358,United Kingdom,False
571188,48188,DOORMAT WELCOME PUPPIES,2,2011-10-14 11:42:00,8.25,12783,Portugal,False
542344,21948,SET OF 6 CAKE CHOPSTICKS,2,2011-01-27 11:30:00,2.46,,United Kingdom,False
C560365,23080,RED METAL BOX TOP SECRET,-1,2011-07-18 12:17:00,8.25,14390,United Kingdom,True
561085,20727,LUNCH BAG  BLACK SKULL.,10,2011-07-25 09:26:00,1.65,14367,United Kingdom,False
573546,23174,REGENCY SUGAR BOWL GREEN,4,2011-10-31 13:13:00,4.15,15974,United Kingdom,False
555845,21977,PACK OF 60 PINK PAISLEY CAKE CASES,2,2011-06-07 13:19:00,0.55,17015,United Kingdom,False
544677,21164,HOME SWEET HOME METAL SIGN,1,2011-02-22 16:13:00,2.95,18196,United Kingdom,False
579091,21314,SMALL GLASS HEART TRINKET POT,8,2011-11-28 10:49:00,2.1,14893,United Kingdom,False
547940,21877,HOME SWEET HOME MUG,6,2011-03-28 14:43:00,1.25,16814,United Kingdom,False
544295,22674,FRENCH TOILET SIGN BLUE METAL,12,2011-02-17 12:43:00,1.06,14298,United Kingdom,False
551137,22820,GIFT BAG BIRTHDAY,1,2011-04-26 13:05:00,0.65,15581,United Kingdom,False
543911,22413,METAL SIGN TAKE IT OR LEAVE IT,12,2011-02-14 12:46:00,2.95,17829,United Arab Emirates,False
571653,23524,WALL ART HORSE & PONY,6,2011-10-18 12:17:00,3.29,14298,United Kingdom,False
545701,21382,SET/4 SPRING FLOWER DECORATION,4,2011-03-06 15:17:00,2.95,17107,United Kingdom,False
562727,23122,PARTY CHARMS 50 PIECES,12,2011-08-09 09:26:00,0.83,15601,United Kingdom,False
576618,23267,SET OF 4 SANTA PLACE SETTINGS,1,2011-11-15 17:00:00,2.46,,United Kingdom,False
564757,85131D,BEADED CRYSTAL HEART PINK ON STICK,3,2011-08-30 10:36:00,0.83,,United Kingdom,False
553703,23230,WRAP ALPHABET DESIGN,25,2011-05-18 14:57:00,0.42,13192,United Kingdom,False
568408,22086,PAPER CHAIN KIT 50'S CHRISTMAS,5,2011-09-27 10:40:00,6.63,,United Kingdom,False
580373,23376,PACK OF 12 VINTAGE CHRISTMAS TISSUE,24,2011-12-02 17:06:00,0.39,14788,United Kingdom,False
556108,23072,MARIE ANTOINETTE TRINKET BOX SILVER,1,2011-06-08 17:59:00,24.96,,United Kingdom,False
571184,23200,JUMBO BAG PEARS,21,2011-10-14 11:09:00,2.08,15478,United Kingdom,False
580985,21588,RETROSPOT GIANT TUBE MATCHES,186,2011-12-06 16:33:00,2.1,17389,United Kingdom,False
546892,22383,LUNCH BAG SUKI DESIGN,1,2011-03-17 18:20:00,4.13,,United Kingdom,False
561485,23154,SET OF 4 JAM JAR MAGNETS,1,2011-07-27 13:42:00,2.08,17841,United Kingdom,False
565366,22835,HOT WATER BOTTLE I AM SO POORLY,4,2011-09-02 14:56:00,4.65,17091,United Kingdom,False
551197,23177,TREASURE ISLAND BOOK BOX,1,2011-04-27 11:26:00,2.25,14078,United Kingdom,False
562419,22384,LUNCH BAG PINK POLKADOT,1,2011-08-04 16:36:00,1.65,14667,United Kingdom,False
574882,22557,PLASTERS IN TIN VINTAGE PAISLEY,2,2011-11-07 13:45:00,1.65,13599,United Kingdom,False
575176,22556,PLASTERS IN TIN CIRCUS PARADE,1,2011-11-08 18:29:00,3.29,,United Kingdom,False
572091,23413,VINTAGE COFFEE GRINDER BOX,6,2011-10-20 14:40:00,4.95,15129,United Kingdom,False
536572,21756,BATH BUILDING BLOCK WORD,3,2010-12-01 15:40:00,5.95,16539,United Kingdom,False
568919,47566B,TEA TIME PARTY BUNTING,2,2011-09-29 14:38:00,4.95,12937,United Kingdom,False
550207,82482,WOODEN PICTURE FRAME WHITE FINISH,1,2011-04-15 10:38:00,4.96,,United Kingdom,False
555257,21205,MULTICOLOUR 3D BALLS GARLAND,2,2011-06-01 15:28:00,2.55,17596,United Kingdom,False
563432,23002,TRAVEL CARD WALLET SKULLS,6,2011-08-16 12:12:00,0.42,16713,United Kingdom,False
555653,22231,JIGSAW TREE WITH BIRDHOUSE,2,2011-06-06 14:12:00,0.59,17673,United Kingdom,False
576399,23319,BOX OF 6 MINI 50'S CRACKERS,12,2011-11-15 10:50:00,2.49,12684,France,False
540700,22619,SET OF 6 SOLDIER SKITTLES,8,2011-01-11 09:47:00,3.75,12393,Australia,False
571848,22464,HANGING METAL HEART LANTERN,12,2011-10-19 12:50:00,1.65,13576,United Kingdom,False
548400,21688,SILVER PLATE CANDLE BOWL SMALL,6,2011-03-30 17:33:00,2.95,17400,United Kingdom,False
537374,22866,HAND WARMER SCOTTY DOG DESIGN,1,2010-12-06 12:55:00,2.1,17259,United Kingdom,False
550471,84536B,FAIRY CAKES NOTEBOOK A7 SIZE,1,2011-04-18 13:52:00,0.83,,United Kingdom,False
552108,22630,DOLLY GIRL LUNCH BOX,1,2011-05-06 11:36:00,1.95,17841,United Kingdom,False
538783,22112,CHOCOLATE HOT WATER BOTTLE,6,2010-12-14 11:38:00,4.95,14961,United Kingdom,False
572552,21147,JINGLE BELLS TREE DECORATION,1,2011-10-24 17:07:00,2.46,14096,United Kingdom,False
578702,22197,POPCORN HOLDER,48,2011-11-25 10:58:00,0.85,15382,United Kingdom,False
549130,22499,WOODEN UNION JACK BUNTING,5,2011-04-06 15:02:00,5.95,14701,United Kingdom,False
561513,23153,ZINC SWEETHEART WIRE LETTER RACK,1,2011-07-27 15:12:00,7.46,,United Kingdom,False
581146,22616,PACK OF 12 LONDON TISSUES,12,2011-12-07 13:53:00,0.39,17602,United Kingdom,False
539502,22616,PACK OF 12 LONDON TISSUES,48,2010-12-20 11:14:00,0.29,14099,United Kingdom,False
574550,22384,LUNCH BAG PINK POLKADOT,4,2011-11-04 15:18:00,1.65,12484,Spain,False
552829,22729,ALARM CLOCK BAKELIKE ORANGE,1,2011-05-11 13:42:00,3.75,12748,United Kingdom,False
551282,22053,EMPIRE DESIGN ROSETTE,2,2011-04-27 13:44:00,1.25,16919,United Kingdom,False
581238,72801d,4 SKY BLUE DINNER CANDLES,5,2011-12-08 10:53:00,2.46,,United Kingdom,False
572540,22668,PINK BABY BUNTING,1,2011-10-24 16:17:00,5.79,,United Kingdom,False
551853,22514,CHILDS GARDEN SPADE BLUE,1,2011-05-04 14:54:00,2.1,,United Kingdom,False
558558,22376,AIRLINE BAG VINTAGE JET SET WHITE,2,2011-06-30 13:17:00,4.25,17841,United Kingdom,False
561247,22465,HANGING METAL STAR LANTERN,12,2011-07-26 11:38:00,1.65,16592,United Kingdom,False
546914,22961,JAM MAKING SET PRINTED,24,2011-03-18 08:12:00,1.45,13072,United Kingdom,False
569214,22546,MINI JIGSAW PURDEY,48,2011-10-02 12:22:00,0.42,14533,United Kingdom,False
541516,21163,DO NOT TOUCH MY STUFF DOOR HANGER,6,2011-01-18 17:34:00,3.29,,United Kingdom,False
569564,21977,PACK OF 60 PINK PAISLEY CAKE CASES,24,2011-10-05 09:47:00,0.55,13989,United Kingdom,False
560209,21878,PACK OF 6 SANDCASTLE FLAGS ASSORTED,6,2011-07-15 14:05:00,0.85,15004,United Kingdom,False
553008,23175,REGENCY MILK JUG PINK,4,2011-05-12 16:52:00,3.25,17315,United Kingdom,False
551817,21080,SET/20 RED RETROSPOT PAPER NAPKINS,2,2011-05-04 11:50:00,0.85,17974,United Kingdom,False
576770,21630,FLOOR CUSHION ELEPHANT CARNIVAL,2,2011-11-16 13:16:00,8.95,13926,United Kingdom,False
573413,84792,ENCHANTED BIRD COATHANGER 5 HOOK,1,2011-10-30 16:12:00,4.65,15444,United Kingdom,False
539958,22322,BIRD DECORATION GREEN POLKADOT,18,2010-12-23 13:26:00,0.81,,United Kingdom,False
568057,84997a,CHILDRENS CUTLERY POLKADOT GREEN,3,2011-09-23 12:56:00,8.29,,United Kingdom,False
539484,84988,SET OF 72 PINK HEART PAPER DOILIES,6,2010-12-19 15:44:00,1.45,15640,United Kingdom,False
579196,85039C,S/4 BLACK MINI ROSE CANDLE IN BOWL,1,2011-11-28 15:54:00,1.63,14096,United Kingdom,False
567462,22383,LUNCH BAG SUKI DESIGN,1,2011-09-20 12:35:00,1.65,14446,United Kingdom,False
544691,22849,BREAD BIN DINER STYLE MINT,2,2011-02-23 09:09:00,16.95,13804,United Kingdom,False
546690,23052,RECYCLED ACAPULCO MAT TURQUOISE,6,2011-03-16 10:25:00,8.25,16985,United Kingdom,False
553228,22562,MONSTERS STENCIL CRAFT,12,2011-05-16 10:48:00,1.25,16496,United Kingdom,False
568719,23380,PACK OF 12 VINTAGE DOILY TISSUES,1,2011-09-28 16:19:00,0.83,,United Kingdom,False
550149,21244,BLUE POLKADOT PLATE,5,2011-04-14 14:37:00,1.69,13069,United Kingdom,False
544058,22513,DOORSTOP FOOTBALL DESIGN,2,2011-02-15 12:56:00,3.75,14176,United Kingdom,False
576687,22998,TRAVEL CARD WALLET KEEP CALM,3,2011-11-16 12:13:00,0.42,13558,United Kingdom,False
560216,16162L,,30,2011-07-15 15:11:00,0.0,,United Kingdom,False
571746,22627,MINT KITCHEN SCALES,2,2011-10-19 10:56:00,8.5,17043,United Kingdom,False
537144,21187,WHITE BELL HONEYCOMB PAPER GARLAND,2,2010-12-05 13:00:00,1.65,15880,United Kingdom,False
544463,22567,20 DOLLY PEGS RETROSPOT,1,2011-02-20 14:31:00,1.25,12988,United Kingdom,False
556932,21248,DOOR HANGER  MUM + DADS ROOM,1,2011-06-15 15:41:00,3.29,,United Kingdom,False
565926,85061W,WHITE JEWELLED HEART DECORATION,48,2011-09-08 10:02:00,0.85,13305,United Kingdom,False
570019,22055,MINI CAKE STAND  HANGING STRAWBERY,3,2011-10-07 10:13:00,1.65,17841,United Kingdom,False
554628,15058B,PINK POLKADOT GARDEN PARASOL,1,2011-05-25 11:26:00,7.95,15039,United Kingdom,False
558774,23308,SET OF 60 VINTAGE LEAF CAKE CASES,1,2011-07-04 10:17:00,1.25,,United Kingdom,False
550250,22920,HERB MARKER BASIL,12,2011-04-15 11:36:00,0.65,18171,United Kingdom,False
538379,22960,JAM MAKING SET WITH JARS,1,2010-12-12 11:26:00,4.25,17126,United Kingdom,False
577768,21903,MAN FLU METAL SIGN,1,2011-11-21 15:18:00,4.13,,United Kingdom,False
562276,23076,ICE CREAM SUNDAE LIP GLOSS,24,2011-08-04 10:23:00,1.25,17735,United Kingdom,False
574866,22997,TRAVEL CARD WALLET UNION JACK,5,2011-11-07 12:34:00,0.42,12748,United Kingdom,False
574667,23244,ROUND STORAGE TIN VINTAGE LEAF,6,2011-11-06 12:12:00,1.95,15514,United Kingdom,False
543005,85227,SET OF 6 3D KIT CARDS FOR KIDS,12,2011-02-02 12:42:00,0.85,16378,United Kingdom,False
562804,23209,LUNCH BAG DOILEY PATTERN,10,2011-08-09 14:48:00,1.65,13355,United Kingdom,False
541843,22752,SET 7 BABUSHKA NESTING BOXES,1,2011-01-23 12:08:00,8.5,13659,United Kingdom,False
573385,22633,HAND WARMER UNION JACK,24,2011-10-30 14:21:00,2.1,13421,United Kingdom,False
580533,23534,WALL ART STOP FOR TEA,18,2011-12-04 15:55:00,5.35,13098,United Kingdom,False
554942,22179,SET 10 NIGHT OWL LIGHTS,1,2011-05-27 14:01:00,6.75,17841,United Kingdom,False
550714,22502,PICNIC BASKET WICKER SMALL,4,2011-04-20 11:12:00,5.95,15249,United Kingdom,False
567675,22563,HAPPY STENCIL CRAFT,1,2011-09-21 15:54:00,1.25,15351,United Kingdom,False
537368,20975,12 PENCILS SMALL TUBE RED RETROSPOT,24,2010-12-06 12:40:00,0.65,14911,EIRE,False
542192,21915,RED  HARMONICA IN BOX,12,2011-01-26 11:27:00,1.25,14049,United Kingdom,False
555350,21217,RED RETROSPOT ROUND CAKE TINS,1,2011-06-02 12:08:00,9.95,17652,United Kingdom,False
540154,84519A,TOMATO CHARLIE+LOLA COASTER SET,1,2011-01-05 11:30:00,3.36,,United Kingdom,False
561258,22456,NATURAL SLATE CHALKBOARD LARGE,18,2011-07-26 12:03:00,4.25,15513,United Kingdom,False
575629,21987,PACK OF 6 SKULL PAPER CUPS,12,2011-11-10 13:34:00,0.65,12599,France,False
572280,84535B,FAIRY CAKES NOTEBOOK A6 SIZE,4,2011-10-23 11:05:00,0.65,16007,United Kingdom,False
546107,22258,FELT FARM ANIMAL RABBIT,1,2011-03-09 12:33:00,1.25,17238,United Kingdom,False
544571,22523,CHILDS GARDEN FORK PINK,12,2011-02-21 13:07:00,0.85,15146,United Kingdom,False
537346,22961,JAM MAKING SET PRINTED,12,2010-12-06 12:21:00,1.45,15301,United Kingdom,False
553542,21559,STRAWBERRY LUNCH BOX WITH CUTLERY,1,2011-05-17 15:34:00,4.96,,United Kingdom,False
551392,21843,RED RETROSPOT CAKE STAND,2,2011-04-28 12:07:00,10.95,13229,United Kingdom,False
553423,22659,LUNCH BOX I LOVE LONDON,1,2011-05-17 10:28:00,1.95,17811,United Kingdom,False
551467,20726,LUNCH BAG WOODLAND,10,2011-04-28 16:20:00,1.65,12600,Germany,False
541796,22988,SOLDIERS EGG CUP,12,2011-01-21 13:55:00,1.25,14092,United Kingdom,False
544657,22939,APRON APPLE DELIGHT,4,2011-02-22 13:08:00,4.95,14895,United Kingdom,False
537026,84375,SET OF 20 KIDS COOKIE CUTTERS,12,2010-12-03 16:35:00,2.1,12395,Belgium,False
566974,22356,CHARLOTTE BAG PINK POLKADOT,10,2011-09-16 09:24:00,0.85,13599,United Kingdom,False
559802,DOT,DOTCOM POSTAGE,1,2011-07-12 13:48:00,175.88,,United Kingdom,False
536544,47591B,SCOTTIES CHILDRENS APRON,2,2010-12-01 14:32:00,1.66,,United Kingdom,False
579673,22355,CHARLOTTE BAG SUKI DESIGN,3,2011-11-30 12:59:00,0.85,18283,United Kingdom,False
560534,21523,DOORMAT FANCY FONT HOME SWEET HOME,2,2011-07-19 12:10:00,7.95,14911,EIRE,False
541507,22196,SMALL HEART MEASURING SPOONS,1,2011-01-18 16:05:00,1.63,,United Kingdom,False
563264,22427,ENAMEL FLOWER JUG CREAM,3,2011-08-15 12:46:00,5.95,13720,United Kingdom,False
563580,84974,S/2 ZINC HEART DESIGN PLANTERS,1,2011-08-17 15:53:00,9.95,16706,United Kingdom,False
542274,22379,RECYCLING BAG RETROSPOT,5,2011-01-27 10:02:00,2.1,16782,United Kingdom,False
568780,21791,VINTAGE HEADS AND TAILS CARD GAME,12,2011-09-29 08:27:00,1.25,18235,United Kingdom,False
C555636,22686,FRENCH BLUE METAL DOOR SIGN NO,-12,2011-06-06 12:33:00,1.25,15073,United Kingdom,True
578065,21577,SAVE THE PLANET COTTON TOTE BAG,1,2011-11-22 15:41:00,4.96,,United Kingdom,False
567183,23338,EGG FRYING PAN RED,1,2011-09-18 15:32:00,2.08,14769,United Kingdom,False
578075,22382,LUNCH BAG SPACEBOY DESIGN,2,2011-11-22 16:11:00,1.65,15039,United Kingdom,False
561214,23091,ZINC HERB GARDEN CONTAINER,1,2011-07-25 17:00:00,12.46,,United Kingdom,False
549843,22693,GROW A FLYTRAP OR SUNFLOWER IN TIN,48,2011-04-12 14:04:00,1.25,13157,United Kingdom,False
540504,22804,CANDLEHOLDER PINK HANGING HEART,1,2011-01-09 11:02:00,2.95,13668,United Kingdom,False
579102,23092,LARGE ANTIQUE WHITE PHOTO FRAME,2,2011-11-28 11:33:00,7.9,14911,EIRE,False
562843,23300,GARDENERS KNEELING PAD CUP OF TEA,1,2011-08-09 17:37:00,3.29,,United Kingdom,False
567462,20977,36 PENCILS TUBE WOODLAND,1,2011-09-20 12:35:00,1.25,14446,United Kingdom,False
539442,22697,GREEN REGENCY TEACUP AND SAUCER,6,2010-12-17 15:39:00,2.95,16558,United Kingdom,False
579001,20981,12 PENCILS TALL TUBE WOODLAND,2,2011-11-27 16:19:00,0.85,15555,United Kingdom,False
569900,20713,JUMBO BAG OWLS,10,2011-10-06 16:17:00,2.08,17651,United Kingdom,False
555383,21231,SWEETHEART CERAMIC TRINKET BOX,4,2011-06-02 15:13:00,1.25,12517,Germany,False
552000,37342,POLKADOT COFFEE CUP & SAUCER PINK,1,2011-05-05 15:56:00,2.46,,United Kingdom,False
543815,82580,BATHROOM METAL SIGN,2,2011-02-13 15:18:00,0.55,17255,United Kingdom,False
543188,22090,PAPER BUNTING RETROSPOT,6,2011-02-04 11:45:00,2.95,12567,France,False
545996,20728,LUNCH BAG CARS BLUE,3,2011-03-08 14:12:00,1.65,14367,United Kingdom,False
567384,82552,WASHROOM METAL SIGN,96,2011-09-20 10:23:00,1.7,17450,United Kingdom,False
558475,21509,COWBOYS AND INDIANS BIRTHDAY CARD,2,2011-06-29 15:58:00,0.83,,United Kingdom,False
578292,23293,SET OF 12 FAIRY CAKE BAKING CASES,1,2011-11-23 14:35:00,0.83,13174,United Kingdom,False
C553569,22796,PHOTO FRAME 3 CLASSIC HANGING,-2,2011-05-18 09:23:00,9.95,16116,United Kingdom,True
566268,15056P,EDWARDIAN PARASOL PINK,3,2011-09-11 13:38:00,5.95,13813,Germany,False
562680,22355,CHARLOTTE BAG SUKI DESIGN,3,2011-08-08 13:46:00,0.85,17954,United Kingdom,False
550298,23201,JUMBO BAG ALPHABET,2,2011-04-15 16:11:00,2.08,17346,United Kingdom,False
555923,23169,CLASSIC GLASS COOKIE JAR,2,2011-06-07 17:09:00,8.29,,United Kingdom,False
541253,47422,ASSORTED MONKEY SUCTION CUP HOOK,6,2011-01-16 13:51:00,0.42,17841,United Kingdom,False
550885,20728,LUNCH BAG CARS BLUE,10,2011-04-21 11:59:00,1.65,16185,United Kingdom,False
565141,22310,IVORY KNITTED MUG COSY,2,2011-09-01 13:40:00,1.65,17841,United Kingdom,False
574941,23203,JUMBO BAG VINTAGE DOILY,375,2011-11-07 17:42:00,4.95,,United Kingdom,False
569007,22553,PLASTERS IN TIN SKULLS,12,2011-09-29 18:51:00,1.65,17552,United Kingdom,False
562611,22139,RETROSPOT TEA SET CERAMIC 11 PC,3,2011-08-08 11:58:00,4.95,17716,United Kingdom,False
557153,23229,VINTAGE DONKEY TAIL GAME,2,2011-06-17 11:07:00,3.75,13735,United Kingdom,False
543828,22899,CHILDREN'S APRON DOLLY GIRL,8,2011-02-14 09:45:00,2.1,14156,EIRE,False
538634,22358,KINGS CHOICE TEA CADDY,3,2010-12-13 13:28:00,2.95,14085,United Kingdom,False
577320,22625,RED KITCHEN SCALES,2,2011-11-18 13:44:00,8.5,13880,United Kingdom,False
565312,21115,ROSE CARAVAN DOORSTOP,1,2011-09-02 12:37:00,6.75,14527,United Kingdom,False
556246,22147,FELTCRAFT BUTTERFLY HEARTS,1,2011-06-09 16:16:00,1.45,16113,United Kingdom,False
550500,79066K,RETRO MOD TRAY,1,2011-04-18 15:26:00,1.63,,United Kingdom,False
538524,37444A,YELLOW BREAKFAST CUP AND SAUCER,1,2010-12-13 09:35:00,5.91,,United Kingdom,False
580115,22920,HERB MARKER BASIL,1,2011-12-01 16:22:00,1.63,,United Kingdom,False
557414,22505,MEMO BOARD COTTAGE DESIGN,4,2011-06-20 11:42:00,4.95,15840,United Kingdom,False
571082,22674,FRENCH TOILET SIGN BLUE METAL,1,2011-10-13 15:25:00,2.46,,United Kingdom,False
580982,23350,ROLL WRAP VINTAGE SPOT,6,2011-12-06 16:21:00,1.25,17861,United Kingdom,False
570688,22277,COSMETIC BAG VINTAGE ROSE PAISLEY,1,2011-10-11 16:29:00,4.13,,United Kingdom,False
538148,22630,DOLLY GIRL LUNCH BOX,3,2010-12-09 16:26:00,2.51,,United Kingdom,False
577723,21524,DOORMAT SPOTTY HOME SWEET HOME,1,2011-11-21 12:36:00,8.25,16713,United Kingdom,False
567062,23439,HAND WARMER RED LOVE HEART,12,2011-09-16 11:48:00,2.1,16108,United Kingdom,False
542713,21786,POLKADOT RAIN HAT,24,2011-01-31 13:27:00,0.42,12668,Germany,False
546896,21383,PACK OF 12 STICKY BUNNIES,2,2011-03-17 18:24:00,1.63,,United Kingdom,False
545690,22087,PAPER BUNTING WHITE LACE,1,2011-03-06 12:46:00,2.95,13263,United Kingdom,False
544205,21916,SET 12 RETRO WHITE CHALK STICKS,1,2011-02-17 10:31:00,0.79,,United Kingdom,False
571246,22186,RED STAR CARD HOLDER,3,2011-10-14 15:59:00,1.95,17750,United Kingdom,False
580729,23353,6 GIFT TAGS VINTAGE CHRISTMAS,9,2011-12-05 17:24:00,1.63,,United Kingdom,False
555559,21746,SMALL RED RETROSPOT WINDMILL,12,2011-06-05 14:18:00,1.25,13862,United Kingdom,False
539958,22346,PARTY PIZZA DISH GREEN POLKADOT,27,2010-12-23 13:26:00,0.43,,United Kingdom,False
544672,22029,SPACEBOY BIRTHDAY CARD,144,2011-02-22 15:45:00,0.36,14646,Netherlands,False
564825,84659A,WHITE TRAVEL ALARM CLOCK,1,2011-08-30 12:26:00,2.46,,United Kingdom,False
557642,20718,RED RETROSPOT SHOPPER BAG,1,2011-06-21 16:35:00,3.29,,United Kingdom,False
546531,21244,BLUE POLKADOT PLATE,32,2011-03-14 13:35:00,1.69,15738,United Kingdom,False
573542,23414,ZINC BOX SIGN HOME,1,2011-10-31 13:03:00,9.95,14702,United Kingdom,False
563506,23293,SET OF 12 FAIRY CAKE BAKING CASES,8,2011-08-17 09:48:00,0.83,17398,United Kingdom,False
549100,84997d,CHILDRENS CUTLERY POLKADOT PINK,3,2011-04-06 11:14:00,8.29,,United Kingdom,False
544467,22178,VICTORIAN GLASS HANGING T-LIGHT,2,2011-02-20 15:51:00,1.25,14502,United Kingdom,False
553052,23167,SMALL CERAMIC TOP STORAGE JAR,96,2011-05-13 10:14:00,0.69,15251,United Kingdom,False
580536,20719,WOODLAND CHARLOTTE BAG,10,2011-12-04 16:07:00,0.85,12490,France,False
562931,22990,COTTON APRON PANTRY DESIGN,1,2011-08-10 16:19:00,4.95,14030,United Kingdom,False
579550,22797,CHEST OF DRAWERS GINGHAM HEART,1,2011-11-30 10:48:00,16.95,12630,Finland,False
578305,21317,GLASS SPHERE CANDLE STAND MEDIUM,8,2011-11-23 15:44:00,4.95,14088,United Kingdom,False
536804,22926,IVORY GIANT GARDEN THERMOMETER,4,2010-12-02 16:34:00,5.95,14031,United Kingdom,False
579148,22509,SEWING BOX RETROSPOT DESIGN,1,2011-11-28 13:20:00,16.95,17523,United Kingdom,False
562101,23317,BLUE REFECTORY CLOCK,2,2011-08-02 14:04:00,9.95,13850,United Kingdom,False
578067,21900,"KEY FOB , SHED",1,2011-11-22 15:43:00,1.63,,United Kingdom,False
579002,21355,TOAST ITS - I LOVE YOU,4,2011-11-27 16:27:00,1.25,14093,United Kingdom,False
552279,23203,JUMBO BAG DOILEY PATTERNS,10,2011-05-08 12:38:00,2.08,15117,United Kingdom,False
556080,20719,WOODLAND CHARLOTTE BAG,40,2011-06-08 15:21:00,2.46,,United Kingdom,False
573814,23148,MINIATURE ANTIQUE ROSE HOOK IVORY,8,2011-11-01 11:31:00,0.83,13268,United Kingdom,False
576189,22457,NATURAL SLATE HEART CHALKBOARD,1,2011-11-14 11:33:00,2.95,14684,United Kingdom,False
568212,23101,SILVER STARS TABLE DECORATION,1,2011-09-25 16:05:00,0.83,15154,United Kingdom,False
580632,20969,RED FLORAL FELTCRAFT SHOULDER BAG,1,2011-12-05 12:16:00,3.75,16360,United Kingdom,False
562807,85099B,JUMBO BAG RED RETROSPOT,10,2011-08-09 14:57:00,2.08,16053,United Kingdom,False
564648,22989,SET 2 PANTRY DESIGN TEA TOWELS,6,2011-08-26 14:04:00,3.25,15641,United Kingdom,False
571552,23201,JUMBO BAG ALPHABET,10,2011-10-18 08:42:00,2.08,16848,United Kingdom,False
565617,23165,LARGE CERAMIC TOP STORAGE JAR,3,2011-09-05 15:30:00,3.29,,United Kingdom,False
537604,21528,DAIRY MAID TRADITIONAL TEAPOT,2,2010-12-07 13:01:00,6.95,13488,United Kingdom,False
569331,23199,JUMBO BAG APPLES,10,2011-10-03 13:39:00,2.08,16875,United Kingdom,False
551262,85099B,JUMBO BAG RED RETROSPOT,3,2011-04-27 12:05:00,2.08,14527,United Kingdom,False
548158,20752,BLUE POLKADOT WASHING UP GLOVES,2,2011-03-29 13:28:00,2.1,15906,United Kingdom,False
574866,23265,SET OF 3 WOODEN TREE DECORATIONS,2,2011-11-07 12:34:00,1.25,12748,United Kingdom,False
541131,82600,NO SINGING METAL SIGN,1,2011-01-14 10:16:00,4.13,,United Kingdom,False
540697,22775,PURPLE DRAWERKNOB ACRYLIC EDWARDIAN,12,2011-01-11 09:20:00,1.25,16670,United Kingdom,False
564840,85132C,CHARLIE AND LOLA FIGURES TINS,1,2011-08-30 12:49:00,5.79,,United Kingdom,False
581439,90200A,PURPLE SWEETHEART BRACELET,1,2011-12-08 16:30:00,4.15,,United Kingdom,False
571965,21617,4 LILY  BOTANICAL DINNER CANDLES,1,2011-10-20 10:41:00,1.25,17238,United Kingdom,False
C571707,23193,BUFFALO BILL TREASURE BOOK BOX,-2,2011-10-18 15:33:00,2.25,14056,United Kingdom,True
578233,22274,FELTCRAFT DOLL EMILY,4,2011-11-23 12:20:00,2.95,14049,United Kingdom,False
555630,35810A,ENAMEL PINK COFFEE CONTAINER,12,2011-06-06 12:04:00,0.83,14732,United Kingdom,False
555545,22439,6 ROCKET BALLOONS,24,2011-06-05 13:08:00,0.65,17735,United Kingdom,False
556090,22197,SMALL POPCORN HOLDER,5,2011-06-08 15:25:00,1.63,,United Kingdom,False
550206,22386,JUMBO BAG PINK POLKADOT,1,2011-04-15 10:38:00,4.13,,United Kingdom,False
566033,22810,SET OF 6 T-LIGHTS SNOWMEN,1,2011-09-08 13:07:00,2.95,16031,United Kingdom,False
562113,23307,SET OF 60 PANTRY DESIGN CAKE CASES,1,2011-08-02 16:11:00,1.25,,United Kingdom,False
574040,20652,BLUE POLKADOT LUGGAGE TAG,2,2011-11-02 13:01:00,1.25,14974,United Kingdom,False
580730,23171,REGENCY TEA PLATE GREEN,4,2011-12-05 17:28:00,3.29,,United Kingdom,False
565261,22326,ROUND SNACK BOXES SET OF4 WOODLAND,12,2011-09-02 10:53:00,2.95,12474,Germany,False
565672,84912B,GREEN ROSE WASHBAG,4,2011-09-06 09:34:00,3.75,17700,United Kingdom,False
548554,84596J,MIXED NUTS LIGHT GREEN BOWL,72,2011-04-01 09:19:00,0.42,13694,United Kingdom,False
554079,20846,ZINC HEART LATTICE T-LIGHT HOLDER,12,2011-05-22 11:41:00,1.25,14546,United Kingdom,False
569401,22835,HOT WATER BOTTLE I AM SO POORLY,4,2011-10-04 08:56:00,4.95,15111,United Kingdom,False
551192,22557,PLASTERS IN TIN VINTAGE PAISLEY,12,2011-04-27 10:54:00,1.65,16188,United Kingdom,False
580729,21676,FLOWERS  STICKERS,1,2011-12-05 17:24:00,1.63,,United Kingdom,False
556779,47566,PARTY BUNTING,3,2011-06-14 12:45:00,4.95,16774,United Kingdom,False
569358,23534,STOP FOR TEA WALL ART,3,2011-10-03 14:53:00,5.95,18257,United Kingdom,False
559606,35970,ZINC FOLKART SLEIGH BELLS,6,2011-07-11 11:38:00,1.69,14606,United Kingdom,False
C543763,22770,MIRROR CORNICE,-1,2011-02-11 15:14:00,14.95,13050,United Kingdom,True
562374,23163,REGENCY SUGAR TONGS,48,2011-08-04 14:40:00,2.08,14911,EIRE,False
575692,21439,BASKET OF TOADSTOOLS,5,2011-11-10 16:27:00,1.25,12508,France,False
545709,22989,SET 2 PANTRY DESIGN TEA TOWELS,6,2011-03-07 09:49:00,3.25,12708,Germany,False
559985,85135B,BLUE DRAGONFLY HELICOPTER,2,2011-07-14 11:46:00,7.95,16488,United Kingdom,False
575982,82583,HOT BATHS METAL SIGN,72,2011-11-13 13:42:00,1.85,13798,United Kingdom,False
548651,21523,DOORMAT FANCY FONT HOME SWEET HOME,10,2011-04-01 13:33:00,6.75,14970,United Kingdom,False
546543,22087,PAPER BUNTING WHITE LACE,1,2011-03-14 15:40:00,2.95,17841,United Kingdom,False
540546,22313,OFFICE MUG WARMER PINK,6,2011-01-09 15:56:00,2.95,12766,Portugal,False
538659,22196,SMALL HEART MEASURING SPOONS,12,2010-12-13 15:36:00,0.85,14625,United Kingdom,False
549789,22754,SMALL RED BABUSHKA NOTEBOOK,12,2011-04-12 12:00:00,0.85,17160,United Kingdom,False
577531,21218,RED SPOTTY BISCUIT TIN,3,2011-11-20 13:58:00,8.29,,United Kingdom,False
568719,21990,MODERN FLORAL STATIONERY SET,2,2011-09-28 16:19:00,2.46,,United Kingdom,False
573300,23332,IVORY WICKER HEART LARGE,1,2011-10-28 16:10:00,1.65,16049,United Kingdom,False
549261,22674,FRENCH TOILET SIGN BLUE METAL,4,2011-04-07 12:35:00,1.25,14903,United Kingdom,False
549296,21175,GIN + TONIC DIET METAL SIGN,12,2011-04-08 07:37:00,2.55,14619,United Kingdom,False
575176,23076,ICE CREAM SUNDAE LIP GLOSS,4,2011-11-08 18:29:00,2.46,,United Kingdom,False
560255,23198,PANTRY MAGNETIC  SHOPPING LIST,12,2011-07-17 13:08:00,1.45,16054,United Kingdom,False
577170,22623,BOX OF VINTAGE JIGSAW BLOCKS,3,2011-11-18 10:46:00,5.95,13456,United Kingdom,False
551250,21198,WHITE HEART CONFETTI IN TUBE,1,2011-04-27 12:00:00,1.65,17841,United Kingdom,False
581219,21874,GIN AND TONIC MUG,1,2011-12-08 09:28:00,3.29,,United Kingdom,False
560236,22697,GREEN REGENCY TEACUP AND SAUCER,6,2011-07-17 11:26:00,2.95,15206,United Kingdom,False
538248,22804,CANDLEHOLDER PINK HANGING HEART,2,2010-12-10 12:14:00,2.95,18116,United Kingdom,False
547548,85078,SCANDINAVIAN 3 HEARTS NAPKIN RING,8,2011-03-23 15:37:00,0.19,15644,United Kingdom,False
566163,22174,PHOTO CUBE,12,2011-09-09 11:48:00,1.65,12637,France,False
574896,23326,HANGING MINI COLOURED BOTTLES,6,2011-11-07 14:51:00,0.63,17014,United Kingdom,False
570459,22131,FOOD CONTAINER SET 3 LOVE HEART,6,2011-10-10 15:42:00,1.95,15801,United Kingdom,False
573345,20728,LUNCH BAG CARS BLUE,2,2011-10-30 12:14:00,1.65,17609,United Kingdom,False
567981,79321,CHILLI LIGHTS,2,2011-09-23 11:22:00,12.46,,United Kingdom,False
558862,22698,PINK REGENCY TEACUP AND SAUCER,12,2011-07-04 12:25:00,2.95,13901,United Kingdom,False
569983,84946,ANTIQUE SILVER T-LIGHT GLASS,12,2011-10-06 19:49:00,1.25,17231,United Kingdom,False
570254,23343,JUMBO BAG VINTAGE CHRISTMAS,10,2011-10-10 09:41:00,2.08,16179,United Kingdom,False
543345,21755,LOVE BUILDING BLOCK WORD,3,2011-02-07 12:29:00,11.63,,United Kingdom,False
574303,84991,60 TEATIME FAIRY CAKE CASES,120,2011-11-03 16:28:00,0.42,13324,United Kingdom,False
564366,84945,MULTI COLOUR SILVER T-LIGHT HOLDER,24,2011-08-25 08:58:00,0.85,13236,United Kingdom,False
550471,22245,"HOOK, 1 HANGER ,MAGIC GARDEN",1,2011-04-18 13:52:00,1.63,,United Kingdom,False
581481,22513,DOORSTOP FOOTBALL DESIGN,8,2011-12-09 09:07:00,0.79,17490,United Kingdom,False
571406,23374,RED SPOT PAPER GIFT BAG,10,2011-10-17 12:12:00,0.82,13871,United Kingdom,False
567878,22457,NATURAL SLATE HEART CHALKBOARD,1,2011-09-22 14:42:00,2.95,16910,United Kingdom,False
580939,21174,POTTERING IN THE SHED METAL SIGN,12,2011-12-06 14:14:00,2.08,14907,United Kingdom,False
537421,21890,S/6 WOODEN SKITTLES IN COTTON BAG,3,2010-12-06 15:25:00,2.95,17218,United Kingdom,False
581496,22835,HOT WATER BOTTLE I AM SO POORLY,4,2011-12-09 10:20:00,4.95,16558,United Kingdom,False
568987,22354,RETROSPOT PADDED SEAT CUSHION,15,2011-09-29 15:58:00,3.75,12709,Germany,False
561507,22644,CERAMIC CHERRY CAKE MONEY BANK,12,2011-07-27 14:21:00,1.45,12397,Belgium,False
545190,22464,HANGING METAL HEART LANTERN,12,2011-02-28 15:32:00,1.65,15656,United Kingdom,False
558068,22139,RETROSPOT TEA SET CERAMIC 11 PC,6,2011-06-24 15:51:00,4.95,,United Kingdom,False
547685,20713,JUMBO BAG OWLS,10,2011-03-24 14:47:00,1.95,12408,Belgium,False
553167,22079,RIBBON REEL HEARTS DESIGN,2,2011-05-13 16:19:00,2.46,,United Kingdom,False
574728,20956,PORCELAIN T-LIGHT HOLDERS ASSORTED,12,2011-11-06 15:02:00,1.25,13719,United Kingdom,False
546251,20723,STRAWBERRY CHARLOTTE BAG,100,2011-03-10 14:37:00,0.72,16553,United Kingdom,False
546136,20618,QUEEN OF THE SKIES PASSPORT COVER,1,2011-03-09 16:32:00,1.63,,United Kingdom,False
540848,20770,ABSTRACT CIRCLE JOURNAL,1,2011-01-12 09:26:00,2.51,,United Kingdom,False
544450,22720,SET OF 3 CAKE TINS PANTRY DESIGN,3,2011-02-20 12:23:00,4.95,17811,United Kingdom,False
561430,22141,CHRISTMAS CRAFT TREE TOP ANGEL,6,2011-07-27 11:29:00,2.1,15172,United Kingdom,False
561894,82483,WOOD 2 DRAWER CABINET WHITE FINISH,1,2011-07-31 15:00:00,6.95,14456,United Kingdom,False
580396,23570,TRADITIONAL PICK UP STICKS GAME,1,2011-12-04 11:00:00,1.25,13838,United Kingdom,False
580188,22982,PANTRY PASTRY BRUSH,4,2011-12-02 12:02:00,1.25,16440,United Kingdom,False
543370,21781,MA CAMPAGNE CUTLERY BOX,1,2011-02-07 14:51:00,14.95,12359,Cyprus,False
571269,37449,CERAMIC CAKE STAND + HANGING CAKES,1,2011-10-16 12:09:00,9.95,16243,United Kingdom,False
575707,22419,LIPSTICK PEN RED,24,2011-11-10 17:16:00,0.42,12538,Spain,False
544464,21430,SET/3 RED GINGHAM ROSE STORAGE BOX,3,2011-02-20 14:38:00,3.75,17323,United Kingdom,False
573417,22326,ROUND SNACK BOXES SET OF4 WOODLAND,6,2011-10-31 08:56:00,2.95,12581,Germany,False
577795,23214,JINGLE BELL HEART ANTIQUE GOLD,1,2011-11-21 16:50:00,2.08,13246,United Kingdom,False
543538,22666,RECIPE BOX PANTRY YELLOW DESIGN,6,2011-02-09 13:57:00,2.95,16143,United Kingdom,False
566575,22465,HANGING METAL STAR LANTERN,96,2011-09-13 13:15:00,1.45,17133,United Kingdom,False
546385,22727,ALARM CLOCK BAKELIKE RED,4,2011-03-11 13:13:00,3.75,16652,United Kingdom,False
576249,20914,SET/5 RED RETROSPOT LID GLASS BOWLS,2,2011-11-14 13:47:00,2.95,17811,United Kingdom,False
561595,23153,ZINC SWEETHEART WIRE LETTER RACK,8,2011-07-28 11:22:00,3.75,12853,United Kingdom,False
539984,22621,TRADITIONAL KNITTING NANCY,12,2010-12-23 14:58:00,1.45,14911,EIRE,False
556513,22961,JAM MAKING SET PRINTED,5,2011-06-13 10:45:00,3.29,,United Kingdom,False
565430,22725,ALARM CLOCK BAKELIKE CHOCOLATE,2,2011-09-04 13:07:00,3.75,14335,Germany,False
552804,22428,ENAMEL FIRE BUCKET CREAM,6,2011-05-11 12:32:00,6.95,15615,United Kingdom,False
552978,15036,ASSORTED COLOURS SILK FAN,600,2011-05-12 14:46:00,0.65,12590,Germany,False
565563,20748,KENSINGTON COFFEE SET,2,2011-09-05 12:18:00,12.75,14177,United Kingdom,False
572237,84879,ASSORTED COLOUR BIRD ORNAMENT,8,2011-10-21 14:49:00,1.69,15152,United Kingdom,False
577834,23569,TRADTIONAL ALPHABET STAMP SET,4,2011-11-22 10:21:00,4.95,17528,United Kingdom,False
576059,21155,RED RETROSPOT PEG BAG,5,2011-11-13 15:19:00,2.55,15411,United Kingdom,False
541104,21027,NINJA RABBIT PINK,3,2011-01-13 14:29:00,0.83,,United Kingdom,False
564565,22173,METAL 4 HOOK HANGER FRENCH CHATEAU,8,2011-08-26 10:50:00,2.95,14911,EIRE,False
550499,84836,ZINC METAL HEART DECORATION,1,2011-04-18 15:16:00,2.46,,United Kingdom,False
537434,22605,WOODEN CROQUET GARDEN SET,1,2010-12-06 16:57:00,25.49,,United Kingdom,False
574545,23413,DECORATIVE VINTAGE COFFEE  BOX,3,2011-11-04 14:54:00,4.95,17084,United Kingdom,False
553672,22176,BLUE OWL SOFT TOY,6,2011-05-18 12:44:00,2.95,15811,United Kingdom,False
558316,22411,JUMBO SHOPPER VINTAGE RED PAISLEY,6,2011-06-28 11:45:00,4.13,,United Kingdom,False
548212,23054,RECYCLED ACAPULCO MAT LAVENDER,4,2011-03-30 09:12:00,8.25,12456,Switzerland,False
540255,22417,PACK OF 60 SPACEBOY CAKE CASES,3,2011-01-05 16:50:00,1.28,,United Kingdom,False
546141,79302M,,73,2011-03-09 16:36:00,0.0,,United Kingdom,False
580610,82578,KITCHEN METAL SIGN,1,2011-12-05 11:48:00,1.25,,United Kingdom,False
569897,22147,FELTCRAFT BUTTERFLY HEARTS,1,2011-10-06 16:01:00,1.45,17813,United Kingdom,False
577182,21930,JUMBO STORAGE BAG SKULLS,10,2011-11-18 11:39:00,2.08,16945,United Kingdom,False
567886,21352,EUCALYPTUS & PINECONE  WREATH,4,2011-09-22 15:18:00,6.75,12930,United Kingdom,False
554134,21245,GREEN POLKADOT PLATE,8,2011-05-23 09:48:00,1.69,12583,France,False
566266,22030,SWALLOWS GREETING CARD,12,2011-09-11 13:22:00,0.42,17299,United Kingdom,False
580103,21790,VINTAGE SNAP CARDS,1,2011-12-01 15:12:00,0.85,16242,United Kingdom,False
562275,22449,SILK PURSE BABUSHKA PINK,6,2011-08-04 10:04:00,3.35,12689,France,False
539294,22976,CIRCUS PARADE CHILDRENS EGG CUP,1,2010-12-16 16:45:00,1.25,15532,United Kingdom,False
579393,23497,CLASSIC CHROME BICYCLE BELL,12,2011-11-29 12:07:00,1.45,12627,Germany,False
571289,21914,BLUE HARMONICA IN BOX,12,2011-10-16 15:27:00,1.25,15113,United Kingdom,False
552229,22915,ASSORTED BOTTLE TOP  MAGNETS,1,2011-05-06 15:40:00,4.96,,United Kingdom,False
544586,22637,PIGGY BANK RETROSPOT,4,2011-02-21 15:04:00,2.55,17338,United Kingdom,False
547063,22052,VINTAGE CARAVAN GIFT WRAP,25,2011-03-20 13:33:00,0.42,14769,United Kingdom,False
551171,21165,BEWARE OF THE CAT METAL SIGN,2,2011-04-26 16:45:00,1.69,13263,United Kingdom,False
569470,51008,AFGHAN SLIPPER SOCK PAIR,17,2011-10-04 12:25:00,3.45,17673,United Kingdom,False
568399,23298,SPOTTY BUNTING,6,2011-09-27 10:26:00,4.95,16145,United Kingdom,False
564065,23031,DRAWER KNOB CRACKLE GLAZE PINK,12,2011-08-22 15:05:00,1.65,15150,United Kingdom,False
580665,23245,SET OF 3 REGENCY CAKE TINS,32,2011-12-05 14:06:00,4.15,16684,United Kingdom,False
566572,20969,RED FLORAL FELTCRAFT SHOULDER BAG,4,2011-09-13 12:52:00,3.75,13488,United Kingdom,False
552055,22920,HERB MARKER BASIL,12,2011-05-06 10:32:00,0.65,16353,United Kingdom,False
554040,21877,HOME SWEET HOME MUG,12,2011-05-20 14:35:00,1.25,15290,United Kingdom,False
558876,20726,LUNCH BAG WOODLAND,2,2011-07-04 13:36:00,1.65,17841,United Kingdom,False
549959,21718,RED METAL BEACH SPADE,12,2011-04-13 13:47:00,1.25,16097,United Kingdom,False
574535,22114,HOT WATER BOTTLE TEA AND SYMPATHY,4,2011-11-04 14:31:00,4.25,16555,United Kingdom,False
555025,22840,ROUND CAKE TIN VINTAGE RED,2,2011-05-31 11:21:00,7.95,17648,United Kingdom,False
581587,22727,ALARM CLOCK BAKELIKE RED,4,2011-12-09 12:50:00,3.75,12680,France,False
563764,84507B,STRIPES DESIGN MONKEY DOLL,1,2011-08-19 11:15:00,2.55,14606,United Kingdom,False
541830,21773,DECORATIVE ROSE BATHROOM BOTTLE,1,2011-01-21 17:09:00,2.46,,United Kingdom,False
549524,20665,RED RETROSPOT PURSE,1,2011-04-08 15:42:00,5.79,,United Kingdom,False
555476,22548,HEADS AND TAILS SPORTING FUN,1,2011-06-03 12:17:00,1.25,16593,United Kingdom,False
580367,90158,ST TROPEZ NECKLACE,1,2011-12-02 16:39:00,4.98,,United Kingdom,False
552296,84692,BOX OF 24 COCKTAIL PARASOLS,7,2011-05-08 14:09:00,0.42,15518,United Kingdom,False
554630,21877,HOME SWEET HOME MUG,6,2011-05-25 11:34:00,1.25,13268,United Kingdom,False
578067,23480,MINI LIGHTS WOODLAND MUSHROOMS,3,2011-11-22 15:43:00,7.46,,United Kingdom,False
C553763,23112,PARISIENNE CURIO CABINET,-1,2011-05-19 10:39:00,7.5,15081,United Kingdom,True
560876,22550,HOLIDAY FUN LUDO,4,2011-07-21 15:14:00,3.75,12626,Germany,False
543053,21755,LOVE BUILDING BLOCK WORD,1,2011-02-03 10:26:00,5.95,17362,United Kingdom,False
562019,23202,JUMBO BAG VINTAGE LEAF,20,2011-08-01 14:57:00,2.08,14709,United Kingdom,False
574863,84380,SET OF 3 BUTTERFLY COOKIE CUTTERS,1,2011-11-07 12:29:00,1.45,15719,United Kingdom,False
540551,21991,BOHEMIAN COLLAGE STATIONERY SET,3,2011-01-10 09:43:00,2.51,,United Kingdom,False
571040,23044,PAPER LANTERN 9 POINT HOLLY STAR S,4,2011-10-13 12:59:00,4.15,15272,United Kingdom,False
578993,22082,RIBBON REEL STRIPES DESIGN,5,2011-11-27 15:38:00,1.65,15987,United Kingdom,False
546915,22555,PLASTERS IN TIN STRONGMAN,12,2011-03-18 08:31:00,1.65,15695,United Kingdom,False
555321,21930,JUMBO STORAGE BAG SKULLS,1,2011-06-02 11:01:00,4.96,,United Kingdom,False
568716,23351,ROLL WRAP 50'S CHRISTMAS,1,2011-09-28 16:13:00,2.46,,United Kingdom,False
571671,22210,WOOD STAMP SET BEST WISHES,6,2011-10-18 13:15:00,0.83,16940,United Kingdom,False
565932,22360,GLASS JAR ENGLISH CONFECTIONERY,1,2011-09-08 10:35:00,2.95,16418,United Kingdom,False
545460,22972,CHILDREN'S SPACEBOY MUG,1,2011-03-02 17:33:00,1.65,13230,United Kingdom,False
542931,22665,RECIPE BOX BLUE SKETCHBOOK DESIGN,6,2011-02-02 10:46:00,2.95,15589,United Kingdom,False
581439,21466,RED FLOWER CROCHET FOOD COVER,1,2011-12-08 16:30:00,7.46,,United Kingdom,False
575983,23169,CLASSIC GLASS COOKIE JAR,1,2011-11-13 13:45:00,4.15,13379,United Kingdom,False
556041,23201,JUMBO BAG ALPHABET,2,2011-06-08 12:44:00,2.08,17954,United Kingdom,False
580729,21934,SKULL SHOULDER BAG,6,2011-12-05 17:24:00,1.63,,United Kingdom,False
561820,20619,TROPICAL PASSPORT COVER,1,2011-07-29 16:00:00,1.63,,United Kingdom,False
552036,22488,NATURAL SLATE RECTANGLE CHALKBOARD,3,2011-05-05 19:16:00,1.65,12748,United Kingdom,False
570796,22385,JUMBO BAG SPACEBOY DESIGN,1,2011-10-12 12:19:00,2.08,16241,United Kingdom,False
563928,90148,LONG SILVER NECKLACE PASTEL FLOWER,2,2011-08-21 15:17:00,12.75,17059,United Kingdom,False
575089,23130,MISTLETOE HEART WREATH GREEN,4,2011-11-08 14:02:00,4.15,13437,United Kingdom,False
554986,20725,LUNCH BAG RED RETROSPOT,5,2011-05-29 12:35:00,1.65,14451,United Kingdom,False
562163,82482,WOODEN PICTURE FRAME WHITE FINISH,6,2011-08-03 12:06:00,2.55,15628,United Kingdom,False
576686,22577,WOODEN HEART CHRISTMAS SCANDINAVIAN,25,2011-11-16 12:08:00,0.29,16916,United Kingdom,False
552844,23193,BUFFALO BILL TREASURE BOOK BOX,8,2011-05-11 14:37:00,2.25,12649,Germany,False
541424,22988,SOLDIERS EGG CUP,2,2011-01-17 17:57:00,2.46,,United Kingdom,False
577320,22759,SET OF 3 NOTEBOOKS IN PARCEL,12,2011-11-18 13:44:00,1.65,13880,United Kingdom,False
559817,22211,WOOD STAMP SET FLOWERS,6,2011-07-12 16:20:00,0.83,,United Kingdom,False
555531,22728,ALARM CLOCK BAKELIKE PINK,24,2011-06-05 11:53:00,3.75,12678,France,False
565156,84949,SILVER HANGING T-LIGHT HOLDER,6,2011-09-01 15:04:00,1.65,13045,United Kingdom,False
559297,22551,PLASTERS IN TIN SPACEBOY,4,2011-07-07 12:36:00,1.65,16743,United Kingdom,False
553538,21034,REX CASH+CARRY JUMBO SHOPPER,2,2011-05-17 15:26:00,0.95,15855,United Kingdom,False
547042,11001,ASSTD DESIGN RACING CAR PEN,2,2011-03-20 11:00:00,3.29,,United Kingdom,False
580963,23355,HOT WATER BOTTLE KEEP CALM,12,2011-12-06 14:49:00,4.95,14868,United Kingdom,False
578289,22112,CHOCOLATE HOT WATER BOTTLE,2,2011-11-23 14:07:00,4.95,17841,United Kingdom,False
538826,21108,FAIRY CAKE FLANNEL ASSORTED COLOUR,9,2010-12-14 12:58:00,2.55,12370,Cyprus,False
556683,23245,SET OF 3 REGENCY CAKE TINS,4,2011-06-14 09:43:00,4.95,15358,United Kingdom,False
539282,22834,HAND WARMER BABUSHKA DESIGN,24,2010-12-16 15:45:00,0.85,16770,United Kingdom,False
577718,22423,REGENCY CAKESTAND 3 TIER,32,2011-11-21 12:19:00,10.95,16013,United Kingdom,False
563214,22910,PAPER CHAIN KIT VINTAGE CHRISTMAS,3,2011-08-14 12:56:00,2.95,16370,United Kingdom,False
546384,47421,ASSORTED COLOUR LIZARD SUCTION HOOK,120,2011-03-11 13:03:00,0.36,15311,United Kingdom,False
536381,22083,PAPER CHAIN KIT RETROSPOT,1,2010-12-01 09:41:00,2.95,15311,United Kingdom,False
566847,22382,LUNCH BAG SPACEBOY DESIGN,6,2011-09-15 11:57:00,1.65,15005,United Kingdom,False
563195,22169,FAMILY ALBUM WHITE PICTURE FRAME,1,2011-08-12 16:36:00,16.63,,United Kingdom,False
549240,22411,JUMBO SHOPPER VINTAGE RED PAISLEY,1,2011-04-07 11:37:00,2.08,15910,United Kingdom,False
C569981,22312,OFFICE MUG WARMER POLKADOT,-2,2011-10-06 19:36:00,2.95,12679,France,True
580600,23352,ROLL WRAP 50'S RED CHRISTMAS,1,2011-12-05 11:13:00,1.25,12841,United Kingdom,False
544824,21181,PLEASE ONE PERSON METAL SIGN,12,2011-02-24 09:32:00,2.1,17139,United Kingdom,False
548715,85197,SET OF 12 MINI BUNNIES IN A BUCKET,1,2011-04-03 15:22:00,2.1,17758,United Kingdom,False
579777,22983,CARD BILLBOARD FONT,2,2011-11-30 15:13:00,0.83,,United Kingdom,False
573585,23567,EGG CUP HENRIETTA HEN PINK,1,2011-10-31 14:41:00,2.46,,United Kingdom,False
571913,23515,EMBROIDERED RIBBON REEL DAISY,6,2011-10-19 15:29:00,2.08,18210,United Kingdom,False
556824,22659,LUNCH BOX I LOVE LONDON,1,2011-06-15 10:24:00,2.46,,United Kingdom,False
568393,22080,RIBBON REEL POLKADOTS,10,2011-09-27 10:12:00,1.65,15754,United Kingdom,False
569840,84380,SET OF 3 BUTTERFLY COOKIE CUTTERS,12,2011-10-06 13:26:00,1.45,17428,United Kingdom,False
544107,47566B,TEA TIME PARTY BUNTING,4,2011-02-16 10:50:00,4.95,15670,United Kingdom,False
542393,84509B,SET OF 4 FAIRY CAKE PLACEMATS,1,2011-01-27 15:02:00,3.75,18125,United Kingdom,False
571054,21823,PAINTED METAL HEART WITH HOLLY BELL,1,2011-10-13 13:58:00,0.39,14234,United Kingdom,False
559606,22118,JOY WOODEN BLOCK LETTERS,1,2011-07-11 11:38:00,4.95,14606,United Kingdom,False
576779,21559,STRAWBERRY LUNCH BOX WITH CUTLERY,2,2011-11-16 13:25:00,2.55,14554,United Kingdom,False
538566,20961,STRAWBERRY BATH SPONGE,1,2010-12-13 11:21:00,2.51,,United Kingdom,False
560225,84030E,ENGLISH ROSE HOT WATER BOTTLE,2,2011-07-15 16:27:00,8.29,,United Kingdom,False
568069,23307,SET OF 60 PANTRY DESIGN CAKE CASES,24,2011-09-23 14:05:00,0.55,13336,United Kingdom,False
539436,22158,3 HEARTS HANGING DECORATION RUSTIC,8,2010-12-17 14:49:00,2.95,,United Kingdom,False
540971,20675,BLUE POLKADOT BOWL,8,2011-01-12 14:10:00,1.25,12383,Belgium,False
538800,22835,HOT WATER BOTTLE I AM SO POORLY,4,2010-12-14 11:51:00,4.65,16458,United Kingdom,False
555627,85132C,CHARLIE AND LOLA FIGURES TINS,12,2011-06-06 11:57:00,1.95,15805,United Kingdom,False
549901,21231,SWEETHEART CERAMIC TRINKET BOX,4,2011-04-12 16:17:00,1.25,17180,United Kingdom,False
554098,23173,REGENCY TEAPOT ROSES,1,2011-05-22 13:01:00,9.95,14769,United Kingdom,False
572738,21810,CHRISTMAS HANGING STAR WITH BELL,48,2011-10-25 15:39:00,0.39,14234,United Kingdom,False
576182,23473,WOODLAND SMALL RED FELT HEART,12,2011-11-14 11:21:00,0.83,12938,United Kingdom,False
551810,23199,JUMBO BAG APPLES,6,2011-05-04 11:32:00,2.08,15719,United Kingdom,False
555537,22149,FELTCRAFT 6 FLOWER FRIENDS,1,2011-06-05 12:37:00,2.1,15453,United Kingdom,False
580049,23552,BICYCLE PUNCTURE REPAIR KIT,6,2011-12-01 12:54:00,2.08,13599,United Kingdom,False
570983,21094,SET/6 RED SPOTTY PAPER PLATES,5,2011-10-13 11:57:00,0.85,14963,United Kingdom,False
578225,23103,JINGLE BELL HEART DECORATION,24,2011-11-23 11:51:00,1.65,17700,United Kingdom,False
540848,84012,MAGIC SHEEP WOOL GROWING FROM PAPER,4,2011-01-12 09:26:00,1.66,,United Kingdom,False
547901,AMAZONFEE,AMAZON FEE,1,2011-03-28 11:57:00,219.76,,United Kingdom,False
536597,72818,CHRISTMAS DECOUPAGE CANDLE,4,2010-12-01 17:35:00,0.85,18011,United Kingdom,False
579293,22737,RIBBON REEL CHRISTMAS PRESENT,2,2011-11-29 11:22:00,1.65,14419,United Kingdom,False
558765,21034,REX CASH+CARRY JUMBO SHOPPER,1,2011-07-03 13:12:00,0.95,17312,United Kingdom,False
C560649,21530,DAIRY MAID TOASTRACK,-8,2011-07-20 11:35:00,0.79,17581,United Kingdom,True
566709,23321,SMALL WHITE HEART OF WICKER,40,2011-09-14 11:58:00,1.45,16745,United Kingdom,False
558368,23112,PARISIENNE CURIO CABINET,2,2011-06-28 15:36:00,7.5,14329,United Kingdom,False
561197,20978,36 PENCILS TUBE SKULLS,1,2011-07-25 14:35:00,1.25,16364,United Kingdom,False
572090,84946,ANTIQUE SILVER T-LIGHT GLASS,6,2011-10-20 14:33:00,1.25,13573,United Kingdom,False
556023,22425,ENAMEL COLANDER CREAM,1,2011-06-08 12:21:00,4.95,14527,United Kingdom,False
564062,21035,SET/2 RED RETROSPOT TEA TOWELS,6,2011-08-22 14:41:00,3.25,17706,United Kingdom,False
566936,21523,DOORMAT FANCY FONT HOME SWEET HOME,200,2011-09-15 15:35:00,4.58,18102,United Kingdom,False
C538124,22423,REGENCY CAKESTAND 3 TIER,-1,2010-12-09 15:43:00,12.75,15329,United Kingdom,True
566817,23203,JUMBO BAG VINTAGE DOILY,30,2011-09-15 10:53:00,2.08,16160,United Kingdom,False
544480,22846,BREAD BIN DINER STYLE RED,4,2011-02-21 10:32:00,14.95,14646,Netherlands,False
547075,22690,DOORMAT HOME SWEET HOME BLUE,10,2011-03-20 14:35:00,6.75,15288,United Kingdom,False
577438,22865,HAND WARMER OWL DESIGN,1,2011-11-20 11:09:00,2.1,18118,United Kingdom,False
537769,21307,SET/4 BUTTERFLY MIRROR MAGNETS,1,2010-12-08 12:17:00,2.1,15021,United Kingdom,False
580612,48194,DOORMAT HEARTS,1,2011-12-05 11:58:00,14.13,,United Kingdom,False
581015,22785,SQUARECUSHION COVER PINK UNION JACK,12,2011-12-07 09:35:00,1.25,13949,United Kingdom,False
C580313,22303,COFFEE MUG APPLES DESIGN,-2,2011-12-02 15:10:00,2.55,12668,Germany,True
536365,84406B,CREAM CUPID HEARTS COAT HANGER,8,2010-12-01 08:26:00,2.75,17850,United Kingdom,False
551021,85123A,WHITE HANGING HEART T-LIGHT HOLDER,128,2011-04-26 11:25:00,2.55,13798,United Kingdom,False
574856,21428,SET3 BOOK BOX GREEN GINGHAM FLOWER,1,2011-11-07 12:06:00,8.29,,United Kingdom,False
566781,21509,COWBOYS AND INDIANS BIRTHDAY CARD,12,2011-09-15 10:11:00,0.42,17333,United Kingdom,False
546999,85123A,WHITE HANGING HEART T-LIGHT HOLDER,32,2011-03-18 13:47:00,2.55,17133,United Kingdom,False
567875,85036A,GARDENIA 1 WICK MORRIS BOXED CANDLE,1,2011-09-22 14:29:00,4.25,16348,United Kingdom,False
556481,85099F,JUMBO BAG STRAWBERRY,2,2011-06-12 13:00:00,2.08,16115,United Kingdom,False
539761,21112,"SWISS ROLL TOWEL, PINK  SPOTS",24,2010-12-22 10:29:00,1.25,17593,United Kingdom,False
564342,22083,PAPER CHAIN KIT RETROSPOT,2,2011-08-24 14:53:00,2.95,16340,United Kingdom,False
555147,15058A,BLUE POLKADOT GARDEN PARASOL,2,2011-05-31 15:41:00,7.95,13505,Switzerland,False
537823,21851,LILAC DIAMANTE PEN IN GIFT BOX,2,2010-12-08 14:25:00,4.21,,United Kingdom,False
537247,22791,T-LIGHT GLASS FLUTED ANTIQUE,72,2010-12-06 10:34:00,1.06,13094,United Kingdom,False
541497,21479,WHITE SKULL HOT WATER BOTTLE,1,2011-01-18 15:19:00,7.46,,United Kingdom,False
576614,23395,BELLE JARDINIERE CUSHION COVER,2,2011-11-15 16:38:00,3.75,12933,United Kingdom,False
573330,23499,SET 12 VINTAGE DOILY CHALK,1,2011-10-30 11:22:00,0.42,16923,United Kingdom,False
570509,22751,FELTCRAFT PRINCESS OLIVIA DOLL,4,2011-10-11 10:16:00,3.75,13109,United Kingdom,False
566851,23295,SET OF 12 MINI LOAF BAKING CASES,2,2011-09-15 12:16:00,0.83,15573,United Kingdom,False
580402,23524,WALL ART HORSE & PONY,1,2011-12-04 11:55:00,3.75,13536,United Kingdom,False
563195,84913A,SOFT PINK ROSE TOWEL,2,2011-08-12 16:36:00,3.29,,United Kingdom,False
565841,22662,LUNCH BAG DOLLY GIRL DESIGN,1,2011-09-07 12:04:00,4.13,,United Kingdom,False
560360,22457,NATURAL SLATE HEART CHALKBOARD,6,2011-07-18 11:55:00,2.95,12744,Singapore,False
581149,22233,JIGSAW RABBIT AND BIRDHOUSE,3,2011-12-07 14:12:00,0.59,15471,United Kingdom,False
557621,22831,WHITE BROCANTE SOAP DISH,6,2011-06-21 14:00:00,2.95,12444,Norway,False
566860,84029E,RED WOOLLY HOTTIE WHITE HEART.,12,2011-09-15 12:40:00,4.25,17002,United Kingdom,False
579740,35970,ZINC FOLKART SLEIGH BELLS,1,2011-11-30 14:30:00,1.69,,United Kingdom,False
545657,22492,MINI PAINT SET VINTAGE,36,2011-03-04 14:02:00,0.65,14911,EIRE,False
575840,23365,SET 12 COLOUR PENCILS LOVE LONDON,3,2011-11-11 11:56:00,0.65,13137,United Kingdom,False
565541,22534,MAGIC DRAWING SLATE SPACEBOY,2,2011-09-05 12:00:00,0.42,14159,United Kingdom,False
555203,82551,LAUNDRY 15C METAL SIGN,2,2011-06-01 12:13:00,1.45,17191,United Kingdom,False
580643,21326,AGED GLASS SILVER T-LIGHT HOLDER,12,2011-12-05 12:59:00,0.65,14547,United Kingdom,False
580677,20846,ZINC HEART LATTICE T-LIGHT HOLDER,4,2011-12-05 14:40:00,1.25,16200,United Kingdom,False
536749,22866,HAND WARMER SCOTTY DOG DESIGN,1,2010-12-02 13:49:00,2.1,17976,United Kingdom,False
570818,22355,CHARLOTTE BAG SUKI DESIGN,2,2011-10-12 12:47:00,0.85,17841,United Kingdom,False
571038,22766,PHOTO FRAME CORNICE,2,2011-10-13 12:58:00,2.95,15511,United Kingdom,False
547370,22668,PINK BABY BUNTING,5,2011-03-22 13:32:00,2.95,14711,United Kingdom,False
554098,47590B,PINK HAPPY BIRTHDAY BUNTING,2,2011-05-22 13:01:00,5.45,14769,United Kingdom,False
557137,85141,,3,2011-06-17 09:32:00,0.0,,United Kingdom,False
566422,22185,SLATE TILE NATURAL HANGING,8,2011-09-12 13:56:00,1.65,13064,United Kingdom,False
541262,22470,HEART OF WICKER LARGE,1,2011-01-16 15:50:00,2.95,18069,United Kingdom,False
540968,85025C,PINK HEART SHAPE PHOTO FRAME,6,2011-01-12 13:40:00,1.65,17338,United Kingdom,False
555744,85032C,CURIOUS IMAGES GIFT WRAP SET,12,2011-06-07 10:44:00,0.65,18072,United Kingdom,False
564817,21929,JUMBO BAG PINK VINTAGE PAISLEY,1,2011-08-30 12:02:00,4.13,,United Kingdom,False
560231,48187,DOORMAT NEW ENGLAND,4,2011-07-17 10:55:00,7.95,13305,United Kingdom,False
576857,22915,ASSORTED BOTTLE TOP  MAGNETS,6,2011-11-16 15:52:00,0.42,12748,United Kingdom,False
556636,84596B,SMALL DOLLY MIX DESIGN ORANGE BOWL,3,2011-06-13 15:30:00,0.83,,United Kingdom,False
566269,22030,SWALLOWS GREETING CARD,12,2011-09-11 13:39:00,0.42,17864,United Kingdom,False
580128,23489,VINTAGE BELLS GARLAND,2,2011-12-01 17:56:00,2.89,17576,United Kingdom,False
562776,22763,KEY CABINET MA CAMPAGNE,2,2011-08-09 12:23:00,9.95,14180,United Kingdom,False
541205,20724,RED RETROSPOT CHARLOTTE BAG,1,2011-01-14 12:23:00,0.85,18106,United Kingdom,False
574032,21619,4 VANILLA BOTANICAL CANDLES,24,2011-11-02 12:37:00,1.25,17754,United Kingdom,False
578262,22735,RIBBON REEL SOCKS AND MITTENS,2,2011-11-23 13:27:00,1.65,18283,United Kingdom,False
579401,23378,PACK OF 12 50'S CHRISTMAS TISSUES,12,2011-11-29 12:12:00,0.39,14550,United Kingdom,False
550389,21166,COOK WITH WINE METAL SIGN,2,2011-04-18 11:53:00,2.08,17284,United Kingdom,False
554112,90072,RUBY DROP CHANDELIER EARRINGS,2,2011-05-22 14:44:00,3.75,17611,United Kingdom,False
572913,21352,EUCALYPTUS & PINECONE  WREATH,4,2011-10-26 16:21:00,2.95,15993,United Kingdom,False
540821,22088,PAPER BUNTING COLOURED LACE,4,2011-01-11 13:16:00,5.91,,United Kingdom,False
539044,22644,CERAMIC CHERRY CAKE MONEY BANK,4,2010-12-15 15:47:00,1.45,15727,United Kingdom,False
539215,22909,SET OF 20 VINTAGE CHRISTMAS NAPKINS,1,2010-12-16 12:42:00,0.85,15574,United Kingdom,False
541291,21080,SET/20 RED RETROSPOT PAPER NAPKINS,4,2011-01-17 13:25:00,0.85,14667,United Kingdom,False
571270,22071,SMALL WHITE RETROSPOT MUG IN BOX,2,2011-10-16 12:09:00,3.75,12940,United Kingdom,False
572340,22102,MIRROR MOSAIC T-LIGHT HOLDER,720,2011-10-24 10:36:00,0.39,14607,United Kingdom,False
549281,85099F,JUMBO BAG STRAWBERRY,20,2011-04-07 13:19:00,2.08,17735,United Kingdom,False
545058,22697,GREEN REGENCY TEACUP AND SAUCER,6,2011-02-27 13:03:00,2.95,13767,United Kingdom,False
564857,22663,JUMBO BAG DOLLY GIRL DESIGN,2,2011-08-31 09:23:00,4.13,,United Kingdom,False
581407,22835,HOT WATER BOTTLE I AM SO POORLY,2,2011-12-08 13:59:00,4.95,13263,United Kingdom,False
570855,84879,ASSORTED COLOUR BIRD ORNAMENT,8,2011-10-12 14:56:00,1.69,17314,United Kingdom,False
550606,20728,LUNCH BAG CARS BLUE,20,2011-04-19 12:08:00,1.65,12594,Italy,False
576837,21967,PACK OF 12 SKULL TISSUES,2,2011-11-16 15:16:00,0.83,,United Kingdom,False
566873,20725,LUNCH BAG RED RETROSPOT,10,2011-09-15 13:31:00,1.65,12682,France,False
558240,21935,SUKI  SHOULDER BAG,1,2011-06-27 15:27:00,1.63,,United Kingdom,False
537047,22834,HAND WARMER BABUSHKA DESIGN,2,2010-12-05 11:02:00,2.1,13069,United Kingdom,False
573924,23310,BUBBLEGUM RING ASSORTED,36,2011-11-02 09:45:00,0.42,15065,United Kingdom,False
C576870,23358,HOT STUFF HOT WATER BOTTLE,-2,2011-11-16 16:21:00,3.75,14907,United Kingdom,True
578041,21991,BOHEMIAN COLLAGE STATIONERY SET,3,2011-11-22 14:23:00,1.25,17338,United Kingdom,False
545105,21700,BIG DOUGHNUT FRIDGE MAGNETS,12,2011-02-28 11:58:00,0.85,12598,France,False
581219,22178,VICTORIAN GLASS HANGING T-LIGHT,11,2011-12-08 09:28:00,2.46,,United Kingdom,False
576602,23534,STOP FOR TEA WALL ART,12,2011-11-15 15:20:00,5.35,14156,EIRE,False
558906,22804,CANDLEHOLDER PINK HANGING HEART,2,2011-07-04 16:35:00,2.95,15555,United Kingdom,False
C543638,21232,STRAWBERRY CERAMIC TRINKET BOX,-3,2011-02-10 16:40:00,1.25,16403,United Kingdom,True
548666,22859,EASTER TIN BUNNY BOUQUET,6,2011-04-01 14:58:00,1.65,13124,United Kingdom,False
557296,21975,PACK OF 60 DINOSAUR CAKE CASES,1,2011-06-19 13:51:00,0.55,15334,United Kingdom,False
540551,22069,BROWN  PIRATE TREASURE CHEST,2,2011-01-10 09:43:00,3.36,,United Kingdom,False
539766,22659,LUNCH BOX I LOVE LONDON,8,2010-12-22 11:11:00,1.95,14092,United Kingdom,False
575723,23100,SILVER BELLS TABLE DECORATION,12,2011-11-10 18:33:00,1.25,14748,United Kingdom,False
539753,20931,BLUE POT PLANT CANDLE,1,2010-12-21 15:48:00,3.75,,United Kingdom,False
547552,48185,DOORMAT FAIRY CAKE,1,2011-03-23 15:55:00,14.13,,United Kingdom,False
576066,23002,TRAVEL CARD WALLET SKULLS,1,2011-11-13 15:44:00,0.42,16898,United Kingdom,False
555399,23206,LUNCH BAG APPLE DESIGN,3,2011-06-02 17:41:00,1.65,15555,United Kingdom,False
547937,22083,PAPER CHAIN KIT RETROSPOT,2,2011-03-28 14:27:00,2.95,15068,United Kingdom,False
545475,22749,FELTCRAFT PRINCESS CHARLOTTE DOLL,144,2011-03-03 10:59:00,3.39,12415,Australia,False
563100,22629,SPACEBOY LUNCH BOX,12,2011-08-12 09:57:00,1.95,12381,Norway,False
548652,22805,BLUE DRAWER KNOB ACRYLIC EDWARDIAN,12,2011-04-01 13:34:00,1.25,16928,United Kingdom,False
539437,20727,LUNCH BAG  BLACK SKULL.,2,2010-12-17 14:54:00,4.21,,United Kingdom,False
554514,21889,WOODEN BOX OF DOMINOES,1,2011-05-24 15:58:00,2.46,,United Kingdom,False
555495,22383,LUNCH BAG SUKI DESIGN,10,2011-06-03 14:42:00,1.65,17068,United Kingdom,False
574313,23483,HANGING  BUTTERFLY T-LIGHT HOLDER,24,2011-11-03 17:45:00,1.25,13267,United Kingdom,False
539595,22457,NATURAL SLATE HEART CHALKBOARD,1,2010-12-20 13:43:00,5.91,,United Kingdom,False
569223,23051,RECYCLED ACAPULCO MAT BLUE,1,2011-10-02 13:49:00,8.25,16283,United Kingdom,False
567670,23396,LE JARDIN BOTANIQUE CUSHION COVER,1,2011-09-21 15:32:00,10.79,,United Kingdom,False
557525,22993,SET OF 4 PANTRY JELLY MOULDS,12,2011-06-21 09:26:00,1.25,12759,Netherlands,False
574089,21684,SMALL MEDINA STAMPED METAL BOWL,12,2011-11-03 09:07:00,0.85,17611,United Kingdom,False
559144,23122,PARTY CHARMS 50 PIECES,12,2011-07-06 14:17:00,0.83,12921,United Kingdom,False
565758,21670,BLUE SPOT CERAMIC DRAWER KNOB,6,2011-09-06 13:29:00,1.45,16928,United Kingdom,False
546376,22770,MIRROR CORNICE,1,2011-03-11 12:11:00,14.95,13842,United Kingdom,False
577742,22752,SET 7 BABUSHKA NESTING BOXES,1,2011-11-21 13:41:00,8.5,13755,United Kingdom,False
538566,84836,ZINC METAL HEART DECORATION,1,2010-12-13 11:21:00,2.51,,United Kingdom,False
562980,21929,JUMBO BAG PINK VINTAGE PAISLEY,10,2011-08-11 11:44:00,2.08,17686,United Kingdom,False
538371,84030E,ENGLISH ROSE HOT WATER BOTTLE,1,2010-12-12 11:07:00,4.25,15570,United Kingdom,False
542887,22328,ROUND SNACK BOXES SET OF 4 FRUITS,6,2011-02-01 13:10:00,2.95,12373,Austria,False
580660,22112,CHOCOLATE HOT WATER BOTTLE,6,2011-12-05 13:49:00,4.95,16592,United Kingdom,False
547967,22808,SET OF 6 T-LIGHTS EASTER CHICKS,1,2011-03-28 15:49:00,5.79,,United Kingdom,False
537202,22587,FELTCRAFT HAIRBAND RED AND BLUE,1,2010-12-05 14:25:00,0.85,14506,United Kingdom,False
547510,22721,SET OF 3 CAKE TINS SKETCHBOOK,3,2011-03-23 13:42:00,4.95,15245,United Kingdom,False
562219,22979,PANTRY WASHING UP BRUSH,12,2011-08-03 14:14:00,1.45,15089,United Kingdom,False
567981,21239,PINK  POLKADOT CUP,4,2011-09-23 11:22:00,1.63,,United Kingdom,False
580119,23344,JUMBO BAG 50'S CHRISTMAS,2,2011-12-01 16:37:00,2.08,17920,United Kingdom,False
554080,22999,TRAVEL CARD WALLET RETRO PETALS,3,2011-05-22 11:42:00,0.42,16931,United Kingdom,False
561894,22035,VINTAGE CARAVAN GREETING CARD,12,2011-07-31 15:00:00,0.42,14456,United Kingdom,False
566599,21675,BUTTERFLIES STICKERS,6,2011-09-13 15:37:00,0.85,15998,United Kingdom,False
559693,22745,POPPY'S PLAYHOUSE BEDROOM,1,2011-07-11 16:21:00,4.13,,United Kingdom,False
556246,20979,36 PENCILS TUBE RED RETROSPOT,1,2011-06-09 16:16:00,1.25,16113,United Kingdom,False
C562709,82484,WOOD BLACK BOARD ANT WHITE FINISH,-1,2011-08-08 14:32:00,6.75,17511,United Kingdom,True
550522,22138,BAKING SET 9 PIECE RETROSPOT,3,2011-04-19 10:04:00,4.95,12947,United Kingdom,False
576644,85049a,TRADITIONAL CHRISTMAS RIBBONS,8,2011-11-16 10:01:00,3.29,,United Kingdom,False
551849,21166,COOK WITH WINE METAL SIGN,12,2011-05-04 14:33:00,2.08,16258,United Kingdom,False
563638,22549,PICTURE DOMINOES,1,2011-08-18 10:36:00,1.45,15311,United Kingdom,False
549295,90184B,AMETHYST CHUNKY BEAD BRACELET W STR,1,2011-04-07 19:49:00,9.15,,United Kingdom,False
C561886,85061W,WHITE JEWELLED HEART DECORATION,-5,2011-07-31 13:20:00,0.85,15532,United Kingdom,True
558814,22098,BOUDOIR SQUARE TISSUE BOX,3,2011-07-04 11:47:00,0.39,14049,United Kingdom,False
565238,23202,JUMBO BAG VINTAGE LEAF,10,2011-09-02 09:48:00,2.08,16945,United Kingdom,False
559011,21932,SCANDINAVIAN PAISLEY PICNIC BAG,10,2011-07-05 12:50:00,1.65,17049,United Kingdom,False
559143,22517,CHILDS GARDEN RAKE PINK,1,2011-07-06 14:04:00,2.1,15581,United Kingdom,False
574700,22187,GREEN CHRISTMAS TREE CARD HOLDER,3,2011-11-06 13:53:00,1.95,16033,United Kingdom,False
567818,21485,RETROSPOT HEART HOT WATER BOTTLE,3,2011-09-22 12:41:00,4.95,14395,United Kingdom,False
577071,22326,ROUND SNACK BOXES SET OF4 WOODLAND,5,2011-11-17 14:56:00,2.95,13969,United Kingdom,False
567803,23093,SMALL PARISIENNE HEART PHOTO FRAME,144,2011-09-22 12:11:00,1.64,18102,United Kingdom,False
574062,84997D,CHILDRENS CUTLERY POLKADOT PINK,8,2011-11-02 14:30:00,4.15,17675,United Kingdom,False
575090,85054,FRENCH ENAMEL POT W LID,4,2011-11-08 14:04:00,2.95,17515,United Kingdom,False
545895,23053,RECYCLED ACAPULCO MAT PINK,1,2011-03-07 17:14:00,16.63,,United Kingdom,False
C552552,48129,DOORMAT TOPIARY,-10,2011-05-10 10:51:00,6.75,16525,United Kingdom,True
576650,22964,3 PIECE SPACEBOY COOKIE CUTTER SET,6,2011-11-16 10:34:00,2.1,14286,United Kingdom,False
557628,82600,NO SINGING METAL SIGN,2,2011-06-21 14:31:00,2.1,15311,United Kingdom,False
545317,21174,POTTERING IN THE SHED METAL SIGN,1,2011-03-01 14:14:00,4.13,,United Kingdom,False
551468,20712,JUMBO BAG WOODLAND ANIMALS,3,2011-04-28 16:21:00,2.08,,United Kingdom,False
559068,23207,LUNCH BAG ALPHABET DESIGN,1,2011-07-06 10:41:00,1.65,17841,United Kingdom,False
551727,22759,SET OF 3 NOTEBOOKS IN PARCEL,24,2011-05-04 08:40:00,1.65,14245,United Kingdom,False
567161,22960,JAM MAKING SET WITH JARS,24,2011-09-18 10:46:00,3.75,15947,United Kingdom,False
546791,21790,VINTAGE SNAP CARDS,12,2011-03-17 10:38:00,0.85,17716,United Kingdom,False
550988,23208,LUNCH BAG VINTAGE LEAF DESIGN,10,2011-04-21 18:10:00,1.65,14231,United Kingdom,False
574619,22470,HEART OF WICKER LARGE,5,2011-11-06 11:18:00,2.95,15952,United Kingdom,False
578827,22547,MINI JIGSAW DINOSAUR,2,2011-11-25 14:25:00,0.83,,United Kingdom,False
548893,85132A,CHARLIE + LOLA BISCUITS TINS,1,2011-04-04 15:54:00,5.79,,United Kingdom,False
540848,22247,BUNNY DECORATION MAGIC GARDEN,7,2011-01-12 09:26:00,0.81,,United Kingdom,False
558774,22662,LUNCH BAG DOLLY GIRL DESIGN,1,2011-07-04 10:17:00,4.13,,United Kingdom,False
545025,21931,JUMBO STORAGE BAG SUKI,2,2011-02-25 14:40:00,4.13,,United Kingdom,False
536592,82616C,MIDNIGHT GLAMOUR SCARF KNITTING KIT,1,2010-12-01 17:06:00,2.51,,United Kingdom,False
575682,22910,PAPER CHAIN KIT VINTAGE CHRISTMAS,6,2011-11-10 15:37:00,2.95,12826,United Kingdom,False
555854,22364,GLASS JAR DIGESTIVE BISCUITS,1,2011-06-07 13:47:00,2.95,12748,United Kingdom,False
580111,23204,CHARLOTTE BAG APPLES DESIGN,20,2011-12-01 15:55:00,0.85,12950,United Kingdom,False
546394,22499,WOODEN UNION JACK BUNTING,3,2011-03-11 14:26:00,5.95,17164,United Kingdom,False
556812,23275,SET OF 3 HANGING OWLS OLLIE BEAK,1,2011-06-14 17:25:00,2.46,,United Kingdom,False
542087,22423,REGENCY CAKESTAND 3 TIER,3,2011-01-25 12:35:00,12.75,14849,United Kingdom,False
551573,22726,,-5,2011-05-03 11:15:00,0.0,,United Kingdom,False
544161,22356,CHARLOTTE BAG PINK POLKADOT,10,2011-02-16 12:59:00,0.85,16875,United Kingdom,False
571685,22720,SET OF 3 CAKE TINS PANTRY DESIGN,12,2011-10-18 14:15:00,4.95,12863,United Kingdom,False
556728,82494L,WOODEN FRAME ANTIQUE WHITE,2,2011-06-14 11:36:00,2.95,15719,United Kingdom,False
541850,85150,LADIES & GENTLEMEN METAL SIGN,1,2011-01-23 13:58:00,2.55,14224,United Kingdom,False
560225,23020,GLASS  SONGBIRD STORAGE JAR,1,2011-07-15 16:27:00,24.96,,United Kingdom,False
577058,22438,BALLOON ART MAKE YOUR OWN FLOWERS,1,2011-11-17 14:29:00,1.95,18122,United Kingdom,False
581492,22227,HANGING HEART MIRROR DECORATION,1,2011-12-09 10:03:00,1.25,,United Kingdom,False
571465,22736,RIBBON REEL MAKING SNOWMEN,5,2011-10-17 14:29:00,1.65,14830,United Kingdom,False
569222,21034,REX CASH+CARRY JUMBO SHOPPER,2,2011-10-02 13:46:00,0.95,15906,United Kingdom,False
571716,22085,PAPER CHAIN KIT SKULLS,1,2011-10-18 17:05:00,5.79,,United Kingdom,False
558437,21559,STRAWBERRY LUNCH BOX WITH CUTLERY,2,2011-06-29 12:46:00,2.55,17799,United Kingdom,False
581219,23326,HANGING MINI COLOURED BOTTLES,1,2011-12-08 09:28:00,8.29,,United Kingdom,False
542344,85032D,YULETIDE IMAGES GIFT WRAP SET,1,2011-01-27 11:30:00,1.63,,United Kingdom,False
579001,23368,SET 12 COLOUR PENCILS DOLLY GIRL,2,2011-11-27 16:19:00,0.65,15555,United Kingdom,False
566164,84997b,CHILDRENS CUTLERY RETROSPOT RED,4,2011-09-09 11:56:00,8.29,,United Kingdom,False
570186,22077,6 RIBBONS RUSTIC CHARM,12,2011-10-07 15:01:00,1.95,17509,United Kingdom,False
566163,20979,36 PENCILS TUBE RED RETROSPOT,16,2011-09-09 11:48:00,1.25,12637,France,False
560729,23007,SPACEBOY BABY GIFT SET,1,2011-07-20 14:39:00,16.95,17511,United Kingdom,False
560086,35653,VINTAGE BEAD NOTEBOOK,6,2011-07-14 16:35:00,2.95,15839,United Kingdom,False
552695,21908,CHOCOLATE THIS WAY METAL SIGN,12,2011-05-10 15:31:00,2.1,16320,Unspecified,False
542625,21169,YOU'RE CONFUSING ME METAL SIGN,1,2011-01-31 09:50:00,4.13,,United Kingdom,False
555845,23061,VINTAGE EMBOSSED HEART,6,2011-06-07 13:19:00,1.25,17015,United Kingdom,False
579461,22945,CHRISTMAS METAL TAGS ASSORTED,24,2011-11-29 14:42:00,0.85,15615,United Kingdom,False
536539,82486,WOOD S/3 CABINET ANT WHITE FINISH,2,2010-12-01 14:03:00,7.95,15165,United Kingdom,False
547871,22077,6 RIBBONS RUSTIC CHARM,7,2011-03-27 14:28:00,1.65,16931,United Kingdom,False
552681,21714,CITRONELLA CANDLE GARDEN POT,1,2011-05-10 15:08:00,2.46,,United Kingdom,False
569650,23236,STORAGE TIN VINTAGE DOILY,48,2011-10-05 12:44:00,2.49,12415,Australia,False
542625,21100,CHARLIE AND LOLA CHARLOTTE BAG,2,2011-01-31 09:50:00,4.13,,United Kingdom,False
560381,21843,RED RETROSPOT CAKE STAND,3,2011-07-18 12:42:00,10.95,14733,United Kingdom,False
545220,21700,BIG DOUGHNUT FRIDGE MAGNETS,12,2011-03-01 08:30:00,0.85,14620,United Kingdom,False
539453,22174,PHOTO CUBE,4,2010-12-17 17:08:00,3.36,,United Kingdom,False
577173,23202,JUMBO BAG VINTAGE LEAF,20,2011-11-18 10:57:00,2.08,14849,United Kingdom,False
541695,20998,ROSE DU SUD OVEN GLOVE,1,2011-01-20 18:01:00,3.29,,United Kingdom,False
572662,23194,GYMKHANA TREASURE BOOK BOX,1,2011-10-25 12:54:00,2.25,15443,United Kingdom,False
566213,22646,CERAMIC STRAWBERRY CAKE MONEY BANK,12,2011-09-09 15:09:00,1.45,14895,United Kingdom,False
539957,22640,SET OF 4 NAPKIN CHARMS 3 KEYS,6,2010-12-23 12:58:00,2.55,12585,Germany,False
539484,21034,REX CASH+CARRY JUMBO SHOPPER,1,2010-12-19 15:44:00,0.95,15640,United Kingdom,False
575838,23570,TRADITIONAL PICK UP STICKS GAME,12,2011-11-11 11:38:00,1.25,13999,United Kingdom,False
559525,85123A,WHITE HANGING HEART T-LIGHT HOLDER,6,2011-07-10 10:30:00,2.95,16923,United Kingdom,False
568101,22950,36 DOILIES VINTAGE CHRISTMAS,24,2011-09-23 15:21:00,1.45,15978,United Kingdom,False
571215,22947,WOODEN ADVENT CALENDAR RED,6,2011-10-14 12:57:00,16.95,13810,Germany,False
540355,84031B,CHARLIE LOLA BLUE HOT WATER BOTTLE,1,2011-01-06 15:11:00,9.32,,United Kingdom,False
557636,23091,ZINC HERB GARDEN CONTAINER,1,2011-06-21 15:41:00,6.25,17841,United Kingdom,False
541878,21931,JUMBO STORAGE BAG SUKI,2,2011-01-24 10:28:00,4.13,,United Kingdom,False
567165,23166,MEDIUM CERAMIC TOP STORAGE JAR,2,2011-09-18 11:58:00,1.25,17841,United Kingdom,False
575986,21563,RED HEART SHAPE LOVE BUCKET,6,2011-11-13 14:11:00,2.95,13018,United Kingdom,False
578029,23283,DOORMAT VINTAGE LEAF,10,2011-11-22 13:33:00,7.08,16985,United Kingdom,False
555277,85131D,BEADED CRYSTAL HEART PINK ON STICK,1,2011-06-01 17:30:00,0.83,,United Kingdom,False
566489,85066,CREAM SWEETHEART MINI CHEST,2,2011-09-13 10:17:00,12.75,16814,United Kingdom,False
569741,84992,72 SWEETHEART FAIRY CAKE CASES,24,2011-10-06 10:52:00,0.55,14626,United Kingdom,False
553732,23172,REGENCY TEA PLATE PINK,12,2011-05-19 08:27:00,1.65,12481,Germany,False
563742,22634,CHILDS BREAKFAST SET SPACEBOY,32,2011-08-19 08:57:00,8.5,17929,United Kingdom,False
581237,23229,VINTAGE DONKEY TAIL GAME,3,2011-12-08 10:40:00,3.75,15443,United Kingdom,False
538945,22749,FELTCRAFT PRINCESS CHARLOTTE DOLL,10,2010-12-15 11:22:00,3.75,17230,United Kingdom,False
575176,22810,SET OF 6 T-LIGHTS SNOWMEN,3,2011-11-08 18:29:00,5.79,,United Kingdom,False
578108,22197,POPCORN HOLDER,100,2011-11-23 09:20:00,0.72,14912,Italy,False
543802,21906,PHARMACIE FIRST AID TIN,1,2011-02-13 12:03:00,6.75,13742,United Kingdom,False
574662,22417,PACK OF 60 SPACEBOY CAKE CASES,24,2011-11-06 12:01:00,0.55,16676,United Kingdom,False
579187,21934,SKULL SHOULDER BAG,12,2011-11-28 15:31:00,1.63,,United Kingdom,False
560991,21829,DINOSAUR KEYRINGS ASSORTED,36,2011-07-22 13:29:00,0.21,12438,Norway,False
570652,22535,MAGIC DRAWING SLATE BUNNIES,24,2011-10-11 13:45:00,0.42,17863,United Kingdom,False
556419,22669,RED BABY BUNTING,5,2011-06-10 12:30:00,2.95,15411,United Kingdom,False
559055,22300,COFFEE MUG DOG + BALL DESIGN,1,2011-07-05 17:09:00,4.96,,United Kingdom,False
552825,22460,EMBOSSED GLASS TEALIGHT HOLDER,12,2011-05-11 13:18:00,1.25,15296,United Kingdom,False
581495,23439,HAND WARMER RED LOVE HEART,36,2011-12-09 10:20:00,2.1,14051,United Kingdom,False
560996,85204,HANGING WOOD AND FELT FLOWER,10,2011-07-22 13:53:00,0.12,17625,United Kingdom,False
537262,48111,DOORMAT 3 SMILEY CATS,1,2010-12-06 11:26:00,7.95,15039,United Kingdom,False
553347,21212,PACK OF 72 RETROSPOT CAKE CASES,24,2011-05-16 12:59:00,0.55,14755,United Kingdom,False
545819,82600,NO SINGING METAL SIGN,2,2011-03-07 12:31:00,2.1,16356,United Kingdom,False
547068,22629,SPACEBOY LUNCH BOX,12,2011-03-20 13:48:00,1.95,13985,United Kingdom,False
573139,23328,SET 6 SCHOOL MILK BOTTLES IN CRATE,2,2011-10-27 17:29:00,3.75,14716,United Kingdom,False
580500,23461,SWEETHEART BIRD HOUSE,2,2011-12-04 12:52:00,4.15,17131,United Kingdom,False
539708,22572,ROCKING HORSE GREEN CHRISTMAS,1,2010-12-21 12:18:00,1.66,,United Kingdom,False
542617,22149,FELTCRAFT 6 FLOWER FRIENDS,2,2011-01-30 15:48:00,2.1,17463,United Kingdom,False
541827,21028,NINJA RABBIT BLACK,11,2011-01-21 17:05:00,0.83,,United Kingdom,False
564087,22139,RETROSPOT TEA SET CERAMIC 11 PC,24,2011-08-23 09:38:00,4.25,,Hong Kong,False
556067,22631,CIRCUS PARADE LUNCH BOX,1,2011-06-08 14:35:00,1.95,12748,United Kingdom,False
541681,22286,"DECORATION , WOBBLY RABBIT , METAL",12,2011-01-20 14:24:00,1.65,13008,United Kingdom,False
579167,22426,ENAMEL WASH BOWL CREAM,1,2011-11-28 14:06:00,3.75,16800,United Kingdom,False
581217,22805,BLUE DRAWER KNOB ACRYLIC EDWARDIAN,11,2011-12-08 09:20:00,2.46,,United Kingdom,False
553767,22055,MINI CAKE STAND  HANGING STRAWBERY,1,2011-05-19 10:46:00,3.29,,United Kingdom,False
569222,21166,COOK WITH WINE METAL SIGN,2,2011-10-02 13:46:00,2.08,15906,United Kingdom,False
539475,22757,LARGE RED BABUSHKA NOTEBOOK,1,2010-12-19 14:41:00,1.25,16686,United Kingdom,False
557747,22980,PANTRY SCRUBBING BRUSH,12,2011-06-22 12:25:00,1.65,13611,United Kingdom,False
569695,85183B,CHARLIE & LOLA WASTEPAPER BIN FLORA,12,2011-10-05 15:35:00,1.25,16843,United Kingdom,False
552306,21703,BAG 125G SWIRLY MARBLES,12,2011-05-08 15:20:00,0.42,13911,United Kingdom,False
546317,84249A,"GREETING CARD,SQUARE, DOUGHNUTS",12,2011-03-11 09:07:00,0.42,14913,United Kingdom,False
547248,23052,RECYCLED ACAPULCO MAT TURQUOISE,1,2011-03-22 09:23:00,16.63,,United Kingdom,False
570228,23407,SET OF 2 TRAYS HOME SWEET HOME,1,2011-10-09 13:28:00,9.95,15821,United Kingdom,False
544074,22113,GREY HEART HOT WATER BOTTLE,2,2011-02-15 14:49:00,3.75,14156,EIRE,False
543828,21210,SET OF 72 RETROSPOT PAPER  DOILIES,12,2011-02-14 09:45:00,1.45,14156,EIRE,False
579286,22207,FRYING PAN UNION FLAG,1,2011-11-29 10:57:00,4.25,17772,United Kingdom,False
565443,15044C,PURPLE PAPER PARASOL,6,2011-09-04 14:22:00,2.95,12567,France,False
549555,22932,BAKING MOULD TOFFEE CUP CHOCOLATE,1,2011-04-10 12:52:00,2.55,13606,United Kingdom,False
552364,23205,CHARLOTTE BAG VINTAGE ALPHABET,10,2011-05-09 12:25:00,0.85,13004,United Kingdom,False
548710,22902,TOTE BAG I LOVE LONDON,12,2011-04-03 13:24:00,2.1,16678,United Kingdom,False
563427,22560,TRADITIONAL MODELLING CLAY,3,2011-08-16 11:40:00,1.25,16470,United Kingdom,False
554092,23162,REGENCY TEA STRAINER,4,2011-05-22 12:41:00,3.75,17176,United Kingdom,False
558926,85123A,WHITE HANGING HEART T-LIGHT HOLDER,6,2011-07-05 10:21:00,2.95,17469,United Kingdom,False
543451,21494,ROTATING LEAVES T-LIGHT HOLDER,1,2011-02-08 12:13:00,5.79,,United Kingdom,False
563195,21400,RED PUDDING SPOON,2,2011-08-12 16:36:00,0.42,,United Kingdom,False
569211,23333,IVORY WICKER HEART MEDIUM,20,2011-10-02 12:04:00,1.25,15774,United Kingdom,False
574063,22232,JIGSAW TOADSTOOLS 3 PIECE,1,2011-11-02 14:31:00,0.59,13271,United Kingdom,False
578844,23535,WALL ART BICYCLE SAFETY,7,2011-11-25 16:14:00,12.46,,United Kingdom,False
552652,85131A,BEADED PEARL HEART WHITE ON STICK,40,2011-05-10 14:09:00,1.25,14591,United Kingdom,False
554694,21867,PINK UNION JACK  LUGGAGE TAG,1,2011-05-25 17:06:00,2.46,,United Kingdom,False
578344,22580,ADVENT CALENDAR GINGHAM SACK,14,2011-11-24 09:21:00,4.13,,United Kingdom,False
565320,22384,LUNCH BAG PINK POLKADOT,10,2011-09-02 13:10:00,1.65,16745,United Kingdom,False
570408,22098,BOUDOIR SQUARE TISSUE BOX,360,2011-10-10 12:59:00,0.39,13685,United Kingdom,False
548714,22406,MONEY BOX KINGS CHOICE DESIGN,1,2011-04-03 15:07:00,1.25,17337,United Kingdom,False
539453,22321,BIRD DECORATION RED RETROSPOT,1,2010-12-17 17:08:00,1.66,,United Kingdom,False
560772,21707,FOLDING UMBRELLA BLACKBLUE POLKADOT,1,2011-07-20 16:12:00,3.29,,United Kingdom,False
560772,21617,4 LILY  BOTANICAL DINNER CANDLES,3,2011-07-20 16:12:00,2.46,,United Kingdom,False
547399,21916,SET 12 RETRO WHITE CHALK STICKS,1,2011-03-22 16:55:00,0.79,,United Kingdom,False
578347,21810,CHRISTMAS HANGING STAR WITH BELL,1,2011-11-24 09:26:00,0.83,,United Kingdom,False
569202,23289,DOLLY GIRL CHILDRENS BOWL,1,2011-09-30 17:22:00,2.46,,United Kingdom,False
560773,21578,WOODLAND DESIGN  COTTON TOTE BAG,3,2011-07-20 16:17:00,1.63,,United Kingdom,False
546440,22358,KINGS CHOICE TEA CADDY,6,2011-03-14 10:31:00,2.95,16871,United Kingdom,False
581492,22129,PARTY CONES CANDY DECORATION,3,2011-12-09 10:03:00,2.46,,United Kingdom,False
553385,23161,REGENCY CAKE FORK,12,2011-05-16 15:53:00,1.25,16710,United Kingdom,False
537400,71477,COLOUR GLASS. STAR T-LIGHT HOLDER,4,2010-12-06 14:36:00,3.25,17191,United Kingdom,False
575689,23343,JUMBO BAG VINTAGE CHRISTMAS,10,2011-11-10 16:16:00,2.08,14829,United Kingdom,False
547552,22844,VINTAGE CREAM DOG FOOD CONTAINER,2,2011-03-23 15:55:00,16.63,,United Kingdom,False
560290,35004B,SET OF 3 BLACK FLYING DUCKS,1,2011-07-18 10:17:00,12.46,,United Kingdom,False
540493,85199S,SMALL HANGING IVORY/RED WOOD BIRD,24,2011-01-07 16:34:00,0.42,14867,United Kingdom,False
575491,72122,COFFEE SCENT PILLAR CANDLE,3,2011-11-09 17:47:00,0.95,15531,United Kingdom,False
560298,20712,JUMBO BAG WOODLAND ANIMALS,2,2011-07-18 10:26:00,4.13,,United Kingdom,False
567280,23144,ZINC T-LIGHT HOLDER STARS SMALL,144,2011-09-19 11:46:00,0.72,14646,Netherlands,False
576070,22348,TEA BAG PLATE RED RETROSPOT,6,2011-11-13 15:58:00,0.85,13451,United Kingdom,False
576508,22158,3 HEARTS HANGING DECORATION RUSTIC,4,2011-11-15 12:02:00,2.95,17777,United Kingdom,False
572380,22158,3 HEARTS HANGING DECORATION RUSTIC,8,2011-10-24 11:51:00,2.95,16019,United Kingdom,False
574560,21264,WHITE GOOSE FEATHER TREE 60CM,12,2011-11-04 15:51:00,1.95,17703,United Kingdom,False
568614,22730,ALARM CLOCK BAKELIKE IVORY,4,2011-09-28 11:26:00,3.75,13515,United Kingdom,False
565921,23401,RUSTIC MIRROR WITH LACE HEART,4,2011-09-08 09:13:00,6.25,13889,United Kingdom,False
555592,22326,ROUND SNACK BOXES SET OF4 WOODLAND,6,2011-06-06 10:04:00,2.95,14215,United Kingdom,False
C564949,22103,MIRROR MOSAIC T-LIGHT HOLDER ROUND,-12,2011-08-31 13:31:00,1.32,17706,United Kingdom,True
544598,22156,HEART DECORATION WITH PEARLS,2,2011-02-21 18:10:00,1.63,,United Kingdom,False
558885,84755,COLOUR GLASS T-LIGHT HOLDER HANGING,16,2011-07-04 15:10:00,0.65,13267,United Kingdom,False
551270,22557,PLASTERS IN TIN VINTAGE PAISLEY,1,2011-04-27 12:35:00,1.65,15891,United Kingdom,False
576329,22633,HAND WARMER UNION JACK,1,2011-11-14 15:22:00,4.13,,United Kingdom,False
C558106,21669,BLUE STRIPE CERAMIC DRAWER KNOB,-1,2011-06-26 14:59:00,1.25,13668,United Kingdom,True
560734,71477,COLOUR GLASS. STAR T-LIGHT HOLDER,360,2011-07-20 14:58:00,2.75,15298,United Kingdom,False
575490,22841,ROUND CAKE TIN VINTAGE GREEN,2,2011-11-09 17:44:00,7.95,15031,United Kingdom,False
580633,84032B,CHARLIE + LOLA RED HOT WATER BOTTLE,3,2011-12-05 12:28:00,0.79,17579,United Kingdom,False
537042,15056N,EDWARDIAN PARASOL NATURAL,1,2010-12-05 10:45:00,5.95,13838,United Kingdom,False
572088,23295,SET OF 12 MINI LOAF BAKING CASES,2,2011-10-20 14:33:00,0.83,14585,United Kingdom,False
580729,21222,SET/4 BADGES BEETLES,2,2011-12-05 17:24:00,2.46,,United Kingdom,False
556685,23162,REGENCY TEA STRAINER,4,2011-06-14 10:00:00,3.75,14503,United Kingdom,False
559338,22982,PANTRY PASTRY BRUSH,1,2011-07-07 16:30:00,2.46,,United Kingdom,False
574700,21705,BAG 500G SWIRLY MARBLES,2,2011-11-06 13:53:00,1.65,16033,United Kingdom,False
539478,84949,SILVER HANGING T-LIGHT HOLDER,12,2010-12-19 15:07:00,1.65,17343,United Kingdom,False
579407,21791,VINTAGE HEADS AND TAILS CARD GAME,12,2011-11-29 12:32:00,1.25,13657,United Kingdom,False
555400,22894,TABLECLOTH RED APPLES DESIGN,7,2011-06-02 17:50:00,8.15,14088,United Kingdom,False
549832,21497,FANCY FONTS BIRTHDAY WRAP,25,2011-04-12 13:10:00,0.42,17278,United Kingdom,False
578488,22571,ROCKING HORSE RED CHRISTMAS,5,2011-11-24 12:53:00,0.85,12784,Portugal,False
536801,22549,PICTURE DOMINOES,12,2010-12-02 16:12:00,1.45,,United Kingdom,False
570872,23435,3 RAFFIA RIBBONS VINTAGE CHRISTMAS,1,2011-10-12 16:40:00,0.83,,United Kingdom,False
578022,22423,REGENCY CAKESTAND 3 TIER,1,2011-11-22 13:25:00,12.75,17371,United Kingdom,False
580730,23542,WALL ART 70'S ALPHABET,1,2011-12-05 17:28:00,16.63,,United Kingdom,False
540464,84406B,CREAM CUPID HEARTS COAT HANGER,8,2011-01-07 13:17:00,2.75,14298,United Kingdom,False
541104,22670,FRENCH WC SIGN BLUE METAL,2,2011-01-13 14:29:00,2.46,,United Kingdom,False
547708,22458,CAST IRON HOOK GARDEN FORK,324,2011-03-24 18:34:00,2.69,17450,United Kingdom,False
578513,22423,REGENCY CAKESTAND 3 TIER,3,2011-11-24 13:32:00,12.75,16609,United Kingdom,False
568070,23088,ZINC HEART FLOWER T-LIGHT HOLDER,16,2011-09-23 14:17:00,1.25,16128,United Kingdom,False
555798,47566B,TEA TIME PARTY BUNTING,25,2011-06-07 11:32:00,3.75,16422,United Kingdom,False
578375,23089,GLASS BON BON JAR,72,2011-11-24 11:41:00,1.65,16157,United Kingdom,False
546991,22399,MAGNETS PACK OF 4 CHILDHOOD MEMORY,6,2011-03-18 13:08:00,1.25,12748,United Kingdom,False
569008,20973,12 PENCIL SMALL TUBE WOODLAND,24,2011-09-29 18:53:00,0.65,15114,United Kingdom,False
541265,22508,DOORSTOP RETROSPOT HEART,1,2011-01-16 16:23:00,3.75,17609,United Kingdom,False
559884,21641,ASSORTED TUTTI FRUTTI KEYRING BALL,24,2011-07-13 11:34:00,0.29,16843,United Kingdom,False
554008,23208,LUNCH BAG VINTAGE LEAF DESIGN,10,2011-05-20 12:31:00,1.65,17455,United Kingdom,False
549295,84510C,SET OF 4 POLKADOT COASTERS,1,2011-04-07 19:49:00,2.46,,United Kingdom,False
553852,22467,GUMBALL COAT RACK,6,2011-05-19 13:05:00,2.55,15599,United Kingdom,False
546008,15058B,PINK POLKADOT GARDEN PARASOL,1,2011-03-08 15:43:00,24.96,,United Kingdom,False
574304,20726,LUNCH BAG WOODLAND,1,2011-11-03 16:30:00,1.65,14428,United Kingdom,False
556576,84970L,SINGLE HEART ZINC T-LIGHT HOLDER,5,2011-06-13 13:55:00,0.95,14606,United Kingdom,False
550003,22595,GINGHAM HEART DECORATION,12,2011-04-14 09:43:00,0.85,14428,United Kingdom,False
554124,22423,REGENCY CAKESTAND 3 TIER,1,2011-05-23 08:31:00,12.75,13339,United Kingdom,False
536609,84029E,RED WOOLLY HOTTIE WHITE HEART.,6,2010-12-02 09:41:00,3.39,17850,United Kingdom,False
548192,22697,GREEN REGENCY TEACUP AND SAUCER,1,2011-03-29 15:22:00,2.95,17364,United Kingdom,False
541827,22247,BUNNY DECORATION MAGIC GARDEN,4,2011-01-21 17:05:00,0.79,,United Kingdom,False
551791,22607,WOODEN ROUNDERS GARDEN SET,10,2011-05-04 11:26:00,8.5,13220,United Kingdom,False
563626,21636,MADRAS NOTEBOOK MEDIUM,36,2011-08-18 10:31:00,0.75,16187,United Kingdom,False
575952,16237,SLEEPING CAT ERASERS,2,2011-11-13 11:55:00,0.21,16015,United Kingdom,False
538597,22297,HEART IVORY TRELLIS SMALL,10,2010-12-13 12:26:00,1.25,15555,United Kingdom,False
571065,22489,PACK OF 12 TRADITIONAL CRAYONS,24,2011-10-13 14:59:00,0.42,12613,Germany,False
559817,84828,JUNGLE POPSICLES ICE LOLLY MOULDS,1,2011-07-12 16:20:00,1.25,,United Kingdom,False
569037,22413,METAL SIGN TAKE IT OR LEAVE IT,2,2011-09-30 10:45:00,2.95,13263,United Kingdom,False
569329,22352,LUNCH BOX WITH CUTLERY RETROSPOT,6,2011-10-03 13:03:00,2.55,17652,United Kingdom,False
570187,21934,SKULL SHOULDER BAG,3,2011-10-07 15:09:00,1.63,,United Kingdom,False
565450,22728,ALARM CLOCK BAKELIKE PINK,8,2011-09-04 15:22:00,3.75,17722,United Kingdom,False
C579902,23165,LARGE CERAMIC TOP STORAGE JAR,-2,2011-12-01 08:39:00,1.65,13365,United Kingdom,True
553344,84997D,CHILDRENS CUTLERY POLKADOT PINK,18,2011-05-16 12:45:00,4.15,14952,United Kingdom,False
552229,85017B,ENVELOPE 50 BLOSSOM IMAGES,1,2011-05-06 15:40:00,0.83,,United Kingdom,False
562112,23298,SPOTTY BUNTING,6,2011-08-02 15:53:00,4.95,18236,United Kingdom,False
536946,21212,PACK OF 72 RETROSPOT CAKE CASES,24,2010-12-03 12:28:00,0.55,13013,United Kingdom,False
545701,21955,DOORMAT UNION JACK GUNS AND ROSES,10,2011-03-06 15:17:00,6.75,17107,United Kingdom,False
563842,22193,RED DINER WALL CLOCK,2,2011-08-19 13:54:00,8.5,13871,United Kingdom,False
539088,22693,GROW A FLYTRAP OR SUNFLOWER IN TIN,96,2010-12-16 09:45:00,1.06,13093,United Kingdom,False
577834,23112,PARISIENNE CURIO CABINET,2,2011-11-22 10:21:00,7.5,17528,United Kingdom,False
580119,23008,DOLLY GIRL BABY GIFT SET,1,2011-12-01 16:37:00,16.95,17920,United Kingdom,False
564061,48185,DOORMAT FAIRY CAKE,1,2011-08-22 14:38:00,7.95,14505,United Kingdom,False
544356,21080,SET/20 RED RETROSPOT PAPER NAPKINS,12,2011-02-18 11:18:00,0.85,13904,United Kingdom,False
570187,23534,WALL ART STOP FOR TEA,3,2011-10-07 15:09:00,12.46,,United Kingdom,False
573369,22597,MUSICAL ZINC HEART DECORATION,1,2011-10-30 13:19:00,0.29,16049,United Kingdom,False
574328,23237,SET OF 4 KNICK KNACK TINS LEAF,12,2011-11-04 09:05:00,4.15,13081,United Kingdom,False
558643,22663,JUMBO BAG DOLLY GIRL DESIGN,10,2011-07-01 09:51:00,2.08,13534,United Kingdom,False
544667,77101A,UNION FLAG WINDSOCK,288,2011-02-22 15:09:00,1.06,17511,United Kingdom,False
541424,82613D,METAL SIGN CUPCAKE SINGLE HOOK,5,2011-01-17 17:57:00,0.83,,United Kingdom,False
560209,84077,WORLD WAR 2 GLIDERS ASSTD DESIGNS,48,2011-07-15 14:05:00,0.29,15004,United Kingdom,False
574700,23503,PLAYING CARDS KEEP CALM & CARRY ON,4,2011-11-06 13:53:00,1.25,16033,United Kingdom,False
574298,23083,SET 6 PAPER TABLE LANTERN STARS,1,2011-11-03 15:56:00,7.46,,United Kingdom,False
581498,21558,SKULL LUNCH BOX WITH CUTLERY,1,2011-12-09 10:26:00,4.96,,United Kingdom,False
538625,22600,CHRISTMAS RETROSPOT STAR WOOD,144,2010-12-13 12:50:00,0.72,14544,United Kingdom,False
546991,21224,SET/4 SKULL BADGES,6,2011-03-18 13:08:00,1.25,12748,United Kingdom,False
571413,21507,ELEPHANT BIRTHDAY CARD,12,2011-10-17 12:33:00,0.42,13923,United Kingdom,False
565396,46775D,SUNSET COLOUR CHUNKY KNITTED THROW,3,2011-09-02 16:39:00,8.29,,United Kingdom,False
550331,22558,CLOTHES PEGS RETROSPOT PACK 24,2,2011-04-17 13:43:00,1.65,15555,United Kingdom,False
562807,21210,SET OF 72 RETROSPOT PAPER  DOILIES,12,2011-08-09 14:57:00,1.45,16053,United Kingdom,False
551956,22170,PICTURE FRAME WOOD TRIPLE PORTRAIT,1,2011-05-05 12:22:00,6.75,15021,United Kingdom,False
C554266,23126,FELTCRAFT GIRL AMELIE KIT,-1,2011-05-23 12:48:00,4.95,12474,Germany,True
543286,22962,JAM JAR WITH PINK LID,48,2011-02-07 09:50:00,0.72,14952,United Kingdom,False
560698,22835,HOT WATER BOTTLE I AM SO POORLY,8,2011-07-20 12:29:00,4.65,16353,United Kingdom,False
567610,21498,RED RETROSPOT WRAP,25,2011-09-21 11:30:00,0.42,17511,United Kingdom,False
561455,22697,GREEN REGENCY TEACUP AND SAUCER,12,2011-07-27 11:58:00,2.95,15095,United Kingdom,False
569383,20717,STRAWBERRY SHOPPER BAG,10,2011-10-03 16:46:00,1.25,15159,United Kingdom,False
575941,85039A,SET/4 RED MINI ROSE CANDLE IN BOWL,4,2011-11-13 11:39:00,1.65,16438,United Kingdom,False
577782,22383,LUNCH BAG SUKI DESIGN,1,2011-11-21 16:17:00,1.65,16549,United Kingdom,False
569110,20713,JUMBO BAG OWLS,10,2011-09-30 12:44:00,2.08,17675,United Kingdom,False
545716,22659,LUNCH BOX I LOVE LONDON,1,2011-03-07 10:15:00,2.46,,United Kingdom,False
553468,22174,PHOTO CUBE,48,2011-05-17 11:14:00,1.25,16029,United Kingdom,False
562680,23347,I LOVE LONDON BEAKER,1,2011-08-08 13:46:00,1.25,17954,United Kingdom,False
565726,22699,ROSES REGENCY TEACUP AND SAUCER,6,2011-09-06 11:58:00,2.95,14360,United Kingdom,False
549286,22380,TOY TIDY SPACEBOY,1,2011-04-07 18:03:00,2.1,17928,United Kingdom,False
564756,20733,GOLD MINI TAPE MEASURE,2,2011-08-30 10:33:00,0.83,,United Kingdom,False
537334,22729,ALARM CLOCK BAKELIKE ORANGE,6,2010-12-06 12:06:00,3.75,16719,United Kingdom,False
580367,23480,MINI LIGHTS WOODLAND MUSHROOMS,1,2011-12-02 16:39:00,7.46,,United Kingdom,False
567656,85014A,BLACK/BLUE POLKADOT UMBRELLA,2,2011-09-21 14:40:00,12.46,14096,United Kingdom,False
566251,47422,ASSORTED MONKEY SUCTION CUP HOOK,10,2011-09-11 12:13:00,0.42,12841,United Kingdom,False
568168,22158,3 HEARTS HANGING DECORATION RUSTIC,8,2011-09-25 12:46:00,2.95,15799,United Kingdom,False
549790,22149,FELTCRAFT 6 FLOWER FRIENDS,6,2011-04-12 12:02:00,2.1,16172,United Kingdom,False
541268,22457,NATURAL SLATE HEART CHALKBOARD,3,2011-01-17 10:52:00,2.95,12872,United Kingdom,False
554151,22825,DECORATIVE PLANT POT WITH FRIEZE,1,2011-05-23 11:07:00,7.95,14049,United Kingdom,False
546993,22084,PAPER CHAIN KIT EMPIRE,2,2011-03-18 13:19:00,2.95,17921,United Kingdom,False
557122,22715,CARD WEDDING DAY,12,2011-06-16 17:37:00,0.42,16558,United Kingdom,False
542626,21980,PACK OF 12 RED RETROSPOT TISSUES,24,2011-01-31 09:51:00,0.29,12720,Germany,False
551142,84279P,CHERRY BLOSSOM  DECORATIVE FLASK,2,2011-04-26 13:22:00,3.75,17613,United Kingdom,False
560650,21058,PARTY INVITES WOODLAND,2,2011-07-20 11:38:00,0.85,15529,United Kingdom,False
570826,22748,POPPY'S PLAYHOUSE KITCHEN,2,2011-10-12 13:14:00,2.1,16753,United Kingdom,False
580115,23116,VEGETABLE GARDEN CHOPPING BOARD,1,2011-12-01 16:22:00,10.79,,United Kingdom,False
581492,84077,WORLD WAR 2 GLIDERS ASSTD DESIGNS,1,2011-12-09 10:03:00,0.63,,United Kingdom,False
575508,22866,HAND WARMER SCOTTY DOG DESIGN,96,2011-11-10 10:32:00,1.85,14646,Netherlands,False
576055,22602,RETROSPOT WOODEN HEART DECORATION,12,2011-11-13 15:02:00,0.85,15449,United Kingdom,False
571241,22816,CARD MOTORBIKE SANTA,12,2011-10-14 14:58:00,0.42,14592,United Kingdom,False
542121,22685,FRENCH BLUE METAL DOOR SIGN 0,6,2011-01-25 14:33:00,1.25,17515,United Kingdom,False
548190,47570B,TEA TIME TABLE CLOTH,27,2011-03-29 15:18:00,8.49,17511,United Kingdom,False
556032,22669,RED BABY BUNTING,5,2011-06-08 12:35:00,2.95,15159,United Kingdom,False
559337,22380,TOY TIDY SPACEBOY,1,2011-07-07 16:27:00,4.13,,United Kingdom,False
581439,20777,CHRYSANTHEMUM NOTEBOOK,1,2011-12-08 16:30:00,1.63,,United Kingdom,False
580293,23426,METAL SIGN DROP YOUR PANTS,1,2011-12-02 13:38:00,2.89,16426,United Kingdom,False
559923,22449,SILK PURSE BABUSHKA PINK,2,2011-07-13 16:07:00,2.46,,United Kingdom,False
553505,22819,"BIRTHDAY CARD, RETRO SPOT",12,2011-05-17 13:27:00,0.42,12949,United Kingdom,False
547657,21314,SMALL GLASS HEART TRINKET POT,8,2011-03-24 12:58:00,2.1,13871,United Kingdom,False
539740,22422,TOOTHPASTE TUBE PEN,1,2010-12-21 15:20:00,1.28,,United Kingdom,False
565586,23297,SET 40 HEART SHAPE PETIT FOUR CASES,16,2011-09-05 13:22:00,1.65,16172,United Kingdom,False
546891,82580,BATHROOM METAL SIGN,1,2011-03-17 18:18:00,1.25,,United Kingdom,False
548742,21900,"KEY FOB , SHED",11,2011-04-04 12:00:00,0.65,14688,United Kingdom,False
561077,22423,REGENCY CAKESTAND 3 TIER,2,2011-07-24 15:53:00,12.75,17649,United Kingdom,False
573868,23388,WOODLAND MINI BACKPACK,8,2011-11-01 12:18:00,4.15,12491,France,False
559921,84660B,BLACK STITCHED WALL CLOCK,2,2011-07-13 15:42:00,0.79,13667,United Kingdom,False
555279,20979,36 PENCILS TUBE RED RETROSPOT,3,2011-06-01 17:42:00,1.25,16348,United Kingdom,False
580358,23312,VINTAGE CHRISTMAS GIFT SACK,8,2011-12-02 16:07:00,4.15,17238,United Kingdom,False
564838,20839,FRENCH PAISLEY CUSHION COVER,2,2011-08-30 12:43:00,3.29,,United Kingdom,False
543774,22710,WRAP I LOVE LONDON,25,2011-02-11 15:56:00,0.42,15856,United Kingdom,False
564734,20727,LUNCH BAG  BLACK SKULL.,4,2011-08-28 13:32:00,1.65,12484,Spain,False
567904,22505,MEMO BOARD COTTAGE DESIGN,4,2011-09-22 16:34:00,4.95,12609,Germany,False
541789,22767,TRIPLE PHOTO FRAME CORNICE,6,2011-01-21 13:07:00,8.5,14088,United Kingdom,False
540977,21774,DECORATIVE CATS BATHROOM BOTTLE,6,2011-01-12 15:01:00,1.28,,United Kingdom,False
544341,21174,POTTERING IN THE SHED METAL SIGN,12,2011-02-18 09:43:00,2.08,13012,United Kingdom,False
553062,85099B,JUMBO BAG RED RETROSPOT,200,2011-05-13 11:25:00,1.79,13629,United Kingdom,False
550458,22693,GROW A FLYTRAP OR SUNFLOWER IN TIN,1,2011-04-18 13:13:00,2.5,,United Kingdom,False
569137,21989,PACK OF 20 SKULL PAPER NAPKINS,2,2011-09-30 14:45:00,1.63,,United Kingdom,False
575391,22734,SET OF 6 RIBBONS VINTAGE CHRISTMAS,6,2011-11-09 15:36:00,2.89,14354,United Kingdom,False
569544,20657,TROPICAL LUGGAGE TAG,1,2011-10-04 16:33:00,2.46,,United Kingdom,False
555855,20724,RED RETROSPOT CHARLOTTE BAG,100,2011-06-07 13:56:00,0.72,15311,United Kingdom,False
577407,85049A,TRADITIONAL CHRISTMAS RIBBONS,12,2011-11-20 10:37:00,1.25,14739,United Kingdom,False
557502,23107,WHITE HEARTS WIRE PLANT POT HOLDER,1,2011-06-20 15:32:00,5.79,,United Kingdom,False
560018,22626,BLACK KITCHEN SCALES,6,2011-07-14 12:52:00,8.5,15987,United Kingdom,False
565388,23035,DRAWER KNOB CERAMIC IVORY,6,2011-09-02 15:56:00,1.45,14415,United Kingdom,False
579155,85107,CUT GLASS T-LIGHT HOLDER OCTAGON,3,2011-11-28 13:37:00,2.55,18101,United Kingdom,False
558680,22411,JUMBO SHOPPER VINTAGE RED PAISLEY,2,2011-07-01 11:19:00,4.13,,United Kingdom,False
C542089,22300,COFFEE MUG DOG + BALL DESIGN,-2,2011-01-25 12:39:00,2.55,12681,France,True
572499,22737,RIBBON REEL CHRISTMAS PRESENT,10,2011-10-24 14:10:00,1.65,15786,United Kingdom,False
569104,21679,SKULLS  STICKERS,12,2011-09-30 12:30:00,0.85,15287,United Kingdom,False
577477,22835,HOT WATER BOTTLE I AM SO POORLY,4,2011-11-20 11:32:00,4.95,14157,United Kingdom,False
569137,21670,BLUE SPOT CERAMIC DRAWER KNOB,8,2011-09-30 14:45:00,3.29,,United Kingdom,False
547664,22380,TOY TIDY SPACEBOY,10,2011-03-24 13:16:00,2.1,13069,United Kingdom,False
540026,21632,VINTAGE PINK DECORATIVE PARASOL,1,2011-01-04 13:25:00,8.47,,United Kingdom,False
544074,22453,MEASURING TAPE BABUSHKA BLUE,4,2011-02-15 14:49:00,2.95,14156,EIRE,False
564818,21933,PINK VINTAGE PAISLEY PICNIC BAG,1,2011-08-30 12:10:00,2.46,,United Kingdom,False
577536,22175,PINK OWL SOFT TOY,1,2011-11-20 14:14:00,2.95,15850,United Kingdom,False
565426,23191,BUNDLE OF 3 RETRO NOTE BOOKS,1,2011-09-04 12:41:00,1.65,12851,United Kingdom,False
538071,22791,T-LIGHT GLASS FLUTED ANTIQUE,2,2010-12-09 14:09:00,2.51,,United Kingdom,False
566296,23389,SPACEBOY MINI BACKPACK,1,2011-09-11 15:47:00,4.15,17841,United Kingdom,False
553418,23093,SMALL PARISIENNE HEART PHOTO FRAME,6,2011-05-17 10:10:00,2.49,18257,United Kingdom,False
539750,20677,PINK POLKADOT BOWL,2,2010-12-21 15:40:00,2.51,,United Kingdom,False
542881,21363,HOME SMALL WOOD LETTERS,1,2011-02-01 12:54:00,4.95,14587,United Kingdom,False
538636,21671,RED SPOT CERAMIC DRAWER KNOB,12,2010-12-13 13:50:00,1.25,14639,United Kingdom,False
542891,21658,GLASS  BEURRE DISH,24,2011-02-01 13:26:00,3.39,16705,United Kingdom,False
555093,22627,MINT KITCHEN SCALES,2,2011-05-31 13:15:00,8.5,12720,Germany,False
575148,85048,15CM CHRISTMAS GLASS BALL 20 LIGHTS,8,2011-11-08 15:48:00,7.95,13867,United Kingdom,False
541422,22329,ROUND CONTAINER SET OF 5 RETROSPOT,1,2011-01-17 17:48:00,3.29,,United Kingdom,False
553507,84997D,CHILDRENS CUTLERY POLKADOT PINK,1,2011-05-17 13:35:00,4.15,17220,United Kingdom,False
569524,22581,WOOD STOCKING CHRISTMAS SCANDISPOT,1,2011-10-04 14:42:00,0.85,14506,United Kingdom,False
537614,22467,GUMBALL COAT RACK,2,2010-12-07 13:29:00,2.55,16904,United Kingdom,False
574050,23350,ROLL WRAP VINTAGE SPOT,12,2011-11-02 13:41:00,1.25,13904,United Kingdom,False
575856,23306,SET OF 36 PANTRY PAPER DOILIES,1,2011-11-11 12:28:00,1.45,16386,United Kingdom,False
572227,23353,6 GIFT TAGS VINTAGE CHRISTMAS,36,2011-10-21 14:01:00,0.83,15051,United Kingdom,False
574575,22734,SET OF 6 RIBBONS VINTAGE CHRISTMAS,1,2011-11-04 17:03:00,2.89,14971,United Kingdom,False
541421,85131A,BEADED PEARL HEART WHITE ON STICK,5,2011-01-17 17:44:00,0.83,,United Kingdom,False
569212,23228,FILIGREE HEART BIRD WHITE,12,2011-10-02 12:05:00,1.25,15164,United Kingdom,False
564056,84356,POMPOM CURTAIN,2,2011-08-22 14:13:00,6.95,14387,United Kingdom,False
581217,23368,SET 12 COLOUR PENCILS DOLLY GIRL,1,2011-12-08 09:20:00,1.25,,United Kingdom,False
555853,21430,SET/3 RED GINGHAM ROSE STORAGE BOX,1,2011-06-07 13:44:00,3.75,14375,United Kingdom,False
566233,23145,ZINC T-LIGHT HOLDER STAR LARGE,12,2011-09-11 11:04:00,0.95,12635,Germany,False
555017,21340,CLASSIC METAL BIRDCAGE PLANT HOLDER,4,2011-05-31 11:14:00,12.75,16801,United Kingdom,False
551275,84991,60 TEATIME FAIRY CAKE CASES,24,2011-04-27 13:03:00,0.55,13285,United Kingdom,False
552520,23348,CHILDRENS TOY COOKING UTENSIL SET,2,2011-05-09 16:34:00,4.13,,United Kingdom,False
577477,23355,HOT WATER BOTTLE KEEP CALM,4,2011-11-20 11:32:00,4.95,14157,United Kingdom,False
568222,21790,VINTAGE SNAP CARDS,12,2011-09-26 10:06:00,0.85,16603,United Kingdom,False
571509,22737,RIBBON REEL CHRISTMAS PRESENT,2,2011-10-17 15:28:00,1.65,13110,United Kingdom,False
562593,22988,SOLDIERS EGG CUP,4,2011-08-07 15:43:00,1.25,16549,United Kingdom,False
576665,21975,PACK OF 60 DINOSAUR CAKE CASES,2,2011-11-16 11:46:00,0.55,17841,United Kingdom,False
537638,22773,GREEN DRAWER KNOB ACRYLIC EDWARDIAN,6,2010-12-07 15:28:00,2.51,,United Kingdom,False
539451,22664,TOY TIDY DOLLY GIRL DESIGN,1,2010-12-17 16:59:00,4.21,,United Kingdom,False
551988,22478,BIRDHOUSE GARDEN MARKER,10,2011-05-05 15:08:00,1.25,12576,Poland,False
576076,21648,ASSORTED TUTTI FRUTTI SMALL PURSE,1,2011-11-13 16:18:00,1.25,14382,United Kingdom,False
566566,22969,HOMEMADE JAM SCENTED CANDLES,2,2011-09-13 12:32:00,3.29,14096,United Kingdom,False
579497,85152,HAND OVER THE CHOCOLATE   SIGN,1,2011-11-29 15:39:00,2.1,14349,United Kingdom,False
569893,22386,JUMBO BAG PINK POLKADOT,10,2011-10-06 15:51:00,2.08,12627,Germany,False
546687,22449,SILK PURSE BABUSHKA PINK,6,2011-03-16 09:58:00,3.35,16040,United Kingdom,False
544353,22727,ALARM CLOCK BAKELIKE RED,8,2011-02-18 10:32:00,3.75,18229,United Kingdom,False
569640,23158,SET OF 5 LUCKY CAT MAGNETS,12,2011-10-05 12:25:00,2.08,12471,Germany,False
555510,84380,SET OF 3 BUTTERFLY COOKIE CUTTERS,2,2011-06-03 17:09:00,2.46,,United Kingdom,False
545901,21899,"KEY FOB , GARAGE DESIGN",6,2011-03-07 17:52:00,0.65,15834,United Kingdom,False
555896,84692,BOX OF 24 COCKTAIL PARASOLS,25,2011-06-07 16:04:00,0.42,15640,United Kingdom,False
577746,22577,WOODEN HEART CHRISTMAS SCANDINAVIAN,120,2011-11-21 14:17:00,0.29,15274,United Kingdom,False
560926,21058,PARTY INVITES WOODLAND,12,2011-07-22 09:20:00,0.83,,United Kingdom,False
553017,23208,LUNCH BAG VINTAGE LEAF DESIGN,3,2011-05-12 19:01:00,1.65,12757,Portugal,False
580501,23373,VINTAGE CHRISTMAS PAPER GIFT BAG,4,2011-12-04 13:00:00,0.82,14546,United Kingdom,False
562113,22167,OVAL WALL MIRROR DIAMANTE,1,2011-08-02 16:11:00,8.29,,United Kingdom,False
537622,22962,JAM JAR WITH PINK LID,12,2010-12-07 14:30:00,0.85,13173,United Kingdom,False
544467,22156,HEART DECORATION WITH PEARLS,2,2011-02-20 15:51:00,0.85,14502,United Kingdom,False
572703,22989,SET 2 PANTRY DESIGN TEA TOWELS,1,2011-10-25 14:35:00,3.25,16110,United Kingdom,False
576653,21165,BEWARE OF THE CAT METAL SIGN,96,2011-11-16 10:45:00,1.45,14156,EIRE,False
579545,23207,LUNCH BAG ALPHABET DESIGN,20,2011-11-30 10:18:00,1.65,13098,United Kingdom,False
C568879,22774,RED DRAWER KNOB ACRYLIC EDWARDIAN,-14,2011-09-29 12:38:00,1.25,14680,United Kingdom,True
556263,23194,GYMKHANA TREASURE BOOK BOX,2,2011-06-09 18:41:00,2.25,13969,United Kingdom,False
542868,22800,ANTIQUE TALL SWIRLGLASS TRINKET POT,8,2011-02-01 12:25:00,3.75,16419,United Kingdom,False
569212,22632,HAND WARMER RED RETROSPOT,4,2011-10-02 12:05:00,2.1,15164,United Kingdom,False
569220,21790,VINTAGE SNAP CARDS,3,2011-10-02 13:26:00,0.85,16007,United Kingdom,False
548168,22502,PICNIC BASKET WICKER SMALL,2,2011-03-29 13:46:00,8.29,,United Kingdom,False
576837,22553,PLASTERS IN TIN SKULLS,1,2011-11-16 15:16:00,3.29,,United Kingdom,False
562965,21509,COWBOYS AND INDIANS BIRTHDAY CARD,12,2011-08-11 10:45:00,0.42,18226,United Kingdom,False
538449,37449,CERAMIC CAKE STAND + HANGING CAKES,1,2010-12-12 12:24:00,9.95,17085,United Kingdom,False
580367,21494,ROTATING LEAVES T-LIGHT HOLDER,9,2011-12-02 16:39:00,2.46,,United Kingdom,False
541592,85125,SMALL ROUND CUT GLASS CANDLESTICK,3,2011-01-19 15:08:00,3.29,,United Kingdom,False
572675,22744,MAKE YOUR OWN MONSOON CARD KIT,2,2011-10-25 13:20:00,2.95,17917,United Kingdom,False
557484,15056N,EDWARDIAN PARASOL NATURAL,1,2011-06-20 14:36:00,5.95,14796,United Kingdom,False
548867,22813,PACK 3 BOXES BIRD PANNETONE,2,2011-04-04 14:17:00,1.95,14719,United Kingdom,False
577358,22734,SET OF 6 RIBBONS VINTAGE CHRISTMAS,1,2011-11-18 15:59:00,5.79,,United Kingdom,False
580167,23215,JINGLE BELL HEART ANTIQUE SILVER,48,2011-12-02 11:28:00,2.08,17386,United Kingdom,False
539475,21791,VINTAGE HEADS AND TAILS CARD GAME,2,2010-12-19 14:41:00,1.25,16686,United Kingdom,False
557798,23307,SET OF 60 PANTRY DESIGN CAKE CASES,24,2011-06-23 09:38:00,0.55,16187,United Kingdom,False
563231,47599A,PINK PARTY BAGS,1,2011-08-14 15:42:00,2.1,14658,United Kingdom,False
566285,22574,HEART WOODEN CHRISTMAS DECORATION,4,2011-09-11 14:51:00,0.85,13611,United Kingdom,False
542794,22147,FELTCRAFT BUTTERFLY HEARTS,3,2011-02-01 10:56:00,3.29,,United Kingdom,False
559526,23052,RECYCLED ACAPULCO MAT TURQUOISE,1,2011-07-10 11:19:00,8.25,15756,United Kingdom,False
543382,22469,HEART OF WICKER SMALL,2,2011-02-07 16:21:00,1.65,14030,United Kingdom,False
562114,51014A,"FEATHER PEN,HOT PINK",5,2011-08-02 16:14:00,0.83,,United Kingdom,False
578677,23581,JUMBO BAG PAISLEY PARK,4,2011-11-24 19:30:00,2.08,15750,United Kingdom,False
550317,23126,FELTCRAFT GIRL AMELIE KIT,4,2011-04-17 11:56:00,4.95,15172,United Kingdom,False
541262,22549,PICTURE DOMINOES,1,2011-01-16 15:50:00,1.45,18069,United Kingdom,False
557621,21257,VICTORIAN SEWING BOX MEDIUM,2,2011-06-21 14:00:00,7.95,12444,Norway,False
563845,23311,VINTAGE CHRISTMAS STOCKING,6,2011-08-19 14:39:00,2.55,12991,United Kingdom,False
560287,22726,ALARM CLOCK BAKELIKE GREEN,1,2011-07-18 09:49:00,3.75,13821,United Kingdom,False
536876,22654,DELUXE SEWING KIT,2,2010-12-03 11:36:00,11.87,,United Kingdom,False
580367,21791,VINTAGE HEADS AND TAILS CARD GAME,2,2011-12-02 16:39:00,2.46,,United Kingdom,False
572312,23487,SWEET HEART CAKE CARRIER,1,2011-10-23 15:47:00,9.95,15022,United Kingdom,False
573075,22435,SET OF 9 HEART SHAPED BALLOONS,2,2011-10-27 14:04:00,1.25,17545,United Kingdom,False
554663,21711,FOLDING UMBRELLA WHITE/RED POLKADOT,1,2011-05-25 14:29:00,4.95,14985,United Kingdom,False
560271,21156,RETROSPOT CHILDRENS APRON,2,2011-07-17 14:51:00,1.95,16474,United Kingdom,False
542927,22666,RECIPE BOX PANTRY YELLOW DESIGN,6,2011-02-02 10:06:00,2.95,18198,United Kingdom,False
574247,23426,METAL SIGN DROP YOUR PANTS,6,2011-11-03 12:56:00,2.89,13168,United Kingdom,False
580754,22834,HAND WARMER BABUSHKA DESIGN,2,2011-12-06 10:05:00,4.96,,United Kingdom,False
565456,22429,ENAMEL MEASURING JUG CREAM,1,2011-09-04 16:12:00,4.25,16629,United Kingdom,False
568095,23438,RED SPOT GIFT BAG LARGE,48,2011-09-23 14:49:00,1.25,14911,EIRE,False
561113,22384,LUNCH BAG PINK POLKADOT,15,2011-07-25 12:09:00,1.65,17841,United Kingdom,False
550987,71495A,CD WALL TIDY BLUE OFFICE,2,2011-04-21 18:10:00,0.83,,United Kingdom,False
566554,22423,REGENCY CAKESTAND 3 TIER,4,2011-09-13 11:39:00,12.75,13136,United Kingdom,False
577613,48129,DOORMAT TOPIARY,2,2011-11-21 10:02:00,8.25,14911,EIRE,False
570872,51014A,"FEATHER PEN,HOT PINK",1,2011-10-12 16:40:00,0.83,,United Kingdom,False
569253,22621,TRADITIONAL KNITTING NANCY,12,2011-10-03 10:55:00,1.65,13635,United Kingdom,False
576672,22745,POPPY'S PLAYHOUSE BEDROOM,12,2011-11-16 11:59:00,2.1,12731,France,False
550783,23194,GYMKHANNA TREASURE BOOK BOX,8,2011-04-20 13:58:00,2.08,13485,United Kingdom,False
536488,21592,RETROSPOT CIGAR BOX MATCHES,1,2010-12-01 12:31:00,1.25,17897,United Kingdom,False
567660,23375,50'S CHRISTMAS PAPER GIFT BAG,10,2011-09-21 15:02:00,0.82,17731,United Kingdom,False
549099,20725,LUNCH BAG RED RETROSPOT,1,2011-04-06 11:07:00,1.65,16241,United Kingdom,False
560119,85048,15CM CHRISTMAS GLASS BALL 20 LIGHTS,4,2011-07-15 10:21:00,7.95,12815,Poland,False
540163,21879,HEARTS GIFT TAPE,24,2011-01-05 11:52:00,0.19,13089,United Kingdom,False
562688,85135B,BLUE DRAGONFLY HELICOPTER,1,2011-08-08 13:53:00,7.95,13869,United Kingdom,False
556682,22045,SPACEBOY GIFT WRAP,25,2011-06-14 09:42:00,0.42,15358,United Kingdom,False
550638,20726,LUNCH BAG WOODLAND,1,2011-04-19 15:44:00,4.13,,United Kingdom,False
559547,22714,CARD BIRTHDAY COWBOY,12,2011-07-10 15:12:00,0.42,17758,United Kingdom,False
555340,15056N,EDWARDIAN PARASOL NATURAL,2,2011-06-02 11:33:00,5.95,13334,United Kingdom,False
541696,84510A,SET OF 4 ENGLISH ROSE COASTERS,2,2011-01-20 18:08:00,2.46,,United Kingdom,False
552702,90116,FRUIT SALAD BAG CHARM,1,2011-05-10 16:00:00,2.46,,United Kingdom,False
572082,22738,RIBBON REEL SNOWY VILLAGE,10,2011-10-20 14:18:00,1.65,17672,United Kingdom,False
559696,22662,LUNCH BAG DOLLY GIRL DESIGN,3,2011-07-11 16:59:00,1.65,15577,United Kingdom,False
538071,21986,PACK OF 12 PINK POLKADOT TISSUES,1,2010-12-09 14:09:00,0.85,,United Kingdom,False
559923,23309,SET OF 60 I LOVE LONDON CAKE CASES,2,2011-07-13 16:07:00,1.25,,United Kingdom,False
557500,22743,MAKE YOUR OWN FLOWERPOWER CARD KIT,1,2011-06-20 15:27:00,5.79,,United Kingdom,False
552039,20725,LUNCH BAG RED RETROSPOT,20,2011-05-06 08:10:00,1.65,13081,United Kingdom,False
552277,22109,FULL ENGLISH BREAKFAST PLATE,1,2011-05-08 12:34:00,3.75,13642,United Kingdom,False
539455,84077,WORLD WAR 2 GLIDERS ASSTD DESIGNS,48,2010-12-17 17:17:00,0.29,12748,United Kingdom,False
568053,90209C,,3,2011-09-23 12:44:00,0.0,,United Kingdom,False
539434,21977,PACK OF 60 PINK PAISLEY CAKE CASES,1,2010-12-17 14:41:00,1.28,,United Kingdom,False
570242,21261,GREEN GOOSE FEATHER CHRISTMAS TREE,2,2011-10-09 15:40:00,2.95,16380,United Kingdom,False
575496,23571,TRADITIONAL NAUGHTS & CROSSES,24,2011-11-10 09:09:00,1.65,14944,United Kingdom,False
537219,84991,60 TEATIME FAIRY CAKE CASES,3,2010-12-05 15:47:00,0.55,14081,United Kingdom,False
542894,22055,MINI CAKE STAND  HANGING STRAWBERY,8,2011-02-01 13:45:00,1.65,12775,Netherlands,False
567531,23144,ZINC T-LIGHT HOLDER STARS SMALL,24,2011-09-21 09:37:00,0.83,14397,United Kingdom,False
565994,21528,DAIRY MAID TRADITIONAL TEAPOT,1,2011-09-08 11:46:00,6.95,13244,United Kingdom,False
570598,23530,WALL ART ONLY ONE PERSON,6,2011-10-11 11:55:00,4.95,14175,United Kingdom,False
572865,21122,SET/10 PINK POLKADOT PARTY CANDLES,2,2011-10-26 13:01:00,1.25,17841,United Kingdom,False
575886,21462,"NURSERY A,B,C PAINTED LETTERS",1,2011-11-11 13:57:00,6.75,12517,Germany,False
564840,21774,DECORATIVE CATS BATHROOM BOTTLE,2,2011-08-30 12:49:00,2.46,,United Kingdom,False
562912,22755,SMALL PURPLE BABUSHKA NOTEBOOK,2,2011-08-10 13:15:00,0.85,15311,United Kingdom,False
555924,20723,STRAWBERRY CHARLOTTE BAG,2,2011-06-07 17:12:00,1.63,,United Kingdom,False
554961,DOT,DOTCOM POSTAGE,1,2011-05-27 15:19:00,164.29,,United Kingdom,False
568712,23212,HEART WREATH DECORATION WITH BELL,5,2011-09-28 15:50:00,1.25,17841,United Kingdom,False
555845,22960,JAM MAKING SET WITH JARS,2,2011-06-07 13:19:00,4.25,17015,United Kingdom,False
552318,90033,IVORY SHELL HEART EARRINGS,2,2011-05-08 16:13:00,2.55,17231,United Kingdom,False
578620,23437,50'S CHRISTMAS GIFT BAG LARGE,20,2011-11-24 15:21:00,1.25,17247,United Kingdom,False
543631,21528,DAIRY MAID TRADITIONAL TEAPOT,1,2011-02-10 16:17:00,6.95,14081,United Kingdom,False
544301,22698,PINK REGENCY TEACUP AND SAUCER,2,2011-02-17 12:59:00,2.95,14606,United Kingdom,False
540512,21754,HOME BUILDING BLOCK WORD,1,2011-01-09 11:39:00,5.95,17114,United Kingdom,False
563638,23168,CLASSIC CAFE SUGAR DISPENSER,72,2011-08-18 10:36:00,1.04,15311,United Kingdom,False
568898,23355,HOT WATER BOTTLE KEEP CALM,4,2011-09-29 13:17:00,4.95,13354,United Kingdom,False
556732,47599A,PINK PARTY BAGS,6,2011-06-14 11:47:00,2.1,15039,United Kingdom,False
576910,21494,ROTATING LEAVES T-LIGHT HOLDER,12,2011-11-17 09:51:00,1.25,12477,Germany,False
572909,22897,OVEN MITT APPLES DESIGN,4,2011-10-26 15:48:00,1.45,15821,United Kingdom,False
545349,22919,HERB MARKER MINT,1,2011-03-02 11:07:00,0.65,18118,United Kingdom,False
566562,21503,TOYBOX  WRAP,25,2011-09-13 12:18:00,0.42,17365,United Kingdom,False
540646,22447,PIN CUSHION BABUSHKA BLUE,1,2011-01-10 14:32:00,2.51,,United Kingdom,False
551812,22996,TRAVEL CARD WALLET VINTAGE TICKET,24,2011-05-04 11:39:00,0.42,15527,United Kingdom,False
540551,21632,VINTAGE PINK DECORATIVE PARASOL,3,2011-01-10 09:43:00,8.47,,United Kingdom,False
580960,22566,FELTCRAFT HAIRBAND PINK AND PURPLE,2,2011-12-06 14:35:00,0.85,16016,United Kingdom,False
540413,84997C,BLUE 3 PIECE POLKADOT CUTLERY SET,6,2011-01-07 10:29:00,3.75,15194,United Kingdom,False
572192,22784,LANTERN CREAM GAZEBO,1,2011-10-21 11:30:00,4.95,18118,United Kingdom,False
574298,22720,SET OF 3 CAKE TINS PANTRY DESIGN,2,2011-11-03 15:56:00,10.79,,United Kingdom,False
571271,21172,PARTY METAL SIGN,1,2011-10-16 12:16:00,1.45,15440,United Kingdom,False
577078,22437,SET OF 9 BLACK SKULL BALLOONS,1,2011-11-17 15:17:00,1.63,,United Kingdom,False
547891,10125,MINI FUNKY DESIGN TAPES,20,2011-03-28 10:14:00,0.85,13266,United Kingdom,False
558118,21216,"SET 3 RETROSPOT TEA,COFFEE,SUGAR",2,2011-06-27 09:11:00,10.79,,United Kingdom,False
536845,22384,LUNCH BAG PINK POLKADOT,1,2010-12-02 19:18:00,1.65,17961,United Kingdom,False
552134,22193,RED DINER WALL CLOCK,4,2011-05-06 11:50:00,8.5,14944,United Kingdom,False
545045,82484,WOOD BLACK BOARD ANT WHITE FINISH,2,2011-02-27 11:40:00,7.95,15708,United Kingdom,False
553206,23110,PARISIENNE KEY CABINET,8,2011-05-16 08:16:00,5.75,14156,EIRE,False
564316,23209,LUNCH BAG VINTAGE DOILY,10,2011-08-24 13:11:00,1.65,13985,United Kingdom,False
547083,22557,PLASTERS IN TIN VINTAGE PAISLEY,2,2011-03-20 15:21:00,1.65,15452,United Kingdom,False
550137,48116,DOORMAT MULTICOLOUR STRIPE,2,2011-04-14 13:59:00,7.95,12477,Germany,False
552826,23146,TRIPLE HOOK ANTIQUE IVORY ROSE,8,2011-05-11 13:20:00,3.29,14277,France,False
573601,23369,SET 36 COLOUR PENCILS LOVE LONDON,9,2011-10-31 15:24:00,1.25,,United Kingdom,False
573548,23264,SET OF 3 WOODEN SLEIGH DECORATIONS,3,2011-10-31 13:22:00,1.25,13680,United Kingdom,False
555947,85159B,"WHITE TEA,COFFEE,SUGAR JARS",12,2011-06-08 10:45:00,1.95,14911,EIRE,False
549577,23128,FELTCRAFT BOY JEAN-PAUL KIT,4,2011-04-11 08:16:00,4.95,14286,United Kingdom,False
577602,22959,WRAP CHRISTMAS VILLAGE,25,2011-11-21 08:37:00,0.42,16139,United Kingdom,False
564323,23199,JUMBO BAG APPLES,100,2011-08-24 13:24:00,1.75,13694,United Kingdom,False
565611,23340,VINTAGE CHRISTMAS CAKE FRILL,24,2011-09-05 14:57:00,1.65,14849,United Kingdom,False
568408,23206,LUNCH BAG APPLE DESIGN,10,2011-09-27 10:40:00,4.96,,United Kingdom,False
559693,22199,FRYING PAN RED RETROSPOT,2,2011-07-11 16:21:00,4.13,,United Kingdom,False
565726,23349,ROLL WRAP VINTAGE CHRISTMAS,12,2011-09-06 11:58:00,1.25,14360,United Kingdom,False
548337,21212,PACK OF 72 RETROSPOT CAKE CASES,4,2011-03-30 14:06:00,0.55,18198,United Kingdom,False
572240,84836,ZINC METAL HEART DECORATION,12,2011-10-21 15:18:00,1.25,13709,United Kingdom,False
579508,21015,DARK BIRD HOUSE TREE DECORATION,1,2011-11-29 16:33:00,0.83,,United Kingdom,False
570097,20969,RED FLORAL FELTCRAFT SHOULDER BAG,144,2011-10-07 12:05:00,3.39,16029,United Kingdom,False
540188,84884A,ANT WHITE WIRE HEART SPIRAL,2,2011-01-05 13:57:00,3.95,16771,United Kingdom,False
544466,22282,12 EGG HOUSE PAINTED WOOD,1,2011-02-20 15:43:00,12.75,14606,United Kingdom,False
562519,22383,LUNCH BAG SUKI DESIGN,1,2011-08-05 12:37:00,1.65,16764,United Kingdom,False
541256,22228,BUNNY WOODEN PAINTED WITH BIRD,12,2011-01-16 14:36:00,0.85,13048,United Kingdom,False
569590,22027,TEA PARTY BIRTHDAY CARD,12,2011-10-05 11:25:00,0.42,13949,United Kingdom,False
546856,21156,RETROSPOT CHILDRENS APRON,8,2011-03-17 14:12:00,1.95,15433,United Kingdom,False
573038,70006,LOVE HEART POCKET WARMER,3,2011-10-27 13:48:00,1.65,17545,United Kingdom,False
568721,22269,EGG CUP NATURAL CHICKEN,1,2011-09-28 16:24:00,2.46,,United Kingdom,False
558904,21367,MIRRORED WALL ART GENTS,1,2011-07-04 16:18:00,4.96,,United Kingdom,False
540809,22587,FELTCRAFT HAIRBAND RED AND BLUE,12,2011-01-11 12:37:00,0.85,18095,United Kingdom,False
544214,84029E,RED WOOLLY HOTTIE WHITE HEART.,6,2011-02-17 11:19:00,7.46,,United Kingdom,False
548373,22996,TRAVEL CARD WALLET VINTAGE TICKET,1,2011-03-30 16:34:00,0.83,,United Kingdom,False
579144,22667,RECIPE BOX RETROSPOT,6,2011-11-28 13:11:00,2.95,13269,United Kingdom,False
541827,21876,POTTERING MUG,1,2011-01-21 17:05:00,1.63,,United Kingdom,False
544788,21498,RED RETROSPOT WRAP,25,2011-02-23 12:18:00,0.42,13089,United Kingdom,False
537055,82482,WOODEN PICTURE FRAME WHITE FINISH,12,2010-12-05 11:45:00,2.55,16814,United Kingdom,False
554511,22027,TEA PARTY BIRTHDAY CARD,1,2011-05-24 15:52:00,0.83,,United Kingdom,False
549101,21169,YOU'RE CONFUSING ME METAL SIGN,1,2011-04-06 11:34:00,1.69,14606,United Kingdom,False
569326,22635,CHILDS BREAKFAST SET DOLLY GIRL,8,2011-10-03 12:47:00,8.5,14360,United Kingdom,False
559692,23198,PANTRY MAGNETIC  SHOPPING LIST,2,2011-07-11 15:52:00,1.45,,United Kingdom,False
546651,84378,SET OF 3 HEART COOKIE CUTTERS,1,2011-03-15 14:17:00,3.29,,United Kingdom,False
565067,82551,LAUNDRY 15C METAL SIGN,3,2011-08-31 17:16:00,1.45,15856,United Kingdom,False
540551,21992,VINTAGE PAISLEY STATIONERY SET,8,2011-01-10 09:43:00,2.51,,United Kingdom,False
572035,23198,PANTRY MAGNETIC  SHOPPING LIST,48,2011-10-20 12:03:00,1.25,14646,Netherlands,False
562955,23283,DOORMAT VINTAGE LEAF,1,2011-08-11 10:14:00,15.79,,United Kingdom,False
565617,23201,JUMBO BAG ALPHABET,2,2011-09-05 15:30:00,4.13,,United Kingdom,False
542538,22303,COFFEE MUG APPLES DESIGN,6,2011-01-28 13:54:00,2.55,15079,United Kingdom,False
577859,22632,HAND WARMER RED RETROSPOT,2,2011-11-22 11:24:00,2.1,14534,United Kingdom,False
551277,23132,SMALL IVORY HEART WALL ORGANISER,2,2011-04-27 13:06:00,5.75,13637,United Kingdom,False
543774,85123A,WHITE HANGING HEART T-LIGHT HOLDER,32,2011-02-11 15:56:00,2.55,15856,United Kingdom,False
556812,90119,METALIC LEAVES BAG CHARMS,1,2011-06-14 17:25:00,2.46,,United Kingdom,False
572651,22909,SET OF 20 VINTAGE CHRISTMAS NAPKINS,12,2011-10-25 12:06:00,0.85,17350,United Kingdom,False
575973,22169,FAMILY ALBUM WHITE PICTURE FRAME,2,2011-11-13 13:03:00,8.5,,EIRE,False
550189,22934,BAKING MOULD EASTER EGG WHITE CHOC,2,2011-04-14 19:15:00,2.95,13230,United Kingdom,False
544395,22980,PANTRY SCRUBBING BRUSH,12,2011-02-18 12:13:00,1.65,13397,United Kingdom,False
567631,C2,CARRIAGE,1,2011-09-21 13:33:00,50.0,13350,United Kingdom,False
566757,22756,LARGE YELLOW BABUSHKA NOTEBOOK,1,2011-09-14 15:54:00,2.46,,United Kingdom,False
564974,22489,PACK OF 12 TRADITIONAL CRAYONS,1,2011-08-31 15:32:00,0.83,,United Kingdom,False
579400,22971,QUEENS GUARD COFFEE MUG,36,2011-11-29 12:10:00,2.1,17306,United Kingdom,False
581123,22866,HAND WARMER SCOTTY DOG DESIGN,12,2011-12-07 12:34:00,2.1,15750,United Kingdom,False
545188,22548,HEADS AND TAILS SPORTING FUN,4,2011-02-28 15:19:00,1.25,14056,United Kingdom,False
538524,22109,FULL ENGLISH BREAKFAST PLATE,6,2010-12-13 09:35:00,7.62,,United Kingdom,False
552316,23144,ZINC T-LIGHT HOLDER STARS SMALL,12,2011-05-08 16:11:00,0.83,15674,United Kingdom,False
558383,23146,TRIPLE HOOK ANTIQUE IVORY ROSE,4,2011-06-29 08:58:00,3.29,18075,United Kingdom,False
571666,21094,SET/6 RED SPOTTY PAPER PLATES,96,2011-10-18 13:02:00,0.64,16422,United Kingdom,False
545031,22197,SMALL POPCORN HOLDER,12,2011-02-25 15:35:00,0.85,15990,United Kingdom,False
568650,22329,ROUND CONTAINER SET OF 5 RETROSPOT,12,2011-09-28 11:56:00,1.65,13505,Switzerland,False
570672,22203,MILK PAN RED RETROSPOT,4,2011-10-11 14:52:00,3.75,12536,France,False
577485,21096,SET/6 FRUIT SALAD  PAPER PLATES,4,2011-11-20 11:56:00,0.39,16360,United Kingdom,False
574559,21791,VINTAGE HEADS AND TAILS CARD GAME,3,2011-11-04 15:50:00,1.25,14056,United Kingdom,False
579399,22774,RED DRAWER KNOB ACRYLIC EDWARDIAN,2,2011-11-29 12:09:00,1.25,13137,United Kingdom,False
564481,POST,POSTAGE,3,2011-08-25 13:33:00,15.0,12464,Belgium,False
564306,15056N,EDWARDIAN PARASOL NATURAL,24,2011-08-24 12:23:00,5.95,17865,United Kingdom,False
539465,21527,RED RETROSPOT TRADITIONAL TEAPOT,12,2010-12-19 11:38:00,6.95,16684,United Kingdom,False
536859,22595,CHRISTMAS GINGHAM HEART,36,2010-12-03 10:43:00,0.85,12841,United Kingdom,False
567074,22381,TOY TIDY PINK POLKADOT,5,2011-09-16 12:22:00,2.1,17068,United Kingdom,False
565990,21929,JUMBO BAG PINK VINTAGE PAISLEY,10,2011-09-08 11:44:00,2.08,13577,United Kingdom,False
565835,85099C,JUMBO  BAG BAROQUE BLACK WHITE,1,2011-09-07 11:32:00,2.08,14452,United Kingdom,False
578814,23353,6 GIFT TAGS VINTAGE CHRISTMAS,2,2011-11-25 13:40:00,0.83,12748,United Kingdom,False
580396,23256,CHILDRENS CUTLERY SPACEBOY,1,2011-12-04 11:00:00,4.15,13838,United Kingdom,False
577515,22487,WHITE WOOD GARDEN PLANT LADDER,2,2011-11-20 13:02:00,9.95,13427,United Kingdom,False
567339,23215,JINGLE BELL HEART ANTIQUE SILVER,12,2011-09-19 15:01:00,2.08,14146,United Kingdom,False
569983,21181,PLEASE ONE PERSON METAL SIGN,3,2011-10-06 19:49:00,2.1,17231,United Kingdom,False
556495,23130,MISTLETOE HEART WREATH GREEN,1,2011-06-12 15:14:00,4.15,18069,United Kingdom,False
578472,22781,GUMBALL MAGAZINE RACK,2,2011-11-24 12:40:00,7.65,12476,Germany,False
576251,85061W,WHITE JEWELLED HEART DECORATION,24,2011-11-14 13:51:00,0.85,16207,United Kingdom,False
575176,20780,BLACK EAR MUFF HEADPHONES,1,2011-11-08 18:29:00,10.79,,United Kingdom,False
546788,21730,GLASS STAR FROSTED T-LIGHT HOLDER,6,2011-03-17 10:02:00,4.95,13946,United Kingdom,False
542401,21329,DINOSAURS  WRITING SET,1,2011-01-27 15:51:00,1.65,14541,United Kingdom,False
543815,84459A,PINK METAL CHICKEN HEART,2,2011-02-13 15:18:00,1.49,17255,United Kingdom,False
579938,23274,STAR T-LIGHT HOLDER WILLIE WINKIE,12,2011-12-01 10:18:00,1.65,14146,United Kingdom,False
563939,84754,S/15 SILVER GLASS BAUBLES IN BAG,12,2011-08-22 09:28:00,1.25,14959,United Kingdom,False
557757,22221,CAKE STAND LOVEBIRD 2 TIER PINK,1,2011-06-22 13:28:00,9.95,14606,United Kingdom,False
543713,21929,JUMBO BAG PINK VINTAGE PAISLEY,9,2011-02-11 11:46:00,4.96,,United Kingdom,False
557129,21531,RED RETROSPOT SUGAR JAM BOWL,1,2011-06-16 19:59:00,2.55,17841,United Kingdom,False
545715,47566b,TEA TIME PARTY BUNTING,1,2011-03-07 10:13:00,8.29,,United Kingdom,False
555340,84692,BOX OF 24 COCKTAIL PARASOLS,15,2011-06-02 11:33:00,0.42,13334,United Kingdom,False
567981,21479,WHITE SKULL HOT WATER BOTTLE,3,2011-09-23 11:22:00,8.29,,United Kingdom,False
574258,23221,REINDEER HEART DECORATION SILVER,2,2011-11-03 13:50:00,0.83,16891,United Kingdom,False
547546,21232,STRAWBERRY CERAMIC TRINKET BOX,144,2011-03-23 15:26:00,1.06,13249,United Kingdom,False
578944,23530,WALL ART ONLY ONE PERSON,1,2011-11-27 13:41:00,4.95,16005,United Kingdom,False
562580,21588,RETROSPOT GIANT TUBE MATCHES,12,2011-08-07 13:31:00,2.55,14024,United Kingdom,False
579161,21034,REX CASH+CARRY JUMBO SHOPPER,5,2011-11-28 13:56:00,0.95,17379,United Kingdom,False
559061,20674,GREEN POLKADOT BOWL,2,2011-07-06 10:04:00,1.25,17220,United Kingdom,False
572662,21889,WOODEN BOX OF DOMINOES,2,2011-10-25 12:54:00,1.25,15443,United Kingdom,False
539856,20719,WOODLAND CHARLOTTE BAG,1,2010-12-22 14:41:00,0.0,,United Kingdom,False
540247,22382,LUNCH BAG SPACEBOY DESIGN,3,2011-01-05 15:56:00,1.65,15464,United Kingdom,False
549546,22491,PACK OF 12 COLOURED PENCILS,12,2011-04-10 11:24:00,0.85,16889,United Kingdom,False
573076,23389,SPACEBOY MINI BACKPACK,4,2011-10-27 14:05:00,4.15,13488,United Kingdom,False
576690,23370,SET 36 COLOURING PENCILS DOILY,3,2011-11-16 12:19:00,1.25,15900,United Kingdom,False
565734,23028,DRAWER KNOB CRACKLE GLAZE BLUE,12,2011-09-06 12:15:00,1.65,17191,United Kingdom,False
555150,23175,REGENCY MILK JUG PINK,1,2011-05-31 15:53:00,7.46,,United Kingdom,False
576604,23075,PARLOUR CERAMIC WALL HOOK,18,2011-11-15 15:23:00,4.15,13435,United Kingdom,False
561391,22355,CHARLOTTE BAG SUKI DESIGN,10,2011-07-27 09:59:00,0.85,16628,United Kingdom,False
544819,22091,EMPIRE TISSUE BOX,1,2011-02-23 17:15:00,1.25,12748,United Kingdom,False
573355,23284,DOORMAT KEEP CALM AND COME IN,2,2011-10-30 12:43:00,8.25,15865,United Kingdom,False
580678,16238,PARTY TIME PENCIL ERASERS,1,2011-12-05 14:49:00,0.21,18015,United Kingdom,False
537240,20726,LUNCH BAG WOODLAND,2,2010-12-06 10:08:00,4.21,,United Kingdom,False
559325,23133,LARGE IVORY HEART WALL ORGANISER,2,2011-07-07 15:06:00,8.25,17560,United Kingdom,False
558086,85152,HAND OVER THE CHOCOLATE   SIGN,1,2011-06-26 11:58:00,2.1,16728,United Kingdom,False
555416,22030,SWALLOWS GREETING CARD,12,2011-06-03 10:15:00,0.42,14408,United Kingdom,False
555397,22953,BIRTHDAY PARTY CORDON BARRIER TAPE,2,2011-06-02 17:26:00,2.46,,United Kingdom,False
537760,21428,SET3 BOOK BOX GREEN GINGHAM FLOWER,4,2010-12-08 11:42:00,4.25,15973,United Kingdom,False
547362,84858C,PINK RIVIERA HANDBAG,30,2011-03-22 12:33:00,1.25,13694,United Kingdom,False
561651,21894,POTTING SHED SEED ENVELOPES,2,2011-07-28 15:36:00,2.46,,United Kingdom,False
544770,22179,SET 10 LIGHTS NIGHT OWL,1,2011-02-23 11:11:00,13.29,,United Kingdom,False
574240,23232,WRAP VINTAGE LEAF DESIGN,25,2011-11-03 12:45:00,0.42,15998,United Kingdom,False
546738,22090,PAPER BUNTING RETROSPOT,40,2011-03-16 11:57:00,2.55,16422,United Kingdom,False
570703,47591D,PINK FAIRY CAKE CHILDRENS APRON,8,2011-10-12 09:50:00,1.95,14911,EIRE,False
563351,23327,HANGING CLEAR MINI BOTTLE,24,2011-08-15 14:17:00,0.63,16902,United Kingdom,False
552229,22556,PLASTERS IN TIN CIRCUS PARADE,1,2011-05-06 15:40:00,3.29,,United Kingdom,False
572866,21231,SWEETHEART CERAMIC TRINKET BOX,4,2011-10-26 13:07:00,1.25,15005,United Kingdom,False
545995,21122,SET/10 PINK POLKADOT PARTY CANDLES,4,2011-03-08 13:54:00,1.25,15023,United Kingdom,False
578244,84991,60 TEATIME FAIRY CAKE CASES,24,2011-11-23 12:36:00,0.55,15727,United Kingdom,False
559455,22716,CARD CIRCUS PARADE,12,2011-07-08 12:34:00,0.42,13018,United Kingdom,False
537023,22509,SEWING BOX RETROSPOT DESIGN,1,2010-12-03 16:02:00,16.95,16725,United Kingdom,False
541018,72802C,VANILLA SCENT CANDLE JEWELLED BOX,1,2011-01-13 12:03:00,4.25,14978,United Kingdom,False
543533,22364,GLASS JAR DIGESTIVE BISCUITS,1,2011-02-09 13:00:00,5.79,,United Kingdom,False
577358,21012,ANTIQUE ALL GLASS CANDLESTICK,4,2011-11-18 15:59:00,2.46,,United Kingdom,False
571696,22178,VICTORIAN GLASS HANGING T-LIGHT,6,2011-10-18 14:47:00,1.95,15604,United Kingdom,False
573924,23517,EMBROIDERED RIBBON REEL REBECCA,6,2011-11-02 09:45:00,2.89,15065,United Kingdom,False
542147,21217,RED RETROSPOT ROUND CAKE TINS,1,2011-01-26 10:02:00,9.95,12782,Portugal,False
574474,75049L,LARGE CIRCULAR MIRROR MOBILE,3,2011-11-04 12:05:00,1.25,17979,United Kingdom,False
578344,84247E,PACK OF 12 CHRISTMAS FUN CARDS,4,2011-11-24 09:21:00,2.46,,United Kingdom,False
552278,22914,BLUE COAT RACK PARIS FASHION,1,2011-05-08 12:36:00,4.95,15059,United Kingdom,False
561192,22644,CERAMIC CHERRY CAKE MONEY BANK,4,2011-07-25 13:45:00,1.45,16033,United Kingdom,False
551137,21754,HOME BUILDING BLOCK WORD,1,2011-04-26 13:05:00,5.95,15581,United Kingdom,False
569965,22588,CARD HOLDER GINGHAM HEART,2,2011-10-06 18:47:00,2.89,18109,United Kingdom,False
575138,22992,REVOLVER WOODEN RULER,1,2011-11-08 15:24:00,3.75,,United Kingdom,False
548406,21498,RED RETROSPOT WRAP,25,2011-03-31 09:57:00,0.34,15061,United Kingdom,False
558056,21794,CLASSIC FRENCH STYLE BASKET NATURAL,8,2011-06-24 14:54:00,3.95,15186,United Kingdom,False
555583,21524,DOORMAT SPOTTY HOME SWEET HOME,2,2011-06-06 09:03:00,7.95,13534,United Kingdom,False
551152,84991,60 TEATIME FAIRY CAKE CASES,10,2011-04-26 14:47:00,0.55,13230,United Kingdom,False
581193,23290,SPACEBOY CHILDRENS BOWL,2,2011-12-07 17:05:00,1.25,17097,Spain,False
568152,22665,RECIPE BOX BLUE SKETCHBOOK DESIGN,1,2011-09-25 11:40:00,2.95,16480,United Kingdom,False
536592,22746,POPPY'S PLAYHOUSE LIVINGROOM,2,2010-12-01 17:06:00,4.21,,United Kingdom,False
581414,22212,FOUR HOOK  WHITE LOVEBIRDS,2,2011-12-08 14:39:00,2.1,14730,United Kingdom,False
559299,84596F,SMALL MARSHMALLOWS PINK BOWL,16,2011-07-07 12:39:00,0.42,16929,United Kingdom,False
564972,23436,VINTAGE CHRISTMAS GIFT BAG LARGE,12,2011-08-31 15:30:00,1.25,12621,Germany,False
539307,20801,LARGE PINK GLASS SUNDAE DISH,32,2010-12-16 17:43:00,0.75,13694,United Kingdom,False
552839,21980,PACK OF 12 RED RETROSPOT TISSUES,12,2011-05-11 14:25:00,0.29,14367,United Kingdom,False
540350,22722,SET OF 6 SPICE TINS PANTRY DESIGN,1,2011-01-06 14:14:00,3.95,18283,United Kingdom,False
568788,23236,STORAGE TIN VINTAGE DOILY,1,2011-09-29 09:23:00,2.89,17894,United Kingdom,False
576251,23421,PANTRY HOOK SPATULA,4,2011-11-14 13:51:00,2.08,16207,United Kingdom,False
577107,85179A,GREEN BITTY LIGHT CHAIN,24,2011-11-17 17:30:00,1.25,16558,United Kingdom,False
559068,22465,HANGING METAL STAR LANTERN,1,2011-07-06 10:41:00,1.65,17841,United Kingdom,False
552684,85099B,JUMBO BAG RED RETROSPOT,4,2011-05-10 15:09:00,4.13,,United Kingdom,False
568060,21121,SET/10 RED POLKADOT PARTY CANDLES,2,2011-09-23 13:11:00,1.25,14546,United Kingdom,False
566451,22675,FRENCH KITCHEN SIGN BLUE METAL,1,2011-09-12 16:14:00,1.25,18069,United Kingdom,False
574740,22712,CARD DOLLY GIRL,24,2011-11-06 16:07:00,0.42,12357,Switzerland,False
544647,22718,CARD CAT AND TREE,36,2011-02-22 12:13:00,0.42,14060,United Kingdom,False
580729,20719,WOODLAND CHARLOTTE BAG,1,2011-12-05 17:24:00,1.63,,United Kingdom,False
559163,22232,JIGSAW TOADSTOOLS 3 PIECE,1,2011-07-06 16:33:00,1.25,,United Kingdom,False
548400,23184,BULL DOG BOTTLE OPENER,3,2011-03-30 17:33:00,4.95,17400,United Kingdom,False
566929,23548,WRAP MAGIC FOREST,25,2011-09-15 15:21:00,0.42,17428,United Kingdom,False
558639,22366,DOORMAT AIRMAIL,4,2011-07-01 08:55:00,7.95,13492,Switzerland,False
540568,21427,SKULLS STORAGE BOX SMALL,3,2011-01-10 11:22:00,2.1,15039,United Kingdom,False
538095,22695,WICKER WREATH SMALL,1,2010-12-09 14:55:00,1.45,17097,Spain,False
556881,21586,KINGS CHOICE GIANT TUBE MATCHES,12,2011-06-15 12:15:00,2.1,17389,United Kingdom,False
576379,22945,CHRISTMAS METAL TAGS ASSORTED,12,2011-11-15 09:21:00,0.85,16423,United Kingdom,False
577768,22075,6 RIBBONS ELEGANT CHRISTMAS,3,2011-11-21 15:18:00,1.63,,United Kingdom,False
C572228,22835,HOT WATER BOTTLE I AM SO POORLY,-2,2011-10-21 14:03:00,4.65,15728,United Kingdom,True
560104,23093,SMALL PARISIENNE HEART PHOTO FRAME,2,2011-07-14 18:56:00,2.49,17921,United Kingdom,False
578041,21288,STRIPEY CHOCOLATE NESTING BOXES,3,2011-11-22 14:23:00,2.95,17338,United Kingdom,False
563557,84378,SET OF 3 HEART COOKIE CUTTERS,12,2011-08-17 13:33:00,1.25,15786,United Kingdom,False
560368,20726,LUNCH BAG WOODLAND,1,2011-07-18 12:25:00,1.65,17841,United Kingdom,False
574714,22434,BALLOON PUMP WITH 10 BALLOONS,3,2011-11-06 14:29:00,1.95,15427,United Kingdom,False
541410,22963,JAM JAR WITH GREEN LID,12,2011-01-17 16:06:00,0.85,13089,United Kingdom,False
559357,23203,JUMBO BAG DOILEY PATTERNS,10,2011-07-07 18:56:00,2.08,17107,United Kingdom,False
576051,22720,SET OF 3 CAKE TINS PANTRY DESIGN,12,2011-11-13 14:45:00,4.95,14911,EIRE,False
569202,22550,HOLIDAY FUN LUDO,1,2011-09-30 17:22:00,7.46,,United Kingdom,False
579100,23526,WALL ART DOG LICENCE,4,2011-11-28 11:27:00,5.95,13004,United Kingdom,False
574673,23196,VINTAGE LEAF MAGNETIC NOTEPAD,4,2011-11-06 12:26:00,1.45,15555,United Kingdom,False
553412,22597,MUSICAL ZINC HEART DECORATION,12,2011-05-17 09:40:00,0.85,14344,United Kingdom,False
560603,22693,GROW A FLYTRAP OR SUNFLOWER IN TIN,24,2011-07-20 08:59:00,1.25,18180,United Kingdom,False
575164,23286,BLUE VINTAGE SPOT BEAKER,8,2011-11-08 16:55:00,0.85,18216,United Kingdom,False
569789,23356,LOVE HOT WATER BOTTLE,4,2011-10-06 11:41:00,5.95,16924,United Kingdom,False
539663,22461,SAVOY ART DECO CLOCK,1,2010-12-21 10:26:00,12.75,17961,United Kingdom,False
544112,21930,JUMBO STORAGE BAG SKULLS,10,2011-02-16 11:37:00,1.95,15039,United Kingdom,False
570445,22900,SET 2 TEA TOWELS I LOVE LONDON,1,2011-10-10 14:42:00,3.25,12748,United Kingdom,False
580287,23501,KEY RING BASEBALL BOOT UNION JACK,5,2011-12-02 13:28:00,1.25,14594,United Kingdom,False
562031,22799,SWEETHEART WIRE FRUIT BOWL,2,2011-08-01 17:37:00,8.5,16984,United Kingdom,False
579170,21212,PACK OF 72 RETROSPOT CAKE CASES,1,2011-11-28 14:26:00,0.55,17811,United Kingdom,False
574509,23014,GLASS APOTHECARY BOTTLE ELIXIR,3,2011-11-04 13:25:00,3.95,16012,United Kingdom,False
581149,22196,SMALL HEART MEASURING SPOONS,1,2011-12-07 14:12:00,0.85,15471,United Kingdom,False
538815,21754,HOME BUILDING BLOCK WORD,3,2010-12-14 12:30:00,5.95,18219,United Kingdom,False
544495,84509A,SET OF 4 ENGLISH ROSE PLACEMATS,4,2011-02-21 11:42:00,3.75,12766,Portugal,False
542272,22548,HEADS AND TAILS SPORTING FUN,12,2011-01-27 09:42:00,1.25,16496,United Kingdom,False
581412,22852,DOG BOWL VINTAGE CREAM,1,2011-12-08 14:38:00,4.25,14415,United Kingdom,False
544634,84997B,CHILDRENS CUTLERY RETROSPOT RED,2,2011-02-22 11:02:00,4.15,17994,United Kingdom,False
565788,22576,SWALLOW WOODEN CHRISTMAS DECORATION,12,2011-09-07 08:18:00,0.85,13210,United Kingdom,False
557026,22209,WOOD STAMP SET HAPPY BIRTHDAY,12,2011-06-16 13:14:00,0.83,16571,United Kingdom,False
560264,22457,NATURAL SLATE HEART CHALKBOARD,6,2011-07-17 13:46:00,2.95,12833,United Kingdom,False
549018,21386,IVORY HANGING DECORATION  EGG,12,2011-04-05 15:21:00,0.85,17492,United Kingdom,False
559062,22398,MAGNETS PACK OF 4 SWALLOWS,12,2011-07-06 10:09:00,0.39,13253,United Kingdom,False
539225,21756,BATH BUILDING BLOCK WORD,3,2010-12-16 13:02:00,5.95,15379,United Kingdom,False
559055,23200,JUMBO BAG PEARS,11,2011-07-05 17:09:00,2.08,,United Kingdom,False
546028,21922,UNION STRIPE WITH FRINGE  HAMMOCK,4,2011-03-09 08:33:00,7.95,17049,United Kingdom,False
552520,22411,JUMBO SHOPPER VINTAGE RED PAISLEY,1,2011-05-09 16:34:00,4.13,,United Kingdom,False
578844,23100,SILVER BELLS TABLE DECORATION,1,2011-11-25 16:14:00,2.46,,United Kingdom,False
543993,21670,BLUE SPOT CERAMIC DRAWER KNOB,12,2011-02-15 10:40:00,1.25,17612,United Kingdom,False
570688,21786,POLKADOT RAIN HAT,1,2011-10-11 16:29:00,0.83,,United Kingdom,False
561625,22662,LUNCH BAG DOLLY GIRL DESIGN,20,2011-07-28 14:03:00,1.65,16843,United Kingdom,False
572301,22722,SET OF 6 SPICE TINS PANTRY DESIGN,1,2011-10-23 14:41:00,3.95,16794,United Kingdom,False
554694,21080,SET/20 RED RETROSPOT PAPER NAPKINS,32,2011-05-25 17:06:00,1.63,,United Kingdom,False
575888,POST,POSTAGE,3,2011-11-11 14:04:00,18.0,12517,Germany,False
578941,22488,NATURAL SLATE RECTANGLE CHALKBOARD,4,2011-11-27 13:26:00,1.65,16024,United Kingdom,False
560644,22227,HANGING HEART MIRROR DECORATION,10,2011-07-20 11:22:00,0.65,16271,United Kingdom,False
580999,22755,SMALL PURPLE BABUSHKA NOTEBOOK,1,2011-12-06 17:49:00,0.21,17883,United Kingdom,False
577698,21947,SET OF 6 HEART CHOPSTICKS,2,2011-11-21 12:05:00,1.25,14963,United Kingdom,False
564335,22632,HAND WARMER RED RETROSPOT,1,2011-08-24 14:23:00,2.1,15800,United Kingdom,False
569417,23256,CHILDRENS CUTLERY SPACEBOY,4,2011-10-04 10:29:00,4.15,17629,United Kingdom,False
557268,21790,VINTAGE SNAP CARDS,6,2011-06-19 11:26:00,0.85,13097,United Kingdom,False
564166,22983,CARD BILLBOARD FONT,12,2011-08-23 13:40:00,0.42,15089,United Kingdom,False
573379,23100,SILVER BELLS TABLE DECORATION,24,2011-10-30 14:03:00,1.25,15680,United Kingdom,False
564857,22812,PACK 3 BOXES CHRISTMAS PANNETONE,1,2011-08-31 09:23:00,4.96,,United Kingdom,False
546884,22189,CREAM HEART CARD HOLDER,1,2011-03-17 18:08:00,8.29,,United Kingdom,False
550193,22321,BIRD DECORATION RED RETROSPOT,24,2011-04-15 09:27:00,0.85,13952,United Kingdom,False
561570,48116,DOORMAT MULTICOLOUR STRIPE,2,2011-07-28 10:24:00,7.95,14289,United Kingdom,False
561877,23203,JUMBO BAG DOILEY PATTERNS,2,2011-07-31 12:16:00,2.08,16401,United Kingdom,False
566932,85123A,WHITE HANGING HEART T-LIGHT HOLDER,1,2011-09-15 15:29:00,2.95,17576,United Kingdom,False
563931,23295,SET OF 12 MINI LOAF BAKING CASES,12,2011-08-21 15:49:00,0.83,14895,United Kingdom,False
543235,47504K,ENGLISH ROSE GARDEN SECATEURS,2,2011-02-04 13:30:00,1.95,14462,United Kingdom,False
553485,23056,FLOWERS CHANDELIER T-LIGHT HOLDER,1,2011-05-17 12:25:00,6.25,13208,United Kingdom,False
569224,22555,PLASTERS IN TIN STRONGMAN,2,2011-10-02 14:00:00,1.65,15701,United Kingdom,False
570818,21985,PACK OF 12 HEARTS DESIGN TISSUES,12,2011-10-12 12:47:00,0.39,17841,United Kingdom,False
538566,22196,SMALL HEART MEASURING SPOONS,1,2010-12-13 11:21:00,1.66,,United Kingdom,False
552662,21930,JUMBO STORAGE BAG SKULLS,2,2011-05-10 15:04:00,4.96,,United Kingdom,False
544323,21829,DINOSAUR KEYRINGS ASSORTED,1,2011-02-17 15:51:00,0.42,,United Kingdom,False
560024,37413,ICON MUG REVOLUTIONARY,2,2011-07-14 13:00:00,0.39,15005,United Kingdom,False
544465,22624,IVORY KITCHEN SCALES,1,2011-02-20 15:06:00,8.5,13168,United Kingdom,False
559052,21967,PACK OF 12 SKULL TISSUES,1,2011-07-05 16:53:00,0.83,,United Kingdom,False
563556,23208,LUNCH BAG VINTAGE LEAF DESIGN,10,2011-08-17 13:31:00,1.65,17706,United Kingdom,False
580397,23493,VINTAGE DOILY TRAVEL SEWING KIT,2,2011-12-04 11:24:00,1.95,13558,United Kingdom,False
558904,23220,REINDEER HEART DECORATION GOLD,1,2011-07-04 16:18:00,1.63,,United Kingdom,False
563833,82582,AREA PATROLLED METAL SIGN,12,2011-08-19 12:49:00,2.1,14755,United Kingdom,False
537641,21874,GIN AND TONIC MUG,1,2010-12-07 15:32:00,3.36,,United Kingdom,False
573369,23308,SET OF 60 VINTAGE LEAF CAKE CASES,1,2011-10-30 13:19:00,0.55,16049,United Kingdom,False
546425,21454,PAINTED PINK RABBIT,24,2011-03-13 13:36:00,0.85,16983,United Kingdom,False
540551,84879,ASSORTED COLOUR BIRD ORNAMENT,8,2011-01-10 09:43:00,3.19,,United Kingdom,False
556915,23103,JINGLE BELL HEART DECORATION,4,2011-06-15 13:35:00,1.65,15036,United Kingdom,False
560356,23209,LUNCH BAG DOILEY PATTERN,10,2011-07-18 11:41:00,1.65,16875,United Kingdom,False
580612,22418,10 COLOUR SPACEBOY PEN,1,2011-12-05 11:58:00,2.46,,United Kingdom,False
550675,84978,HANGING HEART JAR T-LIGHT HOLDER,24,2011-04-20 10:39:00,1.25,15260,United Kingdom,False
547652,21445,12 PINK ROSE PEG PLACE SETTINGS,96,2011-03-24 12:15:00,1.25,14606,United Kingdom,False
538349,84459A,PINK METAL CHICKEN HEART,1,2010-12-10 14:59:00,3.36,,United Kingdom,False
576667,21201,TROPICAL  HONEYCOMB PAPER GARLAND,12,2011-11-16 11:48:00,2.55,12963,United Kingdom,False
566674,22751,FELTCRAFT PRINCESS OLIVIA DOLL,4,2011-09-14 11:41:00,3.75,15105,United Kingdom,False
560437,21918,SET 12 KIDS COLOUR  CHALK STICKS,24,2011-07-18 16:05:00,0.42,13940,United Kingdom,False
546659,84947,ANTIQUE SILVER TEA GLASS ENGRAVED,12,2011-03-15 14:25:00,1.25,16996,United Kingdom,False
543045,85175,CACTI T-LIGHT CANDLES,16,2011-02-03 09:04:00,0.42,14309,United Kingdom,False
555393,71477,COLOUR GLASS. STAR T-LIGHT HOLDER,4,2011-06-02 17:00:00,3.25,14221,United Kingdom,False
569887,21484,CHICK GREY HOT WATER BOTTLE,4,2011-10-06 15:28:00,4.25,13882,United Kingdom,False
565396,21677,HEARTS  STICKERS,1,2011-09-02 16:39:00,1.63,,United Kingdom,False
541219,85017B,ENVELOPE 50 BLOSSOM IMAGES,1,2011-01-14 14:06:00,0.83,,United Kingdom,False
564856,21672,WHITE SPOT RED CERAMIC DRAWER KNOB,12,2011-08-31 09:11:00,1.25,12477,Germany,False
573576,21947,SET OF 6 HEART CHOPSTICKS,3,2011-10-31 14:09:00,2.46,14096,United Kingdom,False
572932,22411,JUMBO SHOPPER VINTAGE RED PAISLEY,10,2011-10-27 10:14:00,2.08,15791,United Kingdom,False
545217,22839,3 TIER CAKE TIN GREEN AND CREAM,1,2011-02-28 16:59:00,29.17,,United Kingdom,False
580528,22754,SMALL RED BABUSHKA NOTEBOOK,24,2011-12-04 15:28:00,0.21,14911,EIRE,False
560595,22998,TRAVEL CARD WALLET KEEP CALM,480,2011-07-19 16:45:00,0.36,16656,United Kingdom,False
549448,22686,FRENCH BLUE METAL DOOR SIGN NO,12,2011-04-08 14:07:00,1.25,13078,United Kingdom,False
540098,84032A,CHARLIE+LOLA PINK HOT WATER BOTTLE,1,2011-01-04 15:50:00,2.95,16241,United Kingdom,False
558777,21790,VINTAGE SNAP CARDS,2,2011-07-04 10:23:00,1.63,,United Kingdom,False
555124,22629,SPACEBOY LUNCH BOX,2,2011-05-31 15:26:00,1.95,18204,United Kingdom,False
572744,21058,PARTY INVITES WOODLAND,3,2011-10-25 16:14:00,0.85,14085,United Kingdom,False
542965,35400,,2,2011-02-02 11:22:00,0.0,,United Kingdom,False
538374,20723,STRAWBERRY CHARLOTTE BAG,1,2010-12-12 11:17:00,0.85,14159,United Kingdom,False
556413,85135C,RED DRAGONFLY HELICOPTER,1,2011-06-10 12:01:00,7.95,16005,United Kingdom,False
545559,22138,BAKING SET 9 PIECE RETROSPOT,1,2011-03-03 15:31:00,4.95,15005,United Kingdom,False
567509,22948,METAL DECORATION NAUGHTY CHILDREN,24,2011-09-20 14:51:00,0.72,14298,United Kingdom,False
539317,22196,SMALL HEART MEASURING SPOONS,1,2010-12-16 19:04:00,0.85,17392,United Kingdom,False
537915,21889,WOODEN BOX OF DOMINOES,12,2010-12-09 10:55:00,1.25,12797,Portugal,False
558535,23052,RECYCLED ACAPULCO MAT TURQUOISE,2,2011-06-30 12:04:00,8.25,16904,United Kingdom,False
573112,22791,T-LIGHT GLASS FLUTED ANTIQUE,12,2011-10-27 15:33:00,1.25,16416,United Kingdom,False
C555196,85213,MINI  ZINC GARDEN DECORATIONS,-1,2011-06-01 11:40:00,0.85,14606,United Kingdom,True
561081,22784,LANTERN CREAM GAZEBO,2,2011-07-24 16:15:00,4.95,13230,United Kingdom,False
563557,84987,SET OF 36 TEATIME PAPER DOILIES,12,2011-08-17 13:33:00,1.45,15786,United Kingdom,False
577358,23205,CHARLOTTE BAG VINTAGE ALPHABET,2,2011-11-18 15:59:00,1.63,,United Kingdom,False
554382,22897,OVEN MITT APPLES DESIGN,2,2011-05-24 11:55:00,1.45,17365,United Kingdom,False
538744,22629,SPACEBOY LUNCH BOX,3,2010-12-14 11:26:00,1.95,15356,United Kingdom,False
541137,20971,PINK BLUE FELT CRAFT TRINKET BOX,24,2011-01-14 10:39:00,1.06,13777,United Kingdom,False
570177,22735,RIBBON REEL SOCKS AND MITTENS,10,2011-10-07 14:17:00,1.65,17509,United Kingdom,False
559831,84991,60 TEATIME FAIRY CAKE CASES,24,2011-07-13 09:58:00,0.55,14709,United Kingdom,False
574074,20828,GLITTER BUTTERFLY CLIPS,3,2011-11-02 15:33:00,4.96,,United Kingdom,False
563543,22383,LUNCH BAG SUKI DESIGN,4,2011-08-17 12:06:00,1.65,15039,United Kingdom,False
538177,22263,FELT EGG COSY LADYBIRD,1,2010-12-10 09:51:00,1.66,,United Kingdom,False
554511,84251B,"GREETING CARD, STICKY GORDON",1,2011-05-24 15:52:00,0.83,,United Kingdom,False
580613,23318,BOX OF 6 MINI VINTAGE CRACKERS,6,2011-12-05 12:03:00,2.49,14759,United Kingdom,False
544684,84978,HANGING HEART JAR T-LIGHT HOLDER,6,2011-02-22 16:32:00,2.46,,United Kingdom,False
544286,84792,ENCHANTED BIRD COATHANGER 5 HOOK,2,2011-02-17 12:29:00,4.65,13151,United Kingdom,False
557502,22465,HANGING METAL STAR LANTERN,1,2011-06-20 15:32:00,3.29,,United Kingdom,False
543097,22077,6 RIBBONS RUSTIC CHARM,1,2011-02-03 11:41:00,3.29,,United Kingdom,False
575085,22114,HOT WATER BOTTLE TEA AND SYMPATHY,2,2011-11-08 13:41:00,4.25,12849,United Kingdom,False
568069,23408,PHOTO FRAME LINEN AND LACE SMALL,6,2011-09-23 14:05:00,2.08,13336,United Kingdom,False
567508,22117,METAL SIGN HER DINNER IS SERVED,6,2011-09-20 14:50:00,2.95,17724,United Kingdom,False
551966,21904,HOUSE WRECKING METAL SIGN,1,2011-05-05 13:14:00,2.1,15356,United Kingdom,False
574700,23382,BOX OF 6 CHRISTMAS CAKE DECORATIONS,3,2011-11-06 13:53:00,3.75,16033,United Kingdom,False
C545329,M,MANUAL,-1,2011-03-01 15:47:00,183.75,12352,Norway,True
544565,72741,GRAND CHOCOLATECANDLE,9,2011-02-21 12:53:00,1.45,18055,United Kingdom,False
547385,22715,CARD WEDDING DAY,1,2011-03-22 15:48:00,0.83,,United Kingdom,False
539708,DOT,DOTCOM POSTAGE,1,2010-12-21 12:18:00,182.37,,United Kingdom,False
554999,15034,PAPER POCKET TRAVELING FAN,24,2011-05-29 15:44:00,0.14,15547,United Kingdom,False
579002,23371,SET 36 COLOUR PENCILS SPACEBOY,4,2011-11-27 16:27:00,1.25,14093,United Kingdom,False
542934,48138,DOORMAT UNION FLAG,10,2011-02-02 11:01:00,6.75,13093,United Kingdom,False
544676,22498,WOODEN REGATTA BUNTING,1,2011-02-22 16:03:00,5.95,17841,United Kingdom,False
573020,23375,50'S CHRISTMAS PAPER GIFT BAG,10,2011-10-27 12:37:00,0.82,14842,United Kingdom,False
544094,22333,RETROSPOT PARTY BAG + STICKER SET,16,2011-02-16 09:11:00,1.65,15810,United Kingdom,False
550469,21181,PLEASE ONE PERSON METAL SIGN,5,2011-04-18 13:46:00,2.1,16399,United Kingdom,False
573512,22970,LONDON BUS COFFEE MUG,36,2011-10-31 12:30:00,2.1,17951,United Kingdom,False
572859,22585,PACK OF 6 BIRDY GIFT TAGS,2,2011-10-26 12:39:00,1.25,16418,United Kingdom,False
558430,85099B,JUMBO BAG RED RETROSPOT,10,2011-06-29 12:12:00,2.08,13238,United Kingdom,False
570210,23159,SET OF 5 PANCAKE DAY MAGNETS,2,2011-10-09 10:48:00,2.08,13259,United Kingdom,False
575392,22041,"RECORD FRAME 7"" SINGLE SIZE",12,2011-11-09 15:42:00,2.55,14234,United Kingdom,False
566060,20914,SET/5 RED RETROSPOT LID GLASS BOWLS,1,2011-09-08 15:27:00,5.79,,United Kingdom,False
546417,23127,FELTCRAFT GIRL NICOLE KIT,3,2011-03-13 10:48:00,4.95,14800,United Kingdom,False
547078,21175,GIN + TONIC DIET METAL SIGN,24,2011-03-20 14:41:00,2.55,14408,United Kingdom,False
568999,23263,SET OF 3 WOODEN HEART DECORATIONS,12,2011-09-29 17:34:00,1.25,15949,United Kingdom,False
544393,20977,36 PENCILS TUBE WOODLAND,1,2011-02-18 11:56:00,1.25,16393,United Kingdom,False
573138,20725,LUNCH BAG RED RETROSPOT,4,2011-10-27 17:22:00,1.65,15023,United Kingdom,False
542517,22089,PAPER BUNTING VINTAGE PAISLEY,40,2011-01-28 12:11:00,2.55,13694,United Kingdom,False
572483,22966,GINGERBREAD MAN COOKIE CUTTER,1,2011-10-24 13:50:00,1.25,16444,United Kingdom,False
565397,23321,SMALL WHITE HEART OF WICKER,3,2011-09-02 16:43:00,1.65,14171,United Kingdom,False
558355,23168,CLASSIC CAFE SUGAR DISPENSER,4,2011-06-28 14:58:00,1.25,13614,United Kingdom,False
550169,22558,CLOTHES PEGS RETROSPOT PACK 24,1,2011-04-14 16:41:00,1.65,14482,United Kingdom,False
555942,22423,REGENCY CAKESTAND 3 TIER,2,2011-06-08 10:14:00,12.75,15743,United Kingdom,False
555340,22989,SET 2 PANTRY DESIGN TEA TOWELS,3,2011-06-02 11:33:00,3.25,13334,United Kingdom,False
568659,23234,BISCUIT TIN VINTAGE CHRISTMAS,6,2011-09-28 12:28:00,2.89,13516,United Kingdom,False
541219,21195,PINK  HONEYCOMB PAPER BALL,29,2011-01-14 14:06:00,1.63,,United Kingdom,False
573543,22575,METAL MERRY CHRISTMAS WREATH,2,2011-10-31 13:05:00,1.95,17777,United Kingdom,False
574619,82494L,WOODEN FRAME ANTIQUE WHITE,2,2011-11-06 11:18:00,2.95,15952,United Kingdom,False
559817,21084,SET/6 COLLAGE PAPER CUPS,3,2011-07-12 16:20:00,0.83,,United Kingdom,False
562203,23307,SET OF 60 PANTRY DESIGN CAKE CASES,24,2011-08-03 12:50:00,0.55,16102,United Kingdom,False
560224,85049D,BRIGHT BLUES RIBBONS,3,2011-07-15 16:06:00,1.25,14572,United Kingdom,False
581380,22910,PAPER CHAIN KIT VINTAGE CHRISTMAS,12,2011-12-08 12:52:00,2.95,13102,United Kingdom,False
576339,22735,RIBBON REEL SOCKS AND MITTENS,2,2011-11-14 15:27:00,3.29,14096,United Kingdom,False
559361,23284,DOORMAT KEEP CALM AND COME IN,1,2011-07-07 20:07:00,7.95,17312,United Kingdom,False
578067,22620,4 TRADITIONAL SPINNING TOPS,2,2011-11-22 15:43:00,2.46,,United Kingdom,False
542890,84970S,HANGING HEART ZINC T-LIGHT HOLDER,12,2011-02-01 13:25:00,0.85,15311,United Kingdom,False
577148,85175,CACTI T-LIGHT CANDLES,192,2011-11-18 09:43:00,0.36,13941,United Kingdom,False
537794,21791,VINTAGE HEADS AND TAILS CARD GAME,3,2010-12-08 13:01:00,1.25,16713,United Kingdom,False
555937,21987,PACK OF 6 SKULL PAPER CUPS,12,2011-06-08 09:39:00,0.65,12683,France,False
568101,22417,PACK OF 60 SPACEBOY CAKE CASES,24,2011-09-23 15:21:00,0.55,15978,United Kingdom,False
556527,22727,ALARM CLOCK BAKELIKE RED,1,2011-06-13 11:33:00,3.75,16205,United Kingdom,False
559016,15056BL,EDWARDIAN PARASOL BLACK,24,2011-07-05 13:01:00,5.95,14051,United Kingdom,False
564639,22751,FELTCRAFT PRINCESS OLIVIA DOLL,1,2011-08-26 12:55:00,3.75,18036,United Kingdom,False
571713,22815,CARD PSYCHEDELIC APPLES,3,2011-10-18 16:58:00,0.42,,United Kingdom,False
561515,22545,MINI JIGSAW BUNNIES,3,2011-07-27 15:16:00,0.83,,United Kingdom,False
580144,22620,4 TRADITIONAL SPINNING TOPS,12,2011-12-02 09:53:00,1.45,12684,France,False
C581145,M,MANUAL,-1,2011-12-07 13:48:00,9.95,17490,United Kingdom,True
556222,21096,SET/6 FRUIT SALAD  PAPER PLATES,7,2011-06-09 14:23:00,0.39,17522,United Kingdom,False
537240,85123A,WHITE HANGING HEART T-LIGHT HOLDER,9,2010-12-06 10:08:00,5.91,,United Kingdom,False
567656,22341,LOVE GARLAND PAINTED ZINC,1,2011-09-21 14:40:00,3.29,14096,United Kingdom,False
571629,23355,HOT WATER BOTTLE KEEP CALM,8,2011-10-18 11:18:00,4.95,13362,United Kingdom,False
562104,21238,RED RETROSPOT CUP,4,2011-08-02 14:31:00,1.63,,United Kingdom,False
574032,22736,RIBBON REEL MAKING SNOWMEN,5,2011-11-02 12:37:00,1.65,17754,United Kingdom,False
570410,22991,GIRAFFE WOODEN RULER,2,2011-10-10 13:04:00,1.95,16776,United Kingdom,False
575955,23265,SET OF 3 WOODEN TREE DECORATIONS,3,2011-11-13 12:05:00,1.25,14044,United Kingdom,False
557247,23174,REGENCY SUGAR BOWL GREEN,12,2011-06-17 15:09:00,4.15,12731,France,False
571030,23351,ROLL WRAP 50'S CHRISTMAS,12,2011-10-13 12:26:00,1.25,12876,Belgium,False
546215,22384,LUNCH BAG PINK POLKADOT,2,2011-03-10 11:52:00,1.65,14713,United Kingdom,False
566571,23302,KNEELING MAT HOUSEWORK  DESIGN,12,2011-09-13 12:49:00,1.65,17037,United Kingdom,False
540700,22383,LUNCH BAG SUKI  DESIGN,10,2011-01-11 09:47:00,1.65,12393,Australia,False
553894,21673,WHITE SPOT BLUE CERAMIC DRAWER KNOB,12,2011-05-19 17:15:00,1.25,13658,United Kingdom,False
579629,22367,CHILDRENS APRON SPACEBOY DESIGN,2,2011-11-30 12:16:00,1.95,14963,United Kingdom,False
578827,22738,RIBBON REEL SNOWY VILLAGE,3,2011-11-25 14:25:00,3.29,,United Kingdom,False
571142,22271,FELTCRAFT DOLL ROSIE,12,2011-10-14 10:21:00,2.95,14567,United Kingdom,False
547400,82580,BATHROOM METAL SIGN,1,2011-03-22 16:56:00,1.25,,United Kingdom,False
577150,22110,BIRD HOUSE HOT WATER BOTTLE,3,2011-11-18 09:48:00,5.79,,United Kingdom,False
559698,21034,REX CASH+CARRY JUMBO SHOPPER,4,2011-07-11 17:07:00,0.95,17589,United Kingdom,False
557872,23111,PARISIENNE SEWING BOX,1,2011-06-23 12:42:00,12.5,14911,EIRE,False
574737,22867,HAND WARMER BIRD DESIGN,12,2011-11-06 15:53:00,2.1,14868,United Kingdom,False
557119,22507,MEMO BOARD RETROSPOT  DESIGN,4,2011-06-16 17:08:00,4.95,17416,United Kingdom,False
536639,84029G,KNITTED UNION FLAG HOT WATER BOTTLE,4,2010-12-02 11:45:00,3.75,15111,United Kingdom,False
553389,22502,PICNIC BASKET WICKER SMALL,1,2011-05-16 16:37:00,10.79,,United Kingdom,False
563940,22382,LUNCH BAG SPACEBOY DESIGN,10,2011-08-22 09:30:00,1.65,17416,United Kingdom,False
575089,23492,VINTAGE JINGLE BELLS WREATH,2,2011-11-08 14:02:00,8.25,13437,United Kingdom,False
546973,21977,PACK OF 60 PINK PAISLEY CAKE CASES,1,2011-03-18 12:07:00,2.08,,United Kingdom,False
553490,22383,LUNCH BAG SUKI DESIGN,10,2011-05-17 12:44:00,1.65,13309,United Kingdom,False
553228,21917,SET 12 KIDS  WHITE CHALK STICKS,24,2011-05-16 10:48:00,0.42,16496,United Kingdom,False
555549,22804,CANDLEHOLDER PINK HANGING HEART,2,2011-06-05 13:24:00,2.95,13637,United Kingdom,False
578022,21914,BLUE HARMONICA IN BOX,1,2011-11-22 13:25:00,1.25,17371,United Kingdom,False
569568,22989,SET 2 PANTRY DESIGN TEA TOWELS,6,2011-10-05 09:57:00,3.25,12700,France,False
569334,20975,12 PENCILS SMALL TUBE RED RETROSPOT,384,2011-10-03 13:53:00,0.55,12931,United Kingdom,False
552284,84879,ASSORTED COLOUR BIRD ORNAMENT,80,2011-05-08 12:48:00,1.69,18149,United Kingdom,False
563193,21070,VINTAGE BILLBOARD MUG,1,2011-08-12 16:30:00,2.46,,United Kingdom,False
559051,22248,DECORATION  PINK CHICK MAGIC GARDEN,1,2011-07-05 16:47:00,0.83,,United Kingdom,False
554082,22139,RETROSPOT TEA SET CERAMIC 11 PC,5,2011-05-22 11:49:00,4.95,14878,United Kingdom,False
561894,85024B,EAU DE NILE JEWELLED PHOTOFRAME,1,2011-07-31 15:00:00,1.65,14456,United Kingdom,False
540418,90209B,GREEN ENAMEL+GLASS HAIR COMB,1,2011-01-07 11:04:00,2.11,,United Kingdom,False
540687,85049G,CHOCOLATE BOX RIBBONS,2,2011-01-10 17:18:00,1.25,15867,United Kingdom,False
572096,21880,RED RETROSPOT TAPE,1,2011-10-20 15:20:00,0.65,16813,United Kingdom,False
575330,21803,CHRISTMAS TREE STAR DECORATION,36,2011-11-09 13:50:00,0.42,15152,United Kingdom,False
568095,90003E,GREEN PAIR HEART HAIR SLIDES,4,2011-09-23 14:49:00,3.75,14911,EIRE,False
572087,23159,SET OF 5 PANCAKE DAY MAGNETS,12,2011-10-20 14:30:00,2.08,12683,France,False
552538,22838,3 TIER CAKE TIN RED AND CREAM,1,2011-05-10 10:11:00,14.95,13692,United Kingdom,False
566518,35970,ZINC FOLKART SLEIGH BELLS,6,2011-09-13 11:24:00,1.69,17779,United Kingdom,False
563662,23254,CHILDRENS CUTLERY DOLLY GIRL,4,2011-08-18 11:40:00,4.15,12729,France,False
559052,21385,IVORY HANGING DECORATION  HEART,1,2011-07-05 16:53:00,1.63,,United Kingdom,False
571931,22597,MUSICAL ZINC HEART DECORATION,2,2011-10-19 16:59:00,0.83,,United Kingdom,False
545213,22150,3 STRIPEY MICE FELTCRAFT,6,2011-02-28 16:36:00,1.95,16518,United Kingdom,False
556671,22378,WALL TIDY RETROSPOT,1,2011-06-13 16:33:00,2.1,17841,United Kingdom,False
569541,21587,,48,2011-10-04 16:06:00,0.0,,United Kingdom,False
563753,21987,PACK OF 6 SKULL PAPER CUPS,12,2011-08-19 10:51:00,0.65,12513,France,False
551339,85094,CANDY SPOT EGG WARMER RABBIT,2,2011-04-27 17:18:00,0.83,,United Kingdom,False
562843,22720,SET OF 3 CAKE TINS PANTRY DESIGN,3,2011-08-09 17:37:00,10.79,,United Kingdom,False
536539,22867,HAND WARMER BIRD DESIGN,12,2010-12-01 14:03:00,2.1,15165,United Kingdom,False
574835,23534,STOP FOR TEA WALL ART,3,2011-11-07 11:31:00,5.95,13139,United Kingdom,False
539856,22624,IVORY KITCHEN SCALES,3,2010-12-22 14:41:00,0.0,,United Kingdom,False
568690,21980,PACK OF 12 RED RETROSPOT TISSUES,12,2011-09-28 14:43:00,0.39,16332,United Kingdom,False
575038,23215,JINGLE BELL HEART ANTIQUE SILVER,96,2011-11-08 11:51:00,1.79,18135,United Kingdom,False
575607,20971,PINK BLUE FELT CRAFT TRINKET BOX,1,2011-11-10 12:37:00,2.46,14096,United Kingdom,False
574485,82583,HOT BATHS METAL SIGN,72,2011-11-04 12:56:00,1.85,13798,United Kingdom,False
575730,21787,RAIN PONCHO RETROSPOT,1,2011-11-10 19:53:00,0.85,14765,United Kingdom,False
559795,23086,ZINC  STAR T-LIGHT HOLDER,16,2011-07-12 13:26:00,1.25,17268,United Kingdom,False
575855,21668,RED STRIPE CERAMIC DRAWER KNOB,1,2011-11-11 12:24:00,1.45,14527,United Kingdom,False
566085,84375,SET OF 20 KIDS COOKIE CUTTERS,1,2011-09-09 10:12:00,2.1,17841,United Kingdom,False
567474,21034,REX CASH+CARRY JUMBO SHOPPER,2,2011-09-20 12:53:00,0.95,13448,United Kingdom,False
559684,20712,JUMBO BAG WOODLAND ANIMALS,10,2011-07-11 15:05:00,2.08,14367,United Kingdom,False
549558,85014A,BLACK/BLUE POLKADOT UMBRELLA,1,2011-04-10 13:21:00,5.95,15058,United Kingdom,False
559549,84946,ANTIQUE SILVER T-LIGHT GLASS,4,2011-07-10 15:25:00,1.25,13230,United Kingdom,False
539745,21218,RED SPOTTY BISCUIT TIN,2,2010-12-21 15:21:00,8.47,,United Kingdom,False
562134,22722,,1,2011-08-03 09:50:00,0.0,,United Kingdom,False
566040,POST,POSTAGE,2,2011-09-08 13:38:00,28.0,12540,Spain,False
571313,21231,SWEETHEART CERAMIC TRINKET BOX,72,2011-10-17 10:42:00,1.06,14156,EIRE,False
545411,22697,GREEN REGENCY TEACUP AND SAUCER,4,2011-03-02 12:21:00,2.95,16128,United Kingdom,False
574098,22587,FELTCRAFT HAIRBAND RED AND BLUE,12,2011-11-03 10:03:00,0.85,16337,United Kingdom,False
550496,21715,GIRLS VINTAGE TIN SEASIDE BUCKET,5,2011-04-18 15:05:00,4.96,,United Kingdom,False
546993,21166,COOK WITH WINE METAL SIGN,2,2011-03-18 13:19:00,2.08,17921,United Kingdom,False
568104,82484,WOOD BLACK BOARD ANT WHITE FINISH,2,2011-09-23 15:50:00,7.95,16485,United Kingdom,False
577768,21390,FILIGRIS HEART WITH BUTTERFLY,1,2011-11-21 15:18:00,2.46,,United Kingdom,False
580115,22154,ANGEL DECORATION 3 BUTTONS,7,2011-12-01 16:22:00,0.83,,United Kingdom,False
556072,22570,FELTCRAFT CUSHION RABBIT,16,2011-06-08 14:57:00,3.75,16126,United Kingdom,False
576618,90170,DAISY HAIR BAND,1,2011-11-15 17:00:00,1.65,,United Kingdom,False
557675,22418,10 COLOUR SPACEBOY PEN,48,2011-06-22 10:27:00,0.85,,Hong Kong,False
550332,21246,RED RETROSPOT BIG BOWL,1,2011-04-17 13:53:00,4.95,13474,United Kingdom,False
565840,23293,SET OF 12 FAIRY CAKE BAKING CASES,1,2011-09-07 12:02:00,2.46,,United Kingdom,False
556776,22712,CARD DOLLY GIRL,12,2011-06-14 12:24:00,0.42,14730,United Kingdom,False
538508,85123A,WHITE HANGING HEART T-LIGHT HOLDER,6,2010-12-12 13:32:00,2.95,15998,United Kingdom,False
540995,20998,ROSE DU SUD OVEN GLOVE,2,2011-01-13 09:30:00,3.29,,United Kingdom,False
578468,20996,JAZZ HEARTS ADDRESS BOOK,24,2011-11-24 12:33:00,0.19,16482,United Kingdom,False
580397,23110,PARISIENNE KEY CABINET,1,2011-12-04 11:24:00,5.75,13558,United Kingdom,False
557938,82567,"AIRLINE LOUNGE,METAL SIGN",1,2011-06-23 15:35:00,1.63,,United Kingdom,False
558066,21224,SET/4 SKULL BADGES,3,2011-06-24 15:45:00,0.83,,United Kingdom,False
571280,23371,SET 36 COLOUR PENCILS SPACEBOY,4,2011-10-16 13:08:00,1.25,18122,United Kingdom,False
562031,21871,SAVE THE PLANET MUG,3,2011-08-01 17:37:00,1.25,16984,United Kingdom,False
569414,22631,CIRCUS PARADE LUNCH BOX,4,2011-10-04 10:11:00,4.13,,United Kingdom,False
568831,23406,HOME SWEET HOME KEY HOLDER,1,2011-09-29 11:35:00,6.25,16059,United Kingdom,False
555326,15056n,EDWARDIAN PARASOL NATURAL,1,2011-06-02 11:03:00,12.46,,United Kingdom,False
574561,22944,CHRISTMAS METAL POSTCARD WITH BELLS,6,2011-11-04 15:52:00,0.97,,United Kingdom,False
576300,22449,SILK PURSE BABUSHKA PINK,1,2011-11-14 14:39:00,3.35,15058,United Kingdom,False
538566,15036,ASSORTED COLOURS SILK FAN,4,2010-12-13 11:21:00,1.28,,United Kingdom,False
570505,22907,PACK OF 20 NAPKINS PANTRY DESIGN,12,2011-10-11 09:41:00,0.85,14841,United Kingdom,False
541274,21533,RETROSPOT LARGE MILK JUG,3,2011-01-17 11:24:00,4.95,15696,United Kingdom,False
570466,23401,RUSTIC MIRROR WITH LACE HEART,1,2011-10-10 16:03:00,6.25,16791,United Kingdom,False
573396,37450,CERAMIC CAKE BOWL + HANGING CAKES,1,2011-10-30 15:13:00,2.95,14723,United Kingdom,False
551462,21463,MIRRORED DISCO BALL,2,2011-04-28 16:11:00,5.95,15210,United Kingdom,False
569739,23333,IVORY WICKER HEART MEDIUM,12,2011-10-06 10:48:00,1.25,14911,EIRE,False
567898,35648,VINTAGE BEAD PINK PURSE,24,2011-09-22 16:20:00,0.83,13394,United Kingdom,False
544684,21245,GREEN POLKADOT PLATE,1,2011-02-22 16:32:00,3.29,,United Kingdom,False
566281,22818,CARD CHRISTMAS VILLAGE,60,2011-09-11 14:15:00,0.42,12748,United Kingdom,False
547724,84510A,SET OF 4 ENGLISH ROSE COASTERS,10,2011-03-25 10:42:00,1.25,13468,United Kingdom,False
536530,85104,SILVER GLASS T-LIGHT SET,8,2010-12-01 13:21:00,2.95,17905,United Kingdom,False
577521,22991,GIRAFFE WOODEN RULER,1,2011-11-20 13:23:00,1.95,16411,United Kingdom,False
566427,21900,"KEY FOB , SHED",2,2011-09-12 14:24:00,0.65,17433,United Kingdom,False
540265,84970S,HANGING HEART ZINC T-LIGHT HOLDER,12,2011-01-06 10:46:00,0.85,15271,United Kingdom,False
570776,22665,RECIPE BOX BLUE SKETCHBOOK DESIGN,6,2011-10-12 11:45:00,2.95,13985,United Kingdom,False
536876,21200,MULTICOLOUR HONEYCOMB PAPER GARLAND,3,2010-12-03 11:36:00,1.65,,United Kingdom,False
548160,22570,FELTCRAFT CUSHION RABBIT,12,2011-03-29 13:33:00,3.75,16253,United Kingdom,False
538508,22834,HAND WARMER BABUSHKA DESIGN,11,2010-12-12 13:32:00,2.1,15998,United Kingdom,False
563098,22729,ALARM CLOCK BAKELIKE ORANGE,12,2011-08-12 09:14:00,3.75,14911,EIRE,False
560555,21034,REX CASH+CARRY JUMBO SHOPPER,2,2011-07-19 13:01:00,0.95,14178,United Kingdom,False
543518,22662,LUNCH BAG DOLLY GIRL DESIGN,100,2011-02-09 11:21:00,1.45,12753,Japan,False
545412,22328,ROUND SNACK BOXES SET OF 4 FRUITS,15,2011-03-02 12:24:00,2.55,15061,United Kingdom,False
558751,23084,RABBIT NIGHT LIGHT,3,2011-07-03 11:26:00,2.08,16009,United Kingdom,False
551855,85099C,JUMBO  BAG BAROQUE BLACK WHITE,3,2011-05-04 15:08:00,2.08,12836,United Kingdom,False
555415,22784,LANTERN CREAM GAZEBO,6,2011-06-03 10:08:00,4.95,14500,United Kingdom,False
557112,22667,RECIPE BOX RETROSPOT,1,2011-06-16 16:31:00,5.79,,United Kingdom,False
569799,22943,CHRISTMAS LIGHTS 10 VINTAGE BAUBLES,3,2011-10-06 11:47:00,4.95,13602,United Kingdom,False
566950,22114,HOT WATER BOTTLE TEA AND SYMPATHY,4,2011-09-15 16:34:00,4.25,17594,United Kingdom,False
540418,84916,HAND TOWEL PALE BLUE W FLOWERS,1,2011-01-07 11:04:00,4.21,,United Kingdom,False
568062,22579,WOODEN TREE CHRISTMAS SCANDINAVIAN,48,2011-09-23 13:18:00,0.29,14014,United Kingdom,False
563933,21784,SHOE SHINE BOX,2,2011-08-21 15:54:00,9.95,16536,United Kingdom,False
578025,16161U,WRAP SUKI AND FRIENDS,25,2011-11-22 13:28:00,0.42,16722,United Kingdom,False
573138,20685,DOORMAT RED RETROSPOT,1,2011-10-27 17:22:00,8.25,15023,United Kingdom,False
558293,20727,LUNCH BAG  BLACK SKULL.,10,2011-06-28 10:31:00,1.65,13656,United Kingdom,False
541489,21314,SMALL GLASS HEART TRINKET POT,1,2011-01-18 13:38:00,2.1,15023,United Kingdom,False
541485,84978,HANGING HEART JAR T-LIGHT HOLDER,1,2011-01-18 13:05:00,1.25,18118,United Kingdom,False
554860,23107,WHITE HEARTS WIRE PLANT POT HOLDER,8,2011-05-27 10:20:00,2.89,15249,United Kingdom,False
574873,22810,SET OF 6 T-LIGHTS SNOWMEN,1,2011-11-07 13:01:00,2.95,16362,United Kingdom,False
577024,23313,VINTAGE CHRISTMAS BUNTING,1,2011-11-17 12:47:00,4.95,14704,United Kingdom,False
555320,22350,ILLUSTRATED CAT BOWL,1,2011-06-02 11:00:00,4.96,,United Kingdom,False
552323,23061,VINTAGE EMBOSSED HEART,12,2011-05-09 09:33:00,1.25,16756,United Kingdom,False
559317,20840,FRENCH FLORAL CUSHION COVER,6,2011-07-07 14:03:00,0.85,17611,United Kingdom,False
558862,22750,FELTCRAFT PRINCESS LOLA DOLL,8,2011-07-04 12:25:00,3.75,13901,United Kingdom,False
548984,21181,PLEASE ONE PERSON METAL SIGN,6,2011-04-05 12:37:00,2.1,14546,United Kingdom,False
576593,22639,SET OF 4 NAPKIN CHARMS HEARTS,4,2011-11-15 14:48:00,2.55,15720,United Kingdom,False
580137,84817,DANISH ROSE DECORATIVE PLATE,1,2011-12-01 19:54:00,2.1,17566,United Kingdom,False
555275,23184,BULL DOG BOTTLE OPENER,1,2011-06-01 17:18:00,10.79,,United Kingdom,False
559899,37495,FAIRY CAKE BIRTHDAY CANDLE SET,4,2011-07-13 12:24:00,3.75,12528,Germany,False
580523,23500,KEY RING BASEBALL BOOT ASSORTED,20,2011-12-04 15:00:00,1.25,17827,United Kingdom,False
556487,23106,ZINC HEARTS PLANT POT HOLDER,2,2011-06-12 13:51:00,2.89,17289,United Kingdom,False
565388,22928,YELLOW GIANT GARDEN THERMOMETER,1,2011-09-02 15:56:00,5.95,14415,United Kingdom,False
568944,22579,WOODEN TREE CHRISTMAS SCANDINAVIAN,12,2011-09-29 14:50:00,0.85,16589,United Kingdom,False
548522,84796B,BLUE SAVANNAH PICNIC HAMPER FOR 2,1,2011-03-31 16:43:00,8.29,,United Kingdom,False
543245,21537,RED RETROSPOT PUDDING BOWL,1,2011-02-04 14:08:00,4.25,16725,United Kingdom,False
573993,84029E,RED WOOLLY HOTTIE WHITE HEART.,4,2011-11-02 11:23:00,4.25,16790,United Kingdom,False
549577,51014A,"FEATHER PEN,HOT PINK",12,2011-04-11 08:16:00,0.85,14286,United Kingdom,False
541827,22775,PURPLE DRAWERKNOB ACRYLIC EDWARDIAN,1,2011-01-21 17:05:00,2.46,,United Kingdom,False
556784,35909B,PINK FLOWERS RABBIT EASTER,2,2011-06-14 13:15:00,2.95,14461,United Kingdom,False
C566671,47422,ASSORTED MONKEY SUCTION CUP HOOK,-1,2011-09-14 11:39:00,0.42,17841,United Kingdom,True
571560,22768,FAMILY PHOTO FRAME CORNICE,4,2011-10-18 09:54:00,9.95,14897,United Kingdom,False
541696,84660C,PINK STITCHED WALL CLOCK,1,2011-01-20 18:08:00,3.29,,United Kingdom,False
564727,85169A,IVORY LOVE BIRD CANDLE,2,2011-08-28 12:31:00,1.25,16686,United Kingdom,False
559009,22735,RIBBON REEL SOCKS AND MITTENS,10,2011-07-05 12:47:00,1.65,15549,United Kingdom,False
537892,22556,PLASTERS IN TIN CIRCUS PARADE,12,2010-12-09 10:13:00,1.65,12481,Germany,False
580115,21125,SET 6 FOOTBALL CELEBRATION CANDLES,1,2011-12-01 16:22:00,1.25,,United Kingdom,False
569246,20914,SET/5 RED RETROSPOT LID GLASS BOWLS,1,2011-10-03 09:57:00,5.79,14096,United Kingdom,False
573124,84997B,CHILDRENS CUTLERY RETROSPOT RED,4,2011-10-27 16:24:00,4.15,13654,United Kingdom,False
562148,22960,JAM MAKING SET WITH JARS,12,2011-08-03 10:49:00,3.75,13695,United Kingdom,False
554986,22629,SPACEBOY LUNCH BOX,3,2011-05-29 12:35:00,1.95,14451,United Kingdom,False
569031,23199,JUMBO BAG APPLES,2,2011-09-30 10:37:00,2.08,,United Kingdom,False
542906,21114,LAVENDER SCENTED FABRIC HEART,1,2011-02-01 15:12:00,10.79,,United Kingdom,False
557502,22386,JUMBO BAG PINK POLKADOT,1,2011-06-20 15:32:00,4.13,,United Kingdom,False
543804,22720,SET OF 3 CAKE TINS PANTRY DESIGN,3,2011-02-13 12:17:00,4.95,16434,United Kingdom,False
570839,84978,HANGING HEART JAR T-LIGHT HOLDER,12,2011-10-12 14:08:00,1.25,14911,EIRE,False
571713,23178,JAM CLOCK MAGNET,1,2011-10-18 16:58:00,5.79,,United Kingdom,False
578844,22619,SET OF 6 SOLDIER SKITTLES,2,2011-11-25 16:14:00,7.46,,United Kingdom,False
565617,DOT,DOTCOM POSTAGE,1,2011-09-05 15:30:00,138.0,,United Kingdom,False
573345,23321,SMALL WHITE HEART OF WICKER,4,2011-10-30 12:14:00,1.65,17609,United Kingdom,False
548610,23009,I LOVE LONDON BABY GIFT SET,1,2011-04-01 11:28:00,16.95,15860,United Kingdom,False
550471,21084,SET/6 COLLAGE PAPER CUPS,4,2011-04-18 13:52:00,0.83,,United Kingdom,False
542344,84509A,SET OF 4 ENGLISH ROSE PLACEMATS,2,2011-01-27 11:30:00,7.46,,United Kingdom,False
569635,23310,BUBBLEGUM RING ASSORTED,36,2011-10-05 12:13:00,0.42,12748,United Kingdom,False
573585,21811,HANGING HEART WITH BELL,26,2011-10-31 14:41:00,0.83,,United Kingdom,False
576624,23288,GREEN VINTAGE SPOT BEAKER,8,2011-11-15 17:14:00,0.85,16156,United Kingdom,False
572023,23516,EMBROIDERED RIBBON REEL SOPHIE,12,2011-10-20 11:03:00,3.75,17764,United Kingdom,False
572923,22734,SET OF 6 RIBBONS VINTAGE CHRISTMAS,6,2011-10-27 08:35:00,2.89,15948,United Kingdom,False
578344,23296,SET OF 6 TEA TIME BAKING CASES,2,2011-11-24 09:21:00,3.29,,United Kingdom,False
547888,C2,CARRIAGE,1,2011-03-28 09:59:00,50.0,13368,United Kingdom,False
574700,20757,RED DAISY POCKET BOOK,3,2011-11-06 13:53:00,0.85,16033,United Kingdom,False
544434,84032B,CHARLIE + LOLA RED HOT WATER BOTTLE,6,2011-02-18 16:12:00,3.29,,United Kingdom,False
581454,23552,BICYCLE PUNCTURE REPAIR KIT,6,2011-12-08 18:22:00,2.08,15156,United Kingdom,False
549939,22544,MINI JIGSAW SPACEBOY,24,2011-04-13 11:46:00,0.42,16309,United Kingdom,False
561467,20724,RED RETROSPOT CHARLOTTE BAG,20,2011-07-27 12:58:00,0.85,14040,United Kingdom,False
577557,15039,SANDALWOOD FAN,1,2011-11-20 15:36:00,0.85,15426,United Kingdom,False
580729,22597,MUSICAL ZINC HEART DECORATION,18,2011-12-05 17:24:00,0.83,,United Kingdom,False
553348,23202,JUMBO BAG VINTAGE LEAF,10,2011-05-16 13:20:00,2.08,14911,EIRE,False
578140,22554,PLASTERS IN TIN WOODLAND ANIMALS,192,2011-11-23 10:58:00,1.45,14646,Netherlands,False
569362,23529,DOLLY GIRL WALL ART,24,2011-10-03 15:06:00,2.66,18102,United Kingdom,False
552681,21928,JUMBO BAG SCANDINAVIAN BLUE PAISLEY,8,2011-05-10 15:08:00,4.13,,United Kingdom,False
572331,23570,TRADITIONAL PICK UP STICKS GAME,12,2011-10-24 10:18:00,1.25,16491,United Kingdom,False
580468,22574,HEART WOODEN CHRISTMAS DECORATION,2,2011-12-04 12:31:00,0.85,12748,United Kingdom,False
578302,21876,POTTERING MUG,12,2011-11-23 15:23:00,1.65,16057,United Kingdom,False
569234,22554,PLASTERS IN TIN WOODLAND ANIMALS,1,2011-10-02 15:33:00,1.65,17841,United Kingdom,False
564050,23207,LUNCH BAG ALPHABET DESIGN,10,2011-08-22 13:32:00,1.65,17160,United Kingdom,False
558904,22855,FINE WICKER HEART,1,2011-07-04 16:18:00,2.46,,United Kingdom,False
558117,22197,POPCORN HOLDER,6,2011-06-27 09:11:00,1.63,,United Kingdom,False
570521,17012D,ORIGAMI ROSE INCENSE/CANDLE SET,24,2011-10-11 10:43:00,0.85,12371,Switzerland,False
545901,84279B,CHERRY BLOSSOM DECORATIVE FLASK,1,2011-03-07 17:52:00,3.75,15834,United Kingdom,False
577316,84997D,CHILDRENS CUTLERY POLKADOT PINK,4,2011-11-18 13:30:00,4.15,12578,Italy,False
573865,22682,FRENCH BLUE METAL DOOR SIGN 7,4,2011-11-01 12:00:00,1.25,15311,United Kingdom,False
554644,22178,VICTORIAN GLASS HANGING T-LIGHT,96,2011-05-25 12:34:00,1.06,15311,United Kingdom,False
569202,22381,TOY TIDY PINK POLKADOT,1,2011-09-30 17:22:00,4.13,,United Kingdom,False
562368,84879,ASSORTED COLOUR BIRD ORNAMENT,48,2011-08-04 14:06:00,1.69,16570,United Kingdom,False
567665,46776C,WOVEN FROST CUSHION COVER,2,2011-09-21 15:22:00,4.13,,United Kingdom,False
570491,22158,3 HEARTS HANGING DECORATION RUSTIC,8,2011-10-10 17:26:00,2.95,14395,United Kingdom,False
546108,21080,SET/20 RED RETROSPOT PAPER NAPKINS,2,2011-03-09 12:35:00,0.85,15529,United Kingdom,False
554270,22291,HANGING CHICK CREAM DECORATION,24,2011-05-23 13:05:00,1.45,15046,United Kingdom,False
559555,84660A,WHITE STITCHED WALL CLOCK,20,2011-07-11 10:14:00,0.79,13678,United Kingdom,False
541836,22241,GARLAND WOODEN HAPPY EASTER,11,2011-01-23 10:29:00,1.25,15465,United Kingdom,False
561651,85032C,CURIOUS IMAGES GIFT WRAP SET,1,2011-07-28 15:36:00,1.63,,United Kingdom,False
536990,22383,LUNCH BAG SUKI  DESIGN,10,2010-12-03 15:14:00,1.65,12793,Portugal,False
556882,21060,PARTY INVITES BALLOON GIRL,3,2011-06-15 12:21:00,0.85,14395,United Kingdom,False
559951,22411,JUMBO SHOPPER VINTAGE RED PAISLEY,10,2011-07-14 10:52:00,2.08,14847,United Kingdom,False
548796,22937,BAKING MOULD CHOCOLATE CUPCAKES,1,2011-04-04 12:42:00,2.55,15752,United Kingdom,False
545317,22721,SET OF 3 CAKE TINS SKETCHBOOK,1,2011-03-01 14:14:00,10.79,,United Kingdom,False
559168,23301,GARDENERS KNEELING PAD KEEP CALM,2,2011-07-06 17:05:00,1.65,13263,United Kingdom,False
547657,84946,ANTIQUE SILVER T-LIGHT GLASS,12,2011-03-24 12:58:00,1.25,13871,United Kingdom,False
574076,22867,HAND WARMER BIRD DESIGN,1,2011-11-02 15:38:00,4.13,,United Kingdom,False
545713,22075,6 RIBBONS ELEGANT CHRISTMAS,1,2011-03-07 10:11:00,4.13,,United Kingdom,False
542503,22383,LUNCH BAG SUKI  DESIGN,10,2011-01-28 11:58:00,1.65,16327,United Kingdom,False
564093,22557,PLASTERS IN TIN VINTAGE PAISLEY,12,2011-08-23 10:29:00,1.65,14930,Channel Islands,False
558200,23127,FELTCRAFT GIRL NICOLE KIT,1,2011-06-27 13:00:00,4.95,15976,United Kingdom,False
541969,22716,CARD CIRCUS PARADE,2,2011-01-24 13:46:00,0.83,,United Kingdom,False
564820,22829,SWEETHEART WIRE WALL TIDY,1,2011-08-30 12:16:00,20.79,,United Kingdom,False
539000,21452,TOADSTOOL MONEY BOX,6,2010-12-15 12:27:00,2.95,13092,United Kingdom,False
578469,22423,REGENCY CAKESTAND 3 TIER,16,2011-11-24 12:36:00,10.95,12471,Germany,False
570342,85099B,JUMBO BAG RED RETROSPOT,20,2011-10-10 12:26:00,2.08,17706,United Kingdom,False
548516,22318,FIVE HEART HANGING DECORATION,1,2011-03-31 16:28:00,5.79,,United Kingdom,False
560434,84673B,BLUE FLY SWAT,4,2011-07-18 15:56:00,0.79,,United Kingdom,False
554999,82486,WOOD S/3 CABINET ANT WHITE FINISH,2,2011-05-29 15:44:00,8.95,15547,United Kingdom,False
571119,20724,RED RETROSPOT CHARLOTTE BAG,38,2011-10-14 09:04:00,2.46,,United Kingdom,False
540550,22111,SCOTTIE DOG HOT WATER BOTTLE,3,2011-01-10 09:11:00,4.95,12539,Spain,False
548861,21213,PACK OF 72 SKULL CAKE CASES,24,2011-04-04 13:42:00,0.55,18185,United Kingdom,False
566233,21843,RED RETROSPOT CAKE STAND,1,2011-09-11 11:04:00,10.95,12635,Germany,False
549915,22872,NUMBER TILE COTTAGE GARDEN 4,8,2011-04-13 09:32:00,1.95,18231,United Kingdom,False
565396,21494,ROTATING LEAVES T-LIGHT HOLDER,1,2011-09-02 16:39:00,2.46,,United Kingdom,False
564818,84913A,SOFT PINK ROSE TOWEL,2,2011-08-30 12:10:00,3.29,,United Kingdom,False
568376,23335,EGG FRYING PAN IVORY,6,2011-09-26 17:20:00,2.08,14031,United Kingdom,False
578833,85099B,JUMBO BAG RED RETROSPOT,22,2011-11-25 15:23:00,4.13,,United Kingdom,False
580960,71477,COLOURED GLASS STAR T-LIGHT HOLDER,2,2011-12-06 14:35:00,3.95,16016,United Kingdom,False
C542426,22398,MAGNETS PACK OF 4 SWALLOWS,-12,2011-01-28 09:32:00,1.25,14146,United Kingdom,True
C543627,21754,HOME BUILDING BLOCK WORD,-1,2011-02-10 15:50:00,5.95,15601,United Kingdom,True
579555,22475,SKULL DESIGN TV DINNER TRAY,2,2011-11-30 11:08:00,4.95,16241,United Kingdom,False
553702,23302,KNEELING MAT HOUSEWORK  DESIGN,2,2011-05-18 14:50:00,1.65,13263,United Kingdom,False
C546313,22791,T-LIGHT GLASS FLUTED ANTIQUE,-3,2011-03-10 18:18:00,1.06,13094,United Kingdom,True
552542,84596B,SMALL DOLLY MIX DESIGN ORANGE BOWL,16,2011-05-10 10:20:00,0.42,16841,United Kingdom,False
538566,21484,CHICK GREY HOT WATER BOTTLE,1,2010-12-13 11:21:00,7.62,,United Kingdom,False
571545,23452,HEART MINI PORTRAIT FRAME,1,2011-10-17 16:59:00,1.95,,United Kingdom,False
557939,22936,BAKING MOULD ROSE WHITE CHOCOLATE,6,2011-06-23 15:44:00,3.25,12697,Sweden,False
566599,22068,BLACK PIRATE TREASURE CHEST,2,2011-09-13 15:37:00,1.65,15998,United Kingdom,False
566607,23357,HOT WATER BOTTLE SEX BOMB,2,2011-09-13 16:40:00,4.95,13032,United Kingdom,False
550203,22630,DOLLY GIRL LUNCH BOX,1,2011-04-15 10:37:00,2.46,,United Kingdom,False
567768,22411,JUMBO SHOPPER VINTAGE RED PAISLEY,10,2011-09-22 11:17:00,2.08,15950,United Kingdom,False
574349,22574,HEART WOODEN CHRISTMAS DECORATION,12,2011-11-04 10:29:00,0.85,13495,United Kingdom,False
539747,22371,AIRLINE BAG VINTAGE TOKYO 78,1,2010-12-21 15:23:00,8.47,,United Kingdom,False
553540,22714,CARD BIRTHDAY COWBOY,72,2011-05-17 15:32:00,0.36,17511,United Kingdom,False
561052,23287,RED VINTAGE SPOT BEAKER,96,2011-07-24 13:12:00,0.72,16684,United Kingdom,False
546843,20713,JUMBO BAG OWLS,10,2011-03-17 12:40:00,1.95,12472,Germany,False
551956,21385,IVORY HANGING DECORATION  HEART,2,2011-05-05 12:22:00,0.85,15021,United Kingdom,False
C569993,23328,SET 6 SCHOOL MILK BOTTLES IN CRATE,-4,2011-10-06 20:28:00,3.75,17633,United Kingdom,True
578072,23245,SET OF 3 REGENCY CAKE TINS,1,2011-11-22 16:02:00,4.95,17759,United Kingdom,False
563029,22141,CHRISTMAS CRAFT TREE TOP ANGEL,48,2011-08-11 14:34:00,1.85,18093,United Kingdom,False
575491,22728,ALARM CLOCK BAKELIKE PINK,2,2011-11-09 17:47:00,3.75,15531,United Kingdom,False
550123,22712,CARD DOLLY GIRL,12,2011-04-14 12:39:00,0.42,,United Kingdom,False
574705,22541,MINI JIGSAW LEAP FROG,1,2011-11-06 14:06:00,0.42,14553,United Kingdom,False
538053,84406B,CREAM CUPID HEARTS COAT HANGER,32,2010-12-09 13:34:00,2.75,15856,United Kingdom,False
564224,22112,CHOCOLATE HOT WATER BOTTLE,6,2011-08-24 09:56:00,4.95,15249,United Kingdom,False
556080,21239,PINK  POLKADOT CUP,5,2011-06-08 15:21:00,1.63,,United Kingdom,False
563111,23350,ROLL WRAP VINTAGE SPOT,12,2011-08-12 11:08:00,1.25,15249,United Kingdom,False
544790,20675,BLUE POLKADOT BOWL,8,2011-02-23 12:27:00,1.25,16940,United Kingdom,False
544599,22988,SOLDIERS EGG CUP,2,2011-02-21 18:15:00,1.25,,United Kingdom,False
556207,20675,BLUE POLKADOT BOWL,12,2011-06-09 13:50:00,1.25,17372,United Kingdom,False
579270,23396,LE JARDIN BOTANIQUE CUSHION COVER,4,2011-11-29 09:50:00,3.75,15783,United Kingdom,False
568586,22759,SET OF 3 NOTEBOOKS IN PARCEL,36,2011-09-28 10:15:00,1.65,16119,United Kingdom,False
563193,21246,RED RETROSPOT BIG BOWL,2,2011-08-12 16:30:00,4.13,,United Kingdom,False
573585,23203,JUMBO BAG VINTAGE DOILY,10,2011-10-31 14:41:00,4.13,,United Kingdom,False
576463,22144,CHRISTMAS CRAFT LITTLE FRIENDS,1,2011-11-15 11:37:00,2.1,17974,United Kingdom,False
564230,21238,RED RETROSPOT CUP,4,2011-08-24 10:22:00,1.63,,United Kingdom,False
581142,90082A,DIAMANTE BOW BROOCH GREEN COLOUR,1,2011-12-07 13:38:00,6.35,14204,United Kingdom,False
538180,22555,PLASTERS IN TIN STRONGMAN,24,2010-12-10 09:53:00,1.65,13418,United Kingdom,False
572302,23558,LANDMARK FRAME LONDON BRIDGE,1,2011-10-23 14:47:00,12.5,15427,United Kingdom,False
543523,22595,GINGHAM HEART DECORATION,12,2011-02-09 12:07:00,0.85,12971,United Kingdom,False
558485,23254,CHILDRENS CUTLERY DOLLY GIRL,1,2011-06-30 10:11:00,4.15,,United Kingdom,False
541281,22892,SET OF SALT AND PEPPER TOADSTOOLS,1,2011-01-17 11:59:00,1.25,17988,United Kingdom,False
566981,23243,SET OF TEA COFFEE SUGAR TINS PANTRY,4,2011-09-16 10:02:00,4.95,15498,United Kingdom,False
C570867,22199,FRYING PAN RED RETROSPOT,-4,2011-10-12 16:17:00,4.25,12607,USA,True
549999,22699,ROSES REGENCY TEACUP AND SAUCER,24,2011-04-14 09:09:00,2.55,15813,United Kingdom,False
537476,85099B,JUMBO BAG RED RETROSPOT,300,2010-12-07 11:26:00,1.65,15838,United Kingdom,False
580305,22748,POPPY'S PLAYHOUSE KITCHEN,1,2011-12-02 14:26:00,2.1,12970,United Kingdom,False
559878,22913,RED COAT RACK PARIS FASHION,1,2011-07-13 11:19:00,4.95,15493,United Kingdom,False
557271,22748,POPPY'S PLAYHOUSE KITCHEN,8,2011-06-19 11:41:00,2.1,17769,United Kingdom,False
568650,22403,MAGNETS PACK OF 4 VINTAGE LABELS,12,2011-09-28 11:56:00,0.39,13505,Switzerland,False
537614,22866,HAND WARMER SCOTTY DOG DESIGN,8,2010-12-07 13:29:00,2.1,16904,United Kingdom,False
557057,85183B,CHARLIE & LOLA WASTEPAPER BIN FLORA,24,2011-06-16 14:46:00,1.25,16843,United Kingdom,False
559817,21992,VINTAGE PAISLEY STATIONERY SET,4,2011-07-12 16:20:00,2.46,,United Kingdom,False
543399,22988,SOLDIERS EGG CUP,2,2011-02-08 11:07:00,2.46,,United Kingdom,False
567818,21744,SNOWFLAKE PORTABLE TABLE LIGHT,1,2011-09-22 12:41:00,2.95,14395,United Kingdom,False
565114,15034,PAPER POCKET TRAVELING FAN,24,2011-09-01 11:15:00,0.14,13588,United Kingdom,False
545530,21922,UNION STRIPE WITH FRINGE  HAMMOCK,12,2011-03-03 13:45:00,6.95,17416,United Kingdom,False
558237,23127,FELTCRAFT GIRL NICOLE KIT,2,2011-06-27 15:04:00,4.95,12867,United Kingdom,False
545715,22385,JUMBO BAG SPACEBOY DESIGN,2,2011-03-07 10:13:00,4.13,,United Kingdom,False
579694,21523,DOORMAT FANCY FONT HOME SWEET HOME,1,2011-11-30 14:11:00,16.63,,United Kingdom,False
560856,23020,GLASS  SONGBIRD STORAGE JAR,1,2011-07-21 13:06:00,12.5,16607,United Kingdom,False
537059,22752,SET 7 BABUSHKA NESTING BOXES,1,2010-12-05 11:54:00,8.5,14813,United Kingdom,False
570690,22129,PARTY CONES CANDY DECORATION,1,2011-10-11 16:37:00,2.46,,United Kingdom,False
551347,22729,ALARM CLOCK BAKELIKE ORANGE,4,2011-04-28 09:20:00,3.75,15768,United Kingdom,False
547887,21613,S/12 VANILLA  BOTANICAL T-LIGHTS,6,2011-03-28 09:30:00,2.95,16245,United Kingdom,False
565224,20713,JUMBO BAG OWLS,2,2011-09-01 19:11:00,2.08,14713,United Kingdom,False
556108,23168,CLASSIC CAFE SUGAR DISPENSER,1,2011-06-08 17:59:00,2.46,,United Kingdom,False
549155,22286,DECORATION WOBBLY RABBIT METAL,1,2011-04-06 17:08:00,3.29,,United Kingdom,False
560300,16045,POPART WOODEN PENCILS ASST,100,2011-07-18 10:29:00,0.04,14911,EIRE,False
555649,22538,MINI JIGSAW GO TO THE FAIR,24,2011-06-06 13:47:00,0.42,15386,United Kingdom,False
540023,84997B,RED 3 PIECE RETROSPOT CUTLERY SET,2,2011-01-04 12:58:00,3.75,15039,United Kingdom,False
553487,21174,POTTERING IN THE SHED METAL SIGN,6,2011-05-17 12:38:00,2.08,13246,United Kingdom,False
C562687,22287,DECORATION WOBBLY CHICKEN,-12,2011-08-08 13:53:00,0.39,15157,United Kingdom,True
567184,23389,SPACEBOY MINI BACKPACK,2,2011-09-18 15:41:00,4.15,16033,United Kingdom,False
544778,22698,PINK REGENCY TEACUP AND SAUCER,2,2011-02-23 12:03:00,2.95,14978,United Kingdom,False
556932,85087,CANDY SPOT CUSHION COVER,1,2011-06-15 15:41:00,3.29,,United Kingdom,False
558768,21034,REX CASH+CARRY JUMBO SHOPPER,1,2011-07-03 13:33:00,0.95,15952,United Kingdom,False
556797,22918,HERB MARKER PARSLEY,12,2011-06-14 14:49:00,0.65,17101,United Kingdom,False
568901,21390,FILIGRIS HEART WITH BUTTERFLY,96,2011-09-29 13:22:00,1.25,15050,United Kingdom,False
575751,22694,WICKER STAR,12,2011-11-11 10:32:00,2.1,14911,EIRE,False
543300,85197,SET OF 12 MINI BUNNIES IN A BUCKET,1,2011-02-07 11:42:00,2.1,13334,United Kingdom,False
541615,84378,SET OF 3 HEART COOKIE CUTTERS,3,2011-01-20 10:43:00,1.25,16395,United Kingdom,False
565865,23207,LUNCH BAG ALPHABET DESIGN,10,2011-09-07 15:07:00,1.65,12637,France,False
554654,15056BL,EDWARDIAN PARASOL BLACK,3,2011-05-25 13:34:00,5.95,12815,Poland,False
539957,22786,CUSHION COVER PINK UNION JACK,2,2010-12-23 12:58:00,5.95,12585,Germany,False
552039,21749,LARGE RED RETROSPOT WINDMILL,6,2011-05-06 08:10:00,2.1,13081,United Kingdom,False
574950,22555,PLASTERS IN TIN STRONGMAN,1,2011-11-08 09:29:00,3.29,,United Kingdom,False
544684,22983,CARD BILLBOARD FONT,4,2011-02-22 16:32:00,0.83,,United Kingdom,False
542303,22700,BLACK AND WHITE DOG BOWL,6,2011-01-27 11:05:00,2.95,12539,Spain,False
538149,21144,PINK POODLE HANGING DECORATION,2,2010-12-09 16:27:00,3.36,,United Kingdom,False
541604,22757,LARGE RED BABUSHKA NOTEBOOK,2,2011-01-19 17:23:00,1.25,14572,United Kingdom,False
536623,22774,RED DRAWER KNOB ACRYLIC EDWARDIAN,12,2010-12-02 10:39:00,1.25,15601,United Kingdom,False
572678,22039,BOTANICAL LILY GIFT WRAP,25,2011-10-25 13:46:00,0.42,13182,United Kingdom,False
574659,21733,RED HANGING HEART T-LIGHT HOLDER,5,2011-11-06 11:44:00,2.95,16942,United Kingdom,False
544074,51014C,"FEATHER PEN,COAL BLACK",12,2011-02-15 14:49:00,0.85,14156,EIRE,False
543618,20828,GLITTER BUTTERFLY CLIPS,6,2011-02-10 14:49:00,2.55,13468,United Kingdom,False
539595,22727,ALARM CLOCK BAKELIKE RED,1,2010-12-20 13:43:00,7.62,,United Kingdom,False
551719,22916,HERB MARKER THYME,1,2011-05-03 16:09:00,1.63,,United Kingdom,False
567981,22041,"RECORD FRAME 7"" SINGLE SIZE",2,2011-09-23 11:22:00,5.79,,United Kingdom,False
580272,22952,60 CAKE CASES VINTAGE CHRISTMAS,1,2011-12-02 12:52:00,0.55,15547,United Kingdom,False
579777,22413,METAL SIGN TAKE IT OR LEAVE IT,1,2011-11-30 15:13:00,5.79,,United Kingdom,False
573319,23203,JUMBO BAG VINTAGE DOILY,10,2011-10-30 10:18:00,2.08,17651,United Kingdom,False
575003,85099B,JUMBO BAG RED RETROSPOT,10,2011-11-08 11:09:00,2.08,15950,United Kingdom,False
563384,22699,ROSES REGENCY TEACUP AND SAUCER,8,2011-08-16 10:52:00,2.95,17315,United Kingdom,False
542891,22667,RECIPE BOX RETROSPOT,24,2011-02-01 13:26:00,2.55,16705,United Kingdom,False
561686,21528,DAIRY MAID TRADITIONAL TEAPOT,2,2011-07-29 08:29:00,6.95,13148,United Kingdom,False
541104,21935,SUKI  SHOULDER BAG,7,2011-01-13 14:29:00,1.63,,United Kingdom,False
579527,23499,SET 12 VINTAGE DOILY CHALK,24,2011-11-30 08:43:00,0.42,18210,United Kingdom,False
544772,22379,RECYCLING BAG RETROSPOT,2,2011-02-23 11:12:00,4.96,,United Kingdom,False
569590,22340,NOEL GARLAND PAINTED ZINC,24,2011-10-05 11:25:00,0.39,13949,United Kingdom,False
542662,22384,LUNCH BAG PINK POLKADOT,10,2011-01-31 12:10:00,1.65,18145,United Kingdom,False
546275,82494L,WOODEN FRAME ANTIQUE WHITE,6,2011-03-10 15:06:00,2.95,13126,United Kingdom,False
539414,22312,OFFICE MUG WARMER POLKADOT,1,2010-12-17 13:45:00,2.95,16931,United Kingdom,False
567671,22329,ROUND CONTAINER SET OF 5 RETROSPOT,1,2011-09-21 15:34:00,3.29,,United Kingdom,False
576840,22920,HERB MARKER BASIL,2,2011-11-16 15:23:00,1.63,,United Kingdom,False
542255,22268,EASTER DECORATION SITTING BUNNY,2,2011-01-26 16:43:00,1.63,,United Kingdom,False
570234,22189,CREAM HEART CARD HOLDER,2,2011-10-09 14:22:00,3.95,17790,United Kingdom,False
570888,22750,FELTCRAFT PRINCESS LOLA DOLL,4,2011-10-13 10:26:00,3.75,17509,United Kingdom,False
553893,47566,PARTY BUNTING,12,2011-05-19 17:13:00,4.95,17560,United Kingdom,False
541120,22631,CIRCUS PARADE LUNCH BOX,12,2011-01-14 09:13:00,1.95,12490,France,False
551658,37333,"RETRO ""TEA FOR ONE""",1,2011-05-03 12:13:00,1.95,16746,United Kingdom,False
580320,85099F,JUMBO BAG STRAWBERRY,10,2011-12-02 15:40:00,2.08,15078,United Kingdom,False
555275,70006,LOVE HEART POCKET WARMER,1,2011-06-01 17:18:00,3.29,,United Kingdom,False
554157,22379,RECYCLING BAG RETROSPOT,2,2011-05-23 11:33:00,2.1,18283,United Kingdom,False
551893,21922,UNION STRIPE WITH FRINGE  HAMMOCK,12,2011-05-05 10:07:00,6.95,17675,United Kingdom,False
576076,47590A,BLUE HAPPY BIRTHDAY BUNTING,1,2011-11-13 16:18:00,5.45,14382,United Kingdom,False
570888,85049A,TRADITIONAL CHRISTMAS RIBBONS,12,2011-10-13 10:26:00,1.25,17509,United Kingdom,False
578344,22696,WICKER WREATH LARGE,1,2011-11-24 09:21:00,4.13,,United Kingdom,False
576911,22047,EMPIRE GIFT WRAP,25,2011-11-17 10:01:00,0.42,17461,United Kingdom,False
551718,22670,FRENCH WC SIGN BLUE METAL,1,2011-05-03 16:06:00,2.46,,United Kingdom,False
561902,23297,SET 40 HEART SHAPE PETIT FOUR CASES,240,2011-07-31 15:50:00,1.65,17404,Sweden,False
570258,22141,CHRISTMAS CRAFT TREE TOP ANGEL,1,2011-10-10 09:56:00,4.13,,United Kingdom,False
544176,21754,HOME BUILDING BLOCK WORD,3,2011-02-16 14:18:00,5.95,18219,United Kingdom,False
575152,84077,WORLD WAR 2 GLIDERS ASSTD DESIGNS,48,2011-11-08 16:12:00,0.29,16284,United Kingdom,False
C566943,22191,IVORY DINER WALL CLOCK,-1,2011-09-15 16:17:00,8.5,16293,United Kingdom,True
566269,23309,SET OF 60 I LOVE LONDON CAKE CASES,3,2011-09-11 13:39:00,0.55,17864,United Kingdom,False
579283,21212,PACK OF 72 RETROSPOT CAKE CASES,24,2011-11-29 10:45:00,0.55,13883,United Kingdom,False
538866,22757,LARGE RED BABUSHKA NOTEBOOK,1,2010-12-14 14:40:00,1.25,17841,United Kingdom,False
556751,23235,STORAGE TIN VINTAGE LEAF,48,2011-06-14 12:09:00,2.49,15251,United Kingdom,False
575493,23222,CHRISTMAS TREE HANGING GOLD,36,2011-11-10 08:39:00,0.83,18210,United Kingdom,False
540414,22892,SET OF SALT AND PEPPER TOADSTOOLS,24,2011-01-07 10:32:00,1.25,12481,Germany,False
549323,22492,MINI PAINT SET VINTAGE,36,2011-04-08 10:26:00,0.65,12999,United Kingdom,False
565841,23330,DECORATIVE WICKER HEART MEDIUM,4,2011-09-07 12:04:00,2.46,,United Kingdom,False
560580,22057,CERAMIC PLATE STRAWBERRY DESIGN,60,2011-07-19 15:23:00,1.25,14088,United Kingdom,False
567375,23082,SET 6 PAPER TABLE LANTERN HEARTS,12,2011-09-20 09:45:00,3.75,14766,United Kingdom,False
576053,21916,SET 12 RETRO WHITE CHALK STICKS,3,2011-11-13 14:53:00,0.42,16726,United Kingdom,False
550911,21238,RED RETROSPOT CUP,24,2011-04-21 13:11:00,0.85,12354,Spain,False
C551863,21395,BLUE POLKADOT BEAKER,-2,2011-05-04 16:12:00,0.39,16145,United Kingdom,True
548405,22386,JUMBO BAG PINK POLKADOT,10,2011-03-31 09:48:00,1.95,17088,United Kingdom,False
541424,22629,SPACEBOY LUNCH BOX,1,2011-01-17 17:57:00,4.13,,United Kingdom,False
538313,22943,CHRISTMAS LIGHTS 10 VINTAGE BAUBLES,6,2010-12-10 13:50:00,4.95,15514,United Kingdom,False
568141,20969,RED FLORAL FELTCRAFT SHOULDER BAG,1,2011-09-25 11:21:00,3.75,16326,United Kingdom,False
549844,22241,GARLAND WOODEN HAPPY EASTER,6,2011-04-12 14:17:00,1.25,12854,United Kingdom,False
548711,84596G,SMALL CHOCOLATES PINK BOWL,1,2011-04-03 14:24:00,0.42,18116,United Kingdom,False
578925,20757,RED DAISY POCKET BOOK,33,2011-11-27 12:13:00,0.85,17365,United Kingdom,False
566041,21212,PACK OF 72 RETROSPOT CAKE CASES,48,2011-09-08 13:48:00,0.55,13814,Germany,False
581352,23320,GIANT 50'S CHRISTMAS CRACKER,2,2011-12-08 12:26:00,1.25,14698,United Kingdom,False
580753,21239,PINK  POLKADOT CUP,8,2011-12-06 10:00:00,0.85,12682,France,False
578814,21484,CHICK GREY HOT WATER BOTTLE,4,2011-11-25 13:40:00,4.25,12748,United Kingdom,False
568650,22986,WRAP GINGHAM ROSE,25,2011-09-28 11:56:00,0.42,13505,Switzerland,False
563557,22674,FRENCH TOILET SIGN BLUE METAL,12,2011-08-17 13:33:00,1.25,15786,United Kingdom,False
571308,22445,PENCIL CASE LIFE IS BEAUTIFUL,6,2011-10-17 10:10:00,2.95,12475,Germany,False
552269,23206,LUNCH BAG APPLE DESIGN,1,2011-05-08 11:52:00,1.65,16121,United Kingdom,False
568657,21207,SKULL AND CROSSBONES  GARLAND,4,2011-09-28 12:22:00,1.65,16460,United Kingdom,False
574336,23209,LUNCH BAG VINTAGE DOILY,10,2011-11-04 09:52:00,1.65,12397,Belgium,False
575486,23489,VINTAGE BELLS GARLAND,18,2011-11-09 17:07:00,2.89,14911,EIRE,False
573745,21892,TRADITIONAL WOODEN CATCH CUP GAME,12,2011-11-01 08:53:00,1.25,17419,United Kingdom,False
547921,23052,RECYCLED ACAPULCO MAT TURQUOISE,2,2011-03-28 13:28:00,8.25,14766,United Kingdom,False
545081,22841,ROUND CAKE TIN VINTAGE GREEN,2,2011-02-28 10:35:00,7.95,16057,United Kingdom,False
578344,22106,MIRROR MOSAIC HURRICANE LAMP,2,2011-11-24 09:21:00,4.96,,United Kingdom,False
578947,22175,PINK OWL SOFT TOY,6,2011-11-27 13:49:00,2.95,14547,United Kingdom,False
551547,22898,CHILDRENS APRON APPLES DESIGN,1,2011-05-03 09:44:00,4.96,,United Kingdom,False
550167,21918,SET 12 KIDS COLOUR  CHALK STICKS,24,2011-04-14 16:38:00,0.42,14206,United Kingdom,False
553013,84755,COLOUR GLASS T-LIGHT HOLDER HANGING,8,2011-05-12 18:19:00,1.24,,United Kingdom,False
541809,22384,LUNCH BAG PINK POLKADOT,1,2011-01-21 14:58:00,4.96,,United Kingdom,False
580146,20719,WOODLAND CHARLOTTE BAG,52,2011-12-02 10:07:00,2.46,,United Kingdom,False
578344,84945,MULTI COLOUR SILVER T-LIGHT HOLDER,6,2011-11-24 09:21:00,1.8,,United Kingdom,False
569012,23507,MINI PLAYING CARDS BUFFALO BILL,20,2011-09-30 08:18:00,0.42,15187,United Kingdom,False
570864,85099B,JUMBO BAG RED RETROSPOT,20,2011-10-12 15:41:00,2.08,16945,United Kingdom,False
560782,22984,CARD GINGHAM ROSE,12,2011-07-21 10:10:00,0.42,14769,United Kingdom,False
554654,22961,JAM MAKING SET PRINTED,12,2011-05-25 13:34:00,1.45,12815,Poland,False
C540780,22865,HAND WARMER OWL DESIGN,-24,2011-01-11 11:19:00,2.1,14299,United Kingdom,True
546652,20711,JUMBO BAG TOYS,5,2011-03-15 14:18:00,4.13,,United Kingdom,False
538071,21774,DECORATIVE CATS BATHROOM BOTTLE,1,2010-12-09 14:09:00,2.51,,United Kingdom,False
546136,22859,EASTER TIN BUNNY BOUQUET,1,2011-03-09 16:32:00,3.29,,United Kingdom,False
571713,23203,JUMBO BAG VINTAGE DOILY,1,2011-10-18 16:58:00,4.13,,United Kingdom,False
574915,22333,RETROSPOT PARTY BAG + STICKER SET,8,2011-11-07 16:17:00,1.65,16779,United Kingdom,False
579002,21619,4 VANILLA BOTANICAL CANDLES,2,2011-11-27 16:27:00,1.25,14093,United Kingdom,False
545464,22497,SET OF 2 TINS VINTAGE BATHROOM,1,2011-03-03 09:10:00,8.29,,United Kingdom,False
574346,84077,WORLD WAR 2 GLIDERS ASSTD DESIGNS,48,2011-11-04 10:23:00,0.29,17930,United Kingdom,False
546983,22960,JAM MAKING SET WITH JARS,6,2011-03-18 12:27:00,4.25,16626,United Kingdom,False
577171,22594,CHRISTMAS GINGHAM TREE,12,2011-11-18 10:52:00,0.85,17159,United Kingdom,False
580367,22230,JIGSAW TREE WITH WATERING CAN,3,2011-12-02 16:39:00,1.63,,United Kingdom,False
580731,22734,SET OF 6 RIBBONS VINTAGE CHRISTMAS,1,2011-12-05 17:36:00,2.89,17383,United Kingdom,False
546739,22047,EMPIRE GIFT WRAP,25,2011-03-16 12:12:00,0.42,17511,United Kingdom,False
537421,22585,PACK OF 6 BIRDY GIFT TAGS,1,2010-12-06 15:25:00,1.25,17218,United Kingdom,False
555691,21621,VINTAGE UNION JACK BUNTING,6,2011-06-06 14:31:00,8.5,12843,United Kingdom,False
576779,22138,BAKING SET 9 PIECE RETROSPOT,1,2011-11-16 13:25:00,4.95,14554,United Kingdom,False
548160,21913,VINTAGE SEASIDE JIGSAW PUZZLES,4,2011-03-29 13:33:00,3.75,16253,United Kingdom,False
570200,20719,WOODLAND CHARLOTTE BAG,10,2011-10-07 16:03:00,0.85,16918,United Kingdom,False
543369,22675,FRENCH KITCHEN SIGN BLUE METAL,2,2011-02-07 14:49:00,1.25,16255,United Kingdom,False
571654,23565,EGG CUP MILKMAID HELGA,1,2011-10-18 12:17:00,1.25,18118,United Kingdom,False
577078,85025B,EAU DE NILE HEART SHAPE PHOTO FRAME,1,2011-11-17 15:17:00,3.29,,United Kingdom,False
564090,22768,FAMILY PHOTO FRAME CORNICE,2,2011-08-23 09:53:00,9.95,17041,United Kingdom,False
575970,21929,JUMBO BAG PINK VINTAGE PAISLEY,2,2011-11-13 12:50:00,2.08,16416,United Kingdom,False
581457,23530,WALL ART ONLY ONE PERSON,126,2011-12-08 18:43:00,3.57,18102,United Kingdom,False
567905,21169,YOU'RE CONFUSING ME METAL SIGN,12,2011-09-22 16:37:00,1.69,12952,United Kingdom,False
557233,23002,TRAVEL CARD WALLET SKULLS,6,2011-06-17 14:44:00,0.42,15356,United Kingdom,False
578833,85049a,TRADITIONAL CHRISTMAS RIBBONS,11,2011-11-25 15:23:00,3.29,,United Kingdom,False
563382,21918,SET 12 KIDS COLOUR  CHALK STICKS,24,2011-08-16 10:50:00,0.42,18221,United Kingdom,False
546917,22500,SET OF 2 TINS JARDIN DE PROVENCE,4,2011-03-18 09:17:00,4.95,14911,EIRE,False
566561,22966,GINGERBREAD MAN COOKIE CUTTER,12,2011-09-13 12:13:00,1.25,18145,United Kingdom,False
547490,22808,SET OF 6 T-LIGHTS EASTER CHICKS,1,2011-03-23 11:48:00,2.95,17507,United Kingdom,False
560879,20996,JAZZ HEARTS ADDRESS BOOK,24,2011-07-21 15:23:00,0.19,16654,United Kingdom,False
552892,22381,TOY TIDY PINK POLKADOT,2,2011-05-12 10:48:00,2.1,,United Kingdom,False
557500,20717,STRAWBERRY SHOPPER BAG,1,2011-06-20 15:27:00,2.46,,United Kingdom,False
568226,20775,DAISY NOTEBOOK,2,2011-09-26 10:39:00,1.65,16719,United Kingdom,False
549237,22531,MAGIC DRAWING SLATE CIRCUS PARADE,24,2011-04-07 11:29:00,0.42,13950,United Kingdom,False
580983,22795,SWEETHEART RECIPE BOOK STAND,1,2011-12-06 16:26:00,13.29,,United Kingdom,False
541282,22428,ENAMEL FIRE BUCKET CREAM,2,2011-01-17 12:31:00,6.95,17690,United Kingdom,False
572513,85032C,CURIOUS IMAGES GIFT WRAP SET,2,2011-10-24 14:36:00,0.65,16728,United Kingdom,False
574722,21790,VINTAGE SNAP CARDS,1,2011-11-06 14:45:00,0.85,14502,United Kingdom,False
572232,23083,SET 6 PAPER TABLE LANTERN STARS,6,2011-10-21 14:41:00,3.75,16293,United Kingdom,False
562999,22149,FELTCRAFT 6 FLOWER FRIENDS,6,2011-08-11 11:51:00,2.1,15117,United Kingdom,False
579154,23280,FOLDING BUTTERFLY MIRROR HOT PINK,2,2011-11-28 13:27:00,0.83,17218,United Kingdom,False
541592,90173,PAIR BUTTERFLY HAIR CLIPS,1,2011-01-19 15:08:00,3.73,,United Kingdom,False
574909,22367,CHILDRENS APRON SPACEBOY DESIGN,2,2011-11-07 15:40:00,1.95,13673,United Kingdom,False
576596,23265,SET OF 3 WOODEN TREE DECORATIONS,12,2011-11-15 14:57:00,1.25,14911,EIRE,False
575493,22910,PAPER CHAIN KIT VINTAGE CHRISTMAS,12,2011-11-10 08:39:00,2.95,18210,United Kingdom,False
550637,21931,JUMBO STORAGE BAG SUKI,4,2011-04-19 15:39:00,2.08,14415,United Kingdom,False
579792,84997D,CHILDRENS CUTLERY POLKADOT PINK,8,2011-11-30 15:43:00,4.15,12714,France,False
544110,84406B,CREAM CUPID HEARTS COAT HANGER,1,2011-02-16 11:03:00,4.15,15059,United Kingdom,False
554073,22750,FELTCRAFT PRINCESS LOLA DOLL,4,2011-05-22 11:26:00,3.75,17007,United Kingdom,False
540646,85053,FRENCH ENAMEL CANDLEHOLDER,1,2011-01-10 14:32:00,4.21,,United Kingdom,False
580729,23272,TREE T-LIGHT HOLDER WILLIE WINKIE,2,2011-12-05 17:24:00,3.29,,United Kingdom,False
562528,22568,FELTCRAFT CUSHION OWL,4,2011-08-05 13:52:00,3.75,12610,Italy,False
540646,84563B,BLUE & WHITE BREAKFAST TRAY,1,2011-01-10 14:32:00,4.21,,United Kingdom,False
567671,85169B,BLACK LOVE BIRD CANDLE,1,2011-09-21 15:34:00,2.46,,United Kingdom,False
538148,22166,WALL MIRROR RECTANGLE DIAMANTE PINK,2,2010-12-09 16:26:00,16.13,,United Kingdom,False
557933,21175,GIN + TONIC DIET METAL SIGN,12,2011-06-23 15:07:00,2.55,13014,United Kingdom,False
542269,22904,CALENDAR PAPER CUT DESIGN,6,2011-01-27 09:33:00,2.95,14442,Channel Islands,False
576644,21124,SET/10 BLUE POLKADOT PARTY CANDLES,1,2011-11-16 10:01:00,2.46,,United Kingdom,False
539718,21992,VINTAGE PAISLEY STATIONERY SET,1,2010-12-21 13:06:00,2.51,,United Kingdom,False
551160,22697,GREEN REGENCY TEACUP AND SAUCER,6,2011-04-26 15:04:00,2.95,15237,United Kingdom,False
567183,21533,RETROSPOT LARGE MILK JUG,1,2011-09-18 15:33:00,4.95,14769,United Kingdom,False
537627,85049G,CHOCOLATE BOX RIBBONS,12,2010-12-07 14:58:00,1.25,14739,United Kingdom,False
579561,22768,FAMILY PHOTO FRAME CORNICE,2,2011-11-30 11:32:00,9.95,16115,United Kingdom,False
575177,21181,PLEASE ONE PERSON METAL SIGN,1,2011-11-08 18:41:00,4.13,,United Kingdom,False
572076,20972,PINK CREAM FELT CRAFT TRINKET BOX,12,2011-10-20 14:01:00,1.25,13761,United Kingdom,False
543996,85049F,BABY BOOM RIBBONS,12,2011-02-15 10:46:00,1.25,15811,United Kingdom,False
544664,22976,CIRCUS PARADE CHILDRENS EGG CUP,12,2011-02-22 14:55:00,1.25,16045,United Kingdom,False
567482,22406,MONEY BOX KINGS CHOICE DESIGN,1,2011-09-20 13:42:00,1.25,16464,United Kingdom,False
576329,35646,VINTAGE BEAD PINK EVENING BAG,2,2011-11-14 15:22:00,2.46,,United Kingdom,False
543235,22832,BROCANTE SHELF WITH HOOKS,2,2011-02-04 13:30:00,10.75,14462,United Kingdom,False
569866,23207,LUNCH BAG ALPHABET DESIGN,20,2011-10-06 14:50:00,1.65,12757,Portugal,False
571082,21992,VINTAGE PAISLEY STATIONERY SET,1,2011-10-13 15:25:00,2.46,,United Kingdom,False
542836,21930,JUMBO STORAGE BAG SKULLS,5,2011-02-01 11:31:00,1.95,16745,United Kingdom,False
562841,22676,FRENCH BLUE METAL DOOR SIGN 1,10,2011-08-09 16:42:00,1.25,17675,United Kingdom,False
560892,22456,NATURAL SLATE CHALKBOARD LARGE,6,2011-07-21 17:08:00,4.95,13089,United Kingdom,False
539955,22644,CERAMIC CHERRY CAKE MONEY BANK,1,2010-12-23 12:13:00,4.21,,United Kingdom,False
558718,22083,PAPER CHAIN KIT RETROSPOT,6,2011-07-01 13:31:00,2.95,16589,United Kingdom,False
578067,22588,CARD HOLDER GINGHAM HEART,2,2011-11-22 15:43:00,5.79,,United Kingdom,False
549553,22249,DECORATION WHITE CHICK MAGIC GARDEN,3,2011-04-10 12:22:00,0.85,16931,United Kingdom,False
575884,22575,METAL MERRY CHRISTMAS WREATH,8,2011-11-11 13:46:00,1.95,12685,France,False
C542426,22299,PIG KEYRING WITH LIGHT & SOUND,-24,2011-01-28 09:32:00,1.25,14146,United Kingdom,True
550502,84535A,,320,2011-04-18 15:29:00,0.0,,United Kingdom,False
567670,21787,RAIN PONCHO RETROSPOT,1,2011-09-21 15:32:00,1.63,,United Kingdom,False
565147,23332,IVORY WICKER HEART LARGE,36,2011-09-01 13:53:00,1.65,16187,United Kingdom,False
549116,21955,DOORMAT UNION JACK GUNS AND ROSES,2,2011-04-06 12:49:00,7.95,16670,United Kingdom,False
572566,22161,HEART DECORATION RUSTIC HANGING,24,2011-10-25 10:17:00,0.19,13050,United Kingdom,False
559052,20914,SET/5 RED RETROSPOT LID GLASS BOWLS,4,2011-07-05 16:53:00,5.79,,United Kingdom,False
552692,22617,BAKING SET SPACEBOY DESIGN,3,2011-05-10 15:19:00,4.95,13990,United Kingdom,False
569223,22372,AIRLINE BAG VINTAGE WORLD CHAMPION,1,2011-10-02 13:49:00,4.25,16283,United Kingdom,False
551961,22740,POLKADOT PEN,48,2011-05-05 12:39:00,0.85,13883,United Kingdom,False
554667,22197,SMALL POPCORN HOLDER,20,2011-05-25 15:18:00,0.85,15727,United Kingdom,False
574826,22476,EMPIRE UNION JACK TV DINNER TRAY,1,2011-11-07 10:58:00,4.95,15870,United Kingdom,False
576259,22621,TRADITIONAL KNITTING NANCY,12,2011-11-14 14:18:00,1.65,12957,United Kingdom,False
566014,21770,OPEN CLOSED METAL SIGN,24,2011-09-08 12:16:00,4.95,14688,United Kingdom,False
579508,23483,HANGING  BUTTERFLY T-LIGHT HOLDER,1,2011-11-29 16:33:00,15.79,,United Kingdom,False
552662,22502,PICNIC BASKET WICKER SMALL,1,2011-05-10 15:04:00,8.29,,United Kingdom,False
569136,22319,HAIRCLIPS FORTIES FABRIC ASSORTED,12,2011-09-30 14:41:00,0.65,15834,United Kingdom,False
576353,22609,PENS ASSORTED SPACEBALL,36,2011-11-14 16:17:00,0.19,15050,United Kingdom,False
540664,21430,SET/3 RED GINGHAM ROSE STORAGE BOX,5,2011-01-10 15:18:00,3.75,15044,United Kingdom,False
541014,21446,12 RED ROSE PEG PLACE SETTINGS,2,2011-01-13 11:54:00,1.25,14085,United Kingdom,False
555260,21068,VINTAGE BILLBOARD LOVE/HATE MUG,2,2011-06-01 15:34:00,1.25,13263,United Kingdom,False
555277,21901,"KEY FOB , BACK DOOR",1,2011-06-01 17:30:00,1.63,,United Kingdom,False
552820,22523,CHILDS GARDEN FORK PINK,12,2011-05-11 12:53:00,0.85,16644,United Kingdom,False
581219,21866,UNION JACK FLAG LUGGAGE TAG,1,2011-12-08 09:28:00,2.46,,United Kingdom,False
569728,22961,JAM MAKING SET PRINTED,12,2011-10-06 09:38:00,1.45,15416,United Kingdom,False
555923,22386,JUMBO BAG PINK POLKADOT,2,2011-06-07 17:09:00,4.13,,United Kingdom,False
573419,22119,PEACE WOODEN BLOCK LETTERS,6,2011-10-31 09:38:00,6.95,13103,United Kingdom,False
560579,85049G,CHOCOLATE BOX RIBBONS,2,2011-07-19 15:13:00,1.25,15867,United Kingdom,False
568780,22111,SCOTTIE DOG HOT WATER BOTTLE,6,2011-09-29 08:27:00,4.95,18235,United Kingdom,False
537400,82551,LAUNDRY 15C METAL SIGN,1,2010-12-06 14:36:00,1.45,17191,United Kingdom,False
551525,21928,JUMBO BAG SCANDINAVIAN BLUE PAISLEY,10,2011-05-01 12:37:00,2.08,14667,United Kingdom,False
551199,22645,CERAMIC HEART FAIRY CAKE MONEY BANK,12,2011-04-27 11:30:00,1.45,13018,United Kingdom,False
538635,48187,DOORMAT NEW ENGLAND,1,2010-12-13 13:32:00,7.95,17303,United Kingdom,False
537643,22144,CHRISTMAS CRAFT LITTLE FRIENDS,2,2010-12-07 15:34:00,4.21,,United Kingdom,False
578233,23402,HOME SWEET HOME 3 PEG HANGER,1,2011-11-23 12:20:00,3.75,14049,United Kingdom,False
573576,22086,PAPER CHAIN KIT 50'S CHRISTMAS,9,2011-10-31 14:09:00,5.79,14096,United Kingdom,False
564742,23346,SPACEBOY BEAKER,1,2011-08-28 15:01:00,1.25,17346,United Kingdom,False
574547,23265,SET OF 3 WOODEN TREE DECORATIONS,3,2011-11-04 15:08:00,1.25,17841,United Kingdom,False
572862,85152,HAND OVER THE CHOCOLATE   SIGN,2,2011-10-26 12:48:00,2.1,16750,United Kingdom,False
576995,23485,BOTANICAL GARDENS WALL CLOCK,2,2011-11-17 11:59:00,25.0,16298,United Kingdom,False
561093,22715,CARD WEDDING DAY,24,2011-07-25 10:01:00,0.42,12540,Spain,False
580520,21064,BOOM BOX SPEAKER BOYS,1,2011-12-04 14:55:00,1.25,13521,United Kingdom,False
536523,22699,ROSES REGENCY TEACUP AND SAUCER,6,2010-12-01 12:50:00,2.95,12868,United Kingdom,False
581451,23583,LUNCH BAG PAISLEY PARK,10,2011-12-08 17:57:00,1.65,17144,United Kingdom,False
576605,22231,JIGSAW TREE WITH BIRDHOUSE,1,2011-11-15 15:33:00,0.59,14562,United Kingdom,False
558718,21981,PACK OF 12 WOODLAND TISSUES,24,2011-07-01 13:31:00,0.29,16589,United Kingdom,False
580062,23571,TRADITIONAL NAUGHTS & CROSSES,2,2011-12-01 13:28:00,1.65,15862,United Kingdom,False
550315,21314,SMALL GLASS HEART TRINKET POT,8,2011-04-17 11:44:00,2.1,17990,United Kingdom,False
567095,21931,JUMBO STORAGE BAG SUKI,10,2011-09-16 13:03:00,2.08,17049,United Kingdom,False
553832,21025,SPACE FROG,10,2011-05-19 11:38:00,1.25,12957,United Kingdom,False
540906,20914,SET/5 RED RETROSPOT LID GLASS BOWLS,32,2011-01-12 11:51:00,2.55,16701,United Kingdom,False
576339,21285,RETROSPOT CANDLE  MEDIUM,1,2011-11-14 15:27:00,4.13,14096,United Kingdom,False
570116,23247,BISCUIT TIN 50'S CHRISTMAS,2,2011-10-07 12:38:00,2.89,12856,United Kingdom,False
569635,21888,BINGO SET,1,2011-10-05 12:13:00,3.75,12748,United Kingdom,False
538515,22635,CHILDS BREAKFAST SET DOLLY GIRL,24,2010-12-12 14:43:00,8.5,17937,United Kingdom,False
581439,23299,FOOD COVER WITH BEADS SET 2,1,2011-12-08 16:30:00,7.46,,United Kingdom,False
547387,22697,GREEN REGENCY TEACUP AND SAUCER,6,2011-03-22 16:00:00,2.95,12539,Spain,False
568719,82551,LAUNDRY 15C METAL SIGN,1,2011-09-28 16:19:00,2.46,,United Kingdom,False
542707,22492,MINI PAINT SET VINTAGE,108,2011-01-31 12:50:00,0.65,18095,United Kingdom,False
560579,22044,CHRISTMAS CARD STACK OF PRESENTS,12,2011-07-19 15:13:00,0.42,15867,United Kingdom,False
537690,22114,HOT WATER BOTTLE TEA AND SYMPATHY,12,2010-12-08 10:38:00,3.95,13983,United Kingdom,False
571850,23534,WALL ART STOP FOR TEA,2,2011-10-19 12:54:00,5.95,14698,United Kingdom,False
561388,23196,VINTAGE LEAF MAGNETIC NOTEPAD,48,2011-07-27 09:32:00,1.25,12753,Japan,False
560106,22693,GROW A FLYTRAP OR SUNFLOWER IN TIN,24,2011-07-14 20:01:00,1.25,17554,United Kingdom,False
543006,22666,RECIPE BOX PANTRY YELLOW DESIGN,1,2011-02-02 12:53:00,2.95,17975,United Kingdom,False
558523,21877,HOME SWEET HOME MUG,828,2011-06-30 10:44:00,1.06,17949,United Kingdom,False
562553,85032A,ROMANTIC IMAGES GIFT WRAP SET,2,2011-08-05 16:34:00,1.63,,United Kingdom,False
547864,22266,EASTER DECORATION HANGING BUNNY,3,2011-03-27 13:10:00,0.65,15716,United Kingdom,False
545166,22168,ORGANISER WOOD ANTIQUE WHITE,1,2011-02-28 14:03:00,8.5,17027,United Kingdom,False
579196,22150,3 STRIPEY MICE FELTCRAFT,3,2011-11-28 15:54:00,4.13,14096,United Kingdom,False
546543,21784,SHOE SHINE BOX,2,2011-03-14 15:40:00,9.95,17841,United Kingdom,False
569261,22396,MAGNETS PACK OF 4 RETRO PHOTO,3,2011-10-03 11:34:00,0.39,17321,United Kingdom,False
541974,16011,ANIMAL STICKERS,24,2011-01-24 14:16:00,0.21,14541,United Kingdom,False
547822,22649,STRAWBERRY FAIRY CAKE TEAPOT,24,2011-03-25 14:53:00,4.25,12668,Germany,False
560854,23206,LUNCH BAG APPLE DESIGN,10,2011-07-21 12:46:00,1.65,13098,United Kingdom,False
556108,46776F,WOVEN ROSE GARDEN CUSHION COVER,2,2011-06-08 17:59:00,4.13,,United Kingdom,False
538630,22961,JAM MAKING SET PRINTED,12,2010-12-13 13:25:00,1.45,14565,United Kingdom,False
566451,22470,HEART OF WICKER LARGE,4,2011-09-12 16:14:00,2.95,18069,United Kingdom,False
581219,22381,TOY TIDY PINK POLKADOT,2,2011-12-08 09:28:00,4.13,,United Kingdom,False
545568,21992,VINTAGE PAISLEY STATIONERY SET,1,2011-03-03 16:22:00,2.46,,United Kingdom,False
572081,23378,PACK OF 12 50'S CHRISTMAS TISSUES,24,2011-10-20 14:13:00,0.39,16592,United Kingdom,False
539475,85227,SET OF 6 3D KIT CARDS FOR KIDS,1,2010-12-19 14:41:00,0.85,16686,United Kingdom,False
552702,20975,12 PENCILS SMALL TUBE RED RETROSPOT,1,2011-05-10 16:00:00,1.25,,United Kingdom,False
571551,22431,WATERING CAN BLUE ELEPHANT,6,2011-10-18 08:28:00,1.95,15637,United Kingdom,False
573343,22187,GREEN CHRISTMAS TREE CARD HOLDER,2,2011-10-30 11:59:00,1.95,13566,United Kingdom,False
551350,22781,GUMBALL MAGAZINE RACK,24,2011-04-28 10:15:00,6.75,16672,United Kingdom,False
552829,22393,PAPERWEIGHT VINTAGE COLLAGE,2,2011-05-11 13:42:00,2.55,12748,United Kingdom,False
576644,23234,BISCUIT TIN VINTAGE CHRISTMAS,1,2011-11-16 10:01:00,5.79,,United Kingdom,False
541253,22930,BAKING MOULD HEART MILK CHOCOLATE,1,2011-01-16 13:51:00,2.55,17841,United Kingdom,False
552624,22607,WOODEN ROUNDERS GARDEN SET,2,2011-05-10 12:53:00,9.95,14505,United Kingdom,False
541485,15056BL,EDWARDIAN PARASOL BLACK,1,2011-01-18 13:05:00,5.95,18118,United Kingdom,False
560265,22435,SET OF 9 HEART SHAPED BALLOONS,24,2011-07-17 13:48:00,1.25,17863,United Kingdom,False
567340,22984,CARD GINGHAM ROSE,12,2011-09-19 15:02:00,0.42,12540,Spain,False
566285,22285,HANGING HEN ON NEST DECORATION,12,2011-09-11 14:51:00,1.65,13611,United Kingdom,False
579559,20719,WOODLAND CHARLOTTE BAG,2,2011-11-30 11:30:00,0.85,16764,United Kingdom,False
575176,23296,SET OF 6 TEA TIME BAKING CASES,1,2011-11-08 18:29:00,3.29,,United Kingdom,False
551283,22883,NUMBER TILE VINTAGE FONT 4,1,2011-04-27 14:01:00,1.95,16755,United Kingdom,False
562558,20659,ECONOMY LUGGAGE TAG,3,2011-08-05 16:43:00,1.25,13451,United Kingdom,False
544684,22426,ENAMEL WASH BOWL CREAM,1,2011-02-22 16:32:00,7.46,,United Kingdom,False
573572,22835,HOT WATER BOTTLE I AM SO POORLY,1,2011-10-31 14:03:00,4.95,14527,United Kingdom,False
558093,21034,REX CASH+CARRY JUMBO SHOPPER,1,2011-06-26 13:00:00,0.95,17969,United Kingdom,False
554160,22652,TRAVEL SEWING KIT,4,2011-05-23 11:49:00,1.65,17841,United Kingdom,False
537738,21929,JUMBO BAG PINK VINTAGE PAISLEY,10,2010-12-08 11:02:00,1.95,17706,United Kingdom,False
550512,22384,LUNCH BAG PINK POLKADOT,2,2011-04-18 16:31:00,1.65,18069,United Kingdom,False
543733,22544,MINI JIGSAW SPACEBOY,24,2011-02-11 12:16:00,0.42,12395,Belgium,False
561333,22423,REGENCY CAKESTAND 3 TIER,1,2011-07-26 14:27:00,12.75,,United Kingdom,False
546555,22192,BLUE DINER WALL CLOCK,2,2011-03-15 09:22:00,8.5,17675,United Kingdom,False
539034,20727,LUNCH BAG  BLACK SKULL.,5,2010-12-15 14:29:00,1.65,16161,United Kingdom,False
555275,22055,MINI CAKE STAND  HANGING STRAWBERY,1,2011-06-01 17:18:00,3.29,,United Kingdom,False
555924,22457,NATURAL SLATE HEART CHALKBOARD,1,2011-06-07 17:12:00,5.79,,United Kingdom,False
563476,20725,LUNCH BAG RED RETROSPOT,20,2011-08-16 15:22:00,1.65,17682,United Kingdom,False
576088,22993,SET OF 4 PANTRY JELLY MOULDS,8,2011-11-14 08:41:00,1.48,17450,United Kingdom,False
571931,21945,STRAWBERRIES  DESIGN FLANNEL,2,2011-10-19 16:59:00,1.63,,United Kingdom,False
580387,22086,PAPER CHAIN KIT 50'S CHRISTMAS,12,2011-12-04 10:29:00,2.95,18065,United Kingdom,False
570093,22219,LOVEBIRD HANGING DECORATION WHITE,1,2011-10-07 11:55:00,0.85,18096,United Kingdom,False
576658,22947,WOODEN ADVENT CALENDAR RED,4,2011-11-16 11:05:00,7.95,14534,United Kingdom,False
576840,15034,PAPER POCKET TRAVELING FAN,2,2011-11-16 15:23:00,0.83,,United Kingdom,False
576652,84347,ROTATING SILVER ANGELS T-LIGHT HLDR,1,2011-11-16 10:39:00,2.55,17198,United Kingdom,False
540028,22846,BREAD BIN DINER STYLE RED,2,2011-01-04 13:38:00,16.95,14180,United Kingdom,False
544295,21181,PLEASE ONE PERSON METAL SIGN,12,2011-02-17 12:43:00,1.85,14298,United Kingdom,False
538379,85123A,WHITE HANGING HEART T-LIGHT HOLDER,1,2010-12-12 11:26:00,2.95,17126,United Kingdom,False
554514,21936,RED RETROSPOT PICNIC BAG,1,2011-05-24 15:58:00,5.79,,United Kingdom,False
545695,85049E,SCANDINAVIAN REDS RIBBONS,1,2011-03-06 14:15:00,1.25,17050,United Kingdom,False
555573,21385,IVORY HANGING DECORATION  HEART,3,2011-06-05 15:46:00,0.85,15349,United Kingdom,False
540023,22437,SET OF 9 BLACK SKULL BALLOONS,10,2011-01-04 12:58:00,0.85,15039,United Kingdom,False
548808,22622,BOX OF VINTAGE ALPHABET BLOCKS,2,2011-04-04 12:55:00,11.95,17774,United Kingdom,False
C575839,22554,PLASTERS IN TIN WOODLAND ANIMALS,-12,2011-11-11 11:40:00,1.65,12517,Germany,True
553856,20963,APPLE BATH SPONGE,2,2011-05-19 13:28:00,1.25,16813,United Kingdom,False
551172,85123A,WHITE HANGING HEART T-LIGHT HOLDER,5,2011-04-26 16:53:00,2.95,17854,United Kingdom,False
549958,22139,RETROSPOT TEA SET CERAMIC 11 PC,6,2011-04-13 13:47:00,4.95,17589,United Kingdom,False
553718,22355,CHARLOTTE BAG SUKI DESIGN,3,2011-05-18 16:14:00,1.63,,United Kingdom,False
567167,21916,SET 12 RETRO WHITE CHALK STICKS,5,2011-09-18 12:21:00,0.42,15547,United Kingdom,False
566288,22847,BREAD BIN DINER STYLE IVORY,1,2011-09-11 15:18:00,16.95,12883,United Kingdom,False
581217,22819,"BIRTHDAY CARD, RETRO SPOT",3,2011-12-08 09:20:00,0.42,,United Kingdom,False
538378,22109,FULL ENGLISH BREAKFAST PLATE,6,2010-12-12 11:26:00,3.75,14577,United Kingdom,False
574693,23571,TRADITIONAL NAUGHTS & CROSSES,2,2011-11-06 13:32:00,1.65,14553,United Kingdom,False
546861,16237,SLEEPING CAT ERASERS,30,2011-03-17 15:03:00,0.21,14911,EIRE,False
581193,22326,ROUND SNACK BOXES SET OF4 WOODLAND,2,2011-12-07 17:05:00,2.95,17097,Spain,False
538349,90214C,"LETTER ""C"" BLING KEY RING",1,2010-12-10 14:59:00,0.85,,United Kingdom,False
568325,22740,POLKADOT PEN,89,2011-09-26 13:57:00,0.85,14667,United Kingdom,False
561889,22568,FELTCRAFT CUSHION OWL,4,2011-07-31 13:37:00,3.75,15804,United Kingdom,False
568135,23309,SET OF 60 I LOVE LONDON CAKE CASES,1,2011-09-23 17:04:00,1.25,,United Kingdom,False
568058,22086,PAPER CHAIN KIT 50'S CHRISTMAS,12,2011-09-23 12:58:00,2.95,18188,United Kingdom,False
574292,21166,COOK WITH WINE METAL SIGN,1,2011-11-03 15:27:00,2.08,16914,United Kingdom,False
580654,22091,EMPIRE TISSUE BOX,1,2011-12-05 13:37:00,0.39,15854,United Kingdom,False
566186,20971,PINK BLUE FELT CRAFT TRINKET BOX,12,2011-09-09 13:02:00,1.25,16603,United Kingdom,False
570088,20974,12 PENCILS SMALL TUBE SKULL,1,2011-10-07 11:32:00,0.65,16764,United Kingdom,False
578445,22355,CHARLOTTE BAG SUKI DESIGN,10,2011-11-24 12:25:00,0.85,15005,United Kingdom,False
540017,85212,MINI PAINTED GARDEN DECORATION,72,2011-01-04 11:48:00,0.21,13963,United Kingdom,False
570252,21481,FAWN BLUE HOT WATER BOTTLE,4,2011-10-10 09:14:00,3.75,14665,United Kingdom,False
572327,21791,VINTAGE HEADS AND TAILS CARD GAME,12,2011-10-24 10:08:00,1.25,15277,United Kingdom,False
544657,22968,ROSE COTTAGE KEEPSAKE BOX,2,2011-02-22 13:08:00,9.95,14895,United Kingdom,False
568953,22109,FULL ENGLISH BREAKFAST PLATE,4,2011-09-29 15:31:00,3.75,12728,France,False
538149,22350,ILLUSTRATED CAT BOWL,1,2010-12-09 16:27:00,5.06,,United Kingdom,False
545854,22595,GINGHAM HEART DECORATION,24,2011-03-07 13:51:00,0.85,14817,United Kingdom,False
568346,51014A,"FEATHER PEN,HOT PINK",13,2011-09-26 15:28:00,0.83,14096,United Kingdom,False
564841,23298,SPOTTY BUNTING,7,2011-08-30 13:42:00,10.79,,United Kingdom,False
544479,22292,HANGING CHICK  YELLOW DECORATION,288,2011-02-21 10:28:00,1.25,14646,Netherlands,False
560433,22204,MILK PAN BLUE POLKADOT,1,2011-07-18 15:49:00,3.29,,United Kingdom,False
574284,23208,LUNCH BAG VINTAGE LEAF DESIGN,10,2011-11-03 15:01:00,1.65,17644,United Kingdom,False
566717,21936,RED RETROSPOT PICNIC BAG,1,2011-09-14 12:14:00,2.95,17841,United Kingdom,False
556728,84978,HANGING HEART JAR T-LIGHT HOLDER,6,2011-06-14 11:36:00,1.25,15719,United Kingdom,False
542864,48184,DOORMAT ENGLISH ROSE,10,2011-02-01 12:03:00,6.75,13802,United Kingdom,False
542103,21896,POTTING SHED TWINE,6,2011-01-25 13:26:00,2.1,13198,United Kingdom,False
578851,23035,DRAWER KNOB CERAMIC IVORY,18,2011-11-27 11:05:00,1.45,16407,United Kingdom,False
577358,21356,TOAST ITS - FAIRY FLOWER,9,2011-11-18 15:59:00,0.83,,United Kingdom,False
549295,48194,DOORMAT HEARTS,1,2011-04-07 19:49:00,15.79,,United Kingdom,False
573846,84843,WHITE SOAP RACK WITH 2 BOTTLES,18,2011-11-01 11:39:00,4.65,14866,United Kingdom,False
578149,22179,SET 10 NIGHT OWL LIGHTS,2,2011-11-23 11:11:00,13.29,,United Kingdom,False
538597,21824,PAINTED METAL STAR WITH HOLLY BELLS,5,2010-12-13 12:26:00,1.45,15555,United Kingdom,False
553655,22797,CHEST OF DRAWERS GINGHAM HEART,1,2011-05-18 11:14:00,16.95,16775,United Kingdom,False
569638,22835,HOT WATER BOTTLE I AM SO POORLY,4,2011-10-05 12:15:00,4.95,16140,United Kingdom,False
536837,16161M,WRAP  PINK FLOCK,25,2010-12-02 18:15:00,0.42,14395,United Kingdom,False
540352,21147,JINGLE BELLS TREE DECORATION,1,2011-01-06 14:27:00,2.51,,United Kingdom,False
571231,22191,IVORY DINER WALL CLOCK,2,2011-10-14 14:22:00,8.5,15856,United Kingdom,False
566581,22698,PINK REGENCY TEACUP AND SAUCER,4,2011-09-13 13:47:00,2.95,16081,United Kingdom,False
C576240,23486,ANTIQUE HEART SHELF UNIT,-1,2011-11-14 13:34:00,16.65,14441,United Kingdom,True
559812,82551,LAUNDRY 15C METAL SIGN,3,2011-07-12 15:29:00,1.45,15051,United Kingdom,False
544301,84849B,FAIRY SOAP SOAP HOLDER,1,2011-02-17 12:59:00,1.69,14606,United Kingdom,False
544477,85152,HAND OVER THE CHOCOLATE   SIGN,48,2011-02-21 10:07:00,1.53,16029,United Kingdom,False
549916,22969,HOMEMADE JAM SCENTED CANDLES,12,2011-04-13 09:39:00,1.45,13717,United Kingdom,False
573269,47504K,ENGLISH ROSE GARDEN SECATEURS,3,2011-10-28 13:00:00,0.79,16764,United Kingdom,False
539595,22202,MILK PAN PINK POLKADOT,1,2010-12-20 13:43:00,7.62,,United Kingdom,False
543653,20830,SILVER PHOTO FRAME,1,2011-02-11 10:26:00,2.1,14796,United Kingdom,False
576655,84755,COLOUR GLASS T-LIGHT HOLDER HANGING,16,2011-11-16 10:55:00,0.65,15687,United Kingdom,False
536749,90082A,DIAMANTE BOW BROOCH GREEN COLOUR,5,2010-12-02 13:49:00,6.35,17976,United Kingdom,False
536744,21843,RED RETROSPOT CAKE STAND,2,2010-12-02 13:36:00,10.95,14466,United Kingdom,False
549958,20977,36 PENCILS TUBE WOODLAND,3,2011-04-13 13:47:00,1.25,17589,United Kingdom,False
573426,20677,PINK POLKADOT BOWL,4,2011-10-31 10:17:00,2.46,,United Kingdom,False
556733,22413,METAL SIGN TAKE IT OR LEAVE IT,2,2011-06-14 11:53:00,2.95,16919,United Kingdom,False
575975,23342,MINT DINER WALL CLOCK,1,2011-11-13 13:18:00,8.5,13536,United Kingdom,False
570488,84581,DOG TOY WITH PINK CROCHET SKIRT,1,2011-10-10 17:12:00,4.13,14096,United Kingdom,False
537638,22834,HAND WARMER BABUSHKA DESIGN,4,2010-12-07 15:28:00,4.21,,United Kingdom,False
547334,21624,VINTAGE UNION JACK DOORSTOP,4,2011-03-22 11:43:00,5.95,15044,United Kingdom,False
581164,22173,METAL 4 HOOK HANGER FRENCH CHATEAU,8,2011-12-07 14:34:00,3.29,14395,United Kingdom,False
559460,37495,FAIRY CAKE BIRTHDAY CANDLE SET,4,2011-07-08 13:00:00,3.75,13862,United Kingdom,False
563571,23004,TRAVEL CARD WALLET PANTRY,2,2011-08-17 14:58:00,0.42,15541,United Kingdom,False
580058,22952,60 CAKE CASES VINTAGE CHRISTMAS,24,2011-12-01 13:19:00,0.55,14367,United Kingdom,False
542911,21500,PINK POLKADOT WRAP,25,2011-02-01 15:41:00,0.42,12676,Sweden,False
545978,22806,SET OF 6 T-LIGHTS WEDDING CAKE,6,2011-03-08 12:19:00,2.95,13975,United Kingdom,False
564747,23147,SINGLE ANTIQUE ROSE HOOK IVORY,6,2011-08-28 16:09:00,1.45,14869,United Kingdom,False
543985,21670,BLUE SPOT CERAMIC DRAWER KNOB,2,2011-02-15 09:44:00,2.46,,United Kingdom,False
C574510,22114,HOT WATER BOTTLE TEA AND SYMPATHY,-2,2011-11-04 13:25:00,4.25,15110,United Kingdom,True
572240,84832,ZINC WILLIE WINKIE  CANDLE STICK,12,2011-10-21 15:18:00,0.85,13709,United Kingdom,False
545475,22093,MOTORING TISSUE BOX,36,2011-03-03 10:59:00,1.06,12415,Australia,False
566930,85099F,JUMBO BAG STRAWBERRY,10,2011-09-15 15:26:00,2.08,15417,United Kingdom,False
562608,21874,GIN AND TONIC MUG,12,2011-08-08 11:45:00,1.25,15502,United Kingdom,False
574920,23569,TRADTIONAL ALPHABET STAMP SET,8,2011-11-07 16:34:00,4.95,13985,United Kingdom,False
545152,22855,FINE WICKER HEART,12,2011-02-28 12:47:00,1.25,15227,United Kingdom,False
538625,22634,CHILDS BREAKFAST SET SPACEBOY,2,2010-12-13 12:50:00,9.95,14544,United Kingdom,False
545522,22203,MILK PAN RED RETROSPOT,4,2011-03-03 12:35:00,3.75,15596,United Kingdom,False
553522,22167,OVAL WALL MIRROR DIAMANTE,1,2011-05-17 14:43:00,9.95,15005,United Kingdom,False
540504,21181,PLEASE ONE PERSON METAL SIGN,4,2011-01-09 11:02:00,2.1,13668,United Kingdom,False
537131,22809,SET OF 6 T-LIGHTS SANTA,6,2010-12-05 12:26:00,2.95,15716,United Kingdom,False
550621,85152,HAND OVER THE CHOCOLATE   SIGN,1,2011-04-19 13:41:00,2.1,13263,United Kingdom,False
576889,85099B,JUMBO BAG RED RETROSPOT,22,2011-11-16 17:24:00,2.08,12748,United Kingdom,False
577053,21888,BINGO SET,4,2011-11-17 14:17:00,3.75,13001,United Kingdom,False
578067,22578,WOODEN STAR CHRISTMAS SCANDINAVIAN,1,2011-11-22 15:43:00,0.83,,United Kingdom,False
569020,22550,HOLIDAY FUN LUDO,4,2011-09-30 09:39:00,3.75,15321,United Kingdom,False
542789,21122,SET/10 PINK POLKADOT PARTY CANDLES,24,2011-02-01 10:38:00,1.25,17511,United Kingdom,False
574514,48173C,DOORMAT BLACK FLOCK,10,2011-11-04 13:34:00,7.08,15311,United Kingdom,False
575068,20718,RED RETROSPOT SHOPPER BAG,20,2011-11-08 12:46:00,1.25,14282,United Kingdom,False
571257,23330,DECORATIVE WICKER HEART MEDIUM,1,2011-10-14 17:17:00,2.46,,United Kingdom,False
538641,21977,PACK OF 60 PINK PAISLEY CAKE CASES,24,2010-12-13 14:36:00,0.55,15640,United Kingdom,False
543332,85024B,EAU DE NILE JEWELLED PHOTOFRAME,12,2011-02-07 12:24:00,1.65,13955,United Kingdom,False
570650,21809,CHRISTMAS HANGING TREE WITH BELL,15,2011-10-11 13:13:00,0.39,13263,United Kingdom,False
570650,21070,VINTAGE BILLBOARD MUG,2,2011-10-11 13:13:00,1.25,13263,United Kingdom,False
547079,85066,CREAM SWEETHEART MINI CHEST,1,2011-03-20 15:02:00,12.75,15408,United Kingdom,False
580907,22496,SET OF 2 ROUND TINS DUTCH CHEESE,12,2011-12-06 13:13:00,0.79,13507,United Kingdom,False
540977,22183,CAKE STAND VICTORIAN FILIGREE MED,1,2011-01-12 15:01:00,5.91,,United Kingdom,False
574056,22385,JUMBO BAG SPACEBOY DESIGN,100,2011-11-02 14:09:00,1.79,14646,Netherlands,False
552874,21724,PANDA AND BUNNIES STICKER SHEET,12,2011-05-12 09:40:00,0.85,12621,Germany,False
546252,84997C,BLUE 3 PIECE POLKADOT CUTLERY SET,4,2011-03-10 14:42:00,4.15,14930,Channel Islands,False
554098,22965,3 TRADITIONAL BISCUIT CUTTERS  SET,2,2011-05-22 13:01:00,2.1,14769,United Kingdom,False
555275,47559B,TEA TIME OVEN GLOVE,2,2011-06-01 17:18:00,2.46,,United Kingdom,False
556041,22501,PICNIC BASKET WICKER LARGE,1,2011-06-08 12:44:00,9.95,17954,United Kingdom,False
572549,22601,CHRISTMAS RETROSPOT ANGEL WOOD,2,2011-10-24 17:03:00,1.63,,United Kingdom,False
563195,22930,BAKING MOULD HEART MILK CHOCOLATE,1,2011-08-12 16:36:00,4.96,,United Kingdom,False
C571859,84976,RECTANGULAR SHAPED MIRROR,-12,2011-10-19 13:39:00,0.79,15159,United Kingdom,True
580208,20828,GLITTER BUTTERFLY CLIPS,12,2011-12-02 12:07:00,2.55,13468,United Kingdom,False
542998,22386,JUMBO BAG PINK POLKADOT,3,2011-02-02 12:16:00,4.13,,United Kingdom,False
574074,23169,CLASSIC GLASS COOKIE JAR,1,2011-11-02 15:33:00,8.29,,United Kingdom,False
556767,23444,NEXT DAY CARRIAGE,1,2011-06-14 12:17:00,15.0,18073,United Kingdom,False
538517,85227,SET OF 6 3D KIT CARDS FOR KIDS,4,2010-12-12 16:05:00,0.85,17618,United Kingdom,False
551854,21623,VINTAGE UNION JACK MEMOBOARD,2,2011-05-04 14:55:00,9.95,13576,United Kingdom,False
571410,84029E,RED WOOLLY HOTTIE WHITE HEART.,4,2011-10-17 12:32:00,4.25,17527,United Kingdom,False
544893,22994,TRAVEL CARD WALLET RETROSPOT,24,2011-02-24 12:01:00,0.42,17865,United Kingdom,False
559171,20727,LUNCH BAG  BLACK SKULL.,10,2011-07-07 08:21:00,1.65,17651,United Kingdom,False
571716,84596B,SMALL DOLLY MIX DESIGN ORANGE BOWL,2,2011-10-18 17:05:00,0.83,,United Kingdom,False
557112,23298,SPOTTY BUNTING,2,2011-06-16 16:31:00,10.79,,United Kingdom,False
558887,22423,REGENCY CAKESTAND 3 TIER,2,2011-07-04 15:26:00,12.75,18265,United Kingdom,False
561650,22081,RIBBON REEL FLORA + FAUNA,10,2011-07-28 15:31:00,1.65,15329,United Kingdom,False
563926,22569,FELTCRAFT CUSHION BUTTERFLY,4,2011-08-21 14:42:00,3.75,12553,France,False
550835,82581,TOILET METAL SIGN,10,2011-04-21 10:52:00,0.55,15034,United Kingdom,False
561610,23301,GARDENERS KNEELING PAD KEEP CALM,12,2011-07-28 12:28:00,1.65,16076,United Kingdom,False
545655,22524,CHILDRENS GARDEN GLOVES BLUE,1,2011-03-04 13:58:00,1.25,14670,United Kingdom,False
555340,21239,PINK  POLKADOT CUP,8,2011-06-02 11:33:00,0.85,13334,United Kingdom,False
560385,23168,CLASSIC CAFE SUGAR DISPENSER,1,2011-07-18 12:53:00,1.25,14583,United Kingdom,False
549155,90114,SUMMER DAISIES BAG CHARM,1,2011-04-06 17:08:00,2.46,,United Kingdom,False
543713,22549,PICTURE DOMINOES,1,2011-02-11 11:46:00,2.46,,United Kingdom,False
541219,21847,GREEN  DIAMANTE PEN IN GIFT BOX,13,2011-01-14 14:06:00,1.63,,United Kingdom,False
561471,21980,PACK OF 12 RED RETROSPOT TISSUES,48,2011-07-27 13:14:00,0.29,14911,EIRE,False
571317,22111,SCOTTIE DOG HOT WATER BOTTLE,1,2011-10-17 10:48:00,4.95,17377,United Kingdom,False
539434,21733,RED HANGING HEART T-LIGHT HOLDER,6,2010-12-17 14:41:00,5.91,,United Kingdom,False
559062,22909,SET OF 20 VINTAGE CHRISTMAS NAPKINS,96,2011-07-06 10:09:00,0.72,13253,United Kingdom,False
573275,21530,DAIRY MAID TOASTRACK,1,2011-10-28 13:12:00,0.79,15311,United Kingdom,False
552544,22637,PIGGY BANK RETROSPOT,8,2011-05-10 10:29:00,2.55,13320,United Kingdom,False
577078,23434,3 RAFFIA RIBBONS 50'S CHRISTMAS,8,2011-11-17 15:17:00,0.83,,United Kingdom,False
546763,22629,SPACEBOY LUNCH BOX,2,2011-03-16 14:24:00,1.95,,United Kingdom,False
555923,22791,T-LIGHT GLASS FLUTED ANTIQUE,3,2011-06-07 17:09:00,2.46,,United Kingdom,False
536544,22963,JAM JAR WITH GREEN LID,1,2010-12-01 14:32:00,1.66,,United Kingdom,False
C559079,46138B,BLUE CHENILLE SHAGGY CUSHION COVER,-3,2011-07-06 10:44:00,0.85,17841,United Kingdom,True
537688,90212C,PURPLE LAS VEGAS BRACELET ROUND,3,2010-12-08 10:35:00,3.75,17406,United Kingdom,False
574354,22195,LARGE HEART MEASURING SPOONS,40,2011-11-04 10:47:00,1.65,17203,United Kingdom,False
564335,84459A,PINK METAL CHICKEN HEART,4,2011-08-24 14:23:00,1.49,15800,United Kingdom,False
543345,21803,CHRISTMAS TREE STAR DECORATION,1,2011-02-07 12:29:00,0.42,,United Kingdom,False
551855,85049D,BRIGHT BLUES RIBBONS,1,2011-05-04 15:08:00,1.25,12836,United Kingdom,False
577010,21900,"KEY FOB , SHED",5,2011-11-17 12:11:00,0.65,15506,United Kingdom,False
541422,22422,TOOTHPASTE TUBE PEN,1,2011-01-17 17:48:00,1.25,,United Kingdom,False
558911,21749,LARGE RED RETROSPOT WINDMILL,6,2011-07-05 09:23:00,2.1,14189,United Kingdom,False
581217,85170C,SET/6 EAU DE NIL BIRD T-LIGHTS,1,2011-12-08 09:20:00,4.13,,United Kingdom,False
565766,22195,LARGE HEART MEASURING SPOONS,2,2011-09-06 14:23:00,1.65,17841,United Kingdom,False
559163,84536A,ENGLISH ROSE NOTEBOOK A7 SIZE,3,2011-07-06 16:33:00,0.42,,United Kingdom,False
545568,22675,FRENCH KITCHEN SIGN BLUE METAL,1,2011-03-03 16:22:00,2.46,,United Kingdom,False
541487,85118,,-35,2011-01-18 13:19:00,0.0,,United Kingdom,False
545574,22212,FOUR HOOK  WHITE LOVEBIRDS,10,2011-03-03 18:16:00,2.1,13959,United Kingdom,False
564725,84991,60 TEATIME FAIRY CAKE CASES,1,2011-08-28 12:28:00,0.55,18041,United Kingdom,False
569652,23377,PACK OF 12 DOLLY GIRL TISSUES,24,2011-10-05 12:51:00,0.39,15628,United Kingdom,False
566295,85175,CACTI T-LIGHT CANDLES,16,2011-09-11 15:44:00,0.42,15547,United Kingdom,False
544336,22858,EASTER TIN KEEPSAKE,1,2011-02-17 19:36:00,1.65,13230,United Kingdom,False
580367,23109,PACK OF SIX LED TEA LIGHTS,1,2011-12-02 16:39:00,5.79,,United Kingdom,False
568225,37446,MINI CAKE STAND WITH HANGING CAKES,8,2011-09-26 10:35:00,1.45,13014,United Kingdom,False
569702,23032,DRAWER KNOB CRACKLE GLAZE IVORY,6,2011-10-05 16:09:00,1.65,14396,United Kingdom,False
567380,22969,HOMEMADE JAM SCENTED CANDLES,12,2011-09-20 10:06:00,1.45,12620,France,False
579297,21888,BINGO SET,1,2011-11-29 11:23:00,7.46,,United Kingdom,False
536846,21668,RED STRIPE CERAMIC DRAWER KNOB,2,2010-12-02 19:59:00,1.25,14573,United Kingdom,False
576137,22835,HOT WATER BOTTLE I AM SO POORLY,24,2011-11-14 10:45:00,4.25,15482,United Kingdom,False
C560589,21868,POTTING SHED TEA MUG,-11,2011-07-19 15:50:00,1.25,15249,United Kingdom,True
571671,22082,RIBBON REEL STRIPES DESIGN,3,2011-10-18 13:15:00,1.65,16940,United Kingdom,False
558774,23268,SET OF 2 CERAMIC CHRISTMAS REINDEER,1,2011-07-04 10:17:00,2.92,,United Kingdom,False
564139,22475,SKULL DESIGN TV DINNER TRAY,4,2011-08-23 11:41:00,4.95,16904,United Kingdom,False
566322,23300,GARDENERS KNEELING PAD CUP OF TEA,24,2011-09-12 11:58:00,1.65,16209,United Kingdom,False
557311,22646,CERAMIC STRAWBERRY CAKE MONEY BANK,4,2011-06-19 15:36:00,1.45,15700,United Kingdom,False
544571,85175,CACTI T-LIGHT CANDLES,16,2011-02-21 13:07:00,0.42,15146,United Kingdom,False
579099,22816,CARD MOTORBIKE SANTA,12,2011-11-28 11:26:00,0.42,15714,United Kingdom,False
C548460,48187,DOORMAT NEW ENGLAND,-2,2011-03-31 11:58:00,7.95,16801,United Kingdom,True
557770,21391,FRENCH LAVENDER SCENT HEART,48,2011-06-22 14:41:00,0.75,14643,United Kingdom,False
547250,22759,SET OF 3 NOTEBOOKS IN PARCEL,1,2011-03-22 09:30:00,3.29,,United Kingdom,False
552813,23044,PAPER LANTERN 9 POINT HOLLY STAR 23,2,2011-05-11 12:44:00,4.15,15079,United Kingdom,False
566408,21181,PLEASE ONE PERSON METAL SIGN,60,2011-09-12 13:43:00,1.85,16984,United Kingdom,False
576076,47599A,PINK PARTY BAGS,2,2011-11-13 16:18:00,2.1,14382,United Kingdom,False
554598,22907,PACK OF 20 NAPKINS PANTRY DESIGN,4,2011-05-25 11:12:00,0.85,13263,United Kingdom,False
560105,85204,HANGING WOOD AND FELT FLOWER,4,2011-07-14 19:23:00,0.12,16794,United Kingdom,False
569216,22187,GREEN CHRISTMAS TREE CARD HOLDER,2,2011-10-02 12:41:00,1.95,15555,United Kingdom,False
565388,23032,DRAWER KNOB CRACKLE GLAZE IVORY,6,2011-09-02 15:56:00,1.65,14415,United Kingdom,False
539736,85071C,"CHARLIE+LOLA""EXTREMELY BUSY"" SIGN",1,2010-12-21 15:18:00,5.06,,United Kingdom,False
557310,21378,SMALL TALL CAMPHOR WOOD TOADSTOOL,6,2011-06-19 15:33:00,1.65,13240,United Kingdom,False
540680,20675,BLUE POLKADOT BOWL,1,2011-01-10 16:24:00,1.25,15311,United Kingdom,False
562619,21754,HOME BUILDING BLOCK WORD,3,2011-08-08 12:34:00,5.95,15311,United Kingdom,False
556723,82484,WOOD BLACK BOARD ANT WHITE FINISH,108,2011-06-14 11:25:00,4.8,18102,United Kingdom,False
566976,21790,VINTAGE SNAP CARDS,24,2011-09-16 09:27:00,0.85,15382,United Kingdom,False
539631,22155,STAR DECORATION RUSTIC,1,2010-12-20 15:03:00,0.85,,United Kingdom,False
557274,23209,LUNCH BAG DOILEY PATTERN,10,2011-06-19 11:44:00,1.65,14004,United Kingdom,False
572669,22469,HEART OF WICKER SMALL,2,2011-10-25 13:10:00,1.65,16549,United Kingdom,False
581404,22632,HAND WARMER RED RETROSPOT,13,2011-12-08 13:47:00,2.1,13680,United Kingdom,False
568588,21181,PLEASE ONE PERSON METAL SIGN,12,2011-09-28 10:18:00,2.1,14109,United Kingdom,False
560590,85053,FRENCH ENAMEL CANDLEHOLDER,6,2011-07-19 15:55:00,2.1,12560,Germany,False
568173,21790,VINTAGE SNAP CARDS,24,2011-09-25 13:16:00,0.85,16187,United Kingdom,False
539631,22277,COSMETIC BAG VINTAGE ROSE PAISLEY,1,2010-12-20 15:03:00,4.21,,United Kingdom,False
578292,23437,50'S CHRISTMAS GIFT BAG LARGE,12,2011-11-23 14:35:00,1.25,13174,United Kingdom,False
546653,20713,JUMBO BAG OWLS,2,2011-03-15 14:18:00,4.13,,United Kingdom,False
567966,21733,RED HANGING HEART T-LIGHT HOLDER,6,2011-09-23 09:26:00,2.95,16782,United Kingdom,False
557494,21935,SUKI  SHOULDER BAG,1,2011-06-20 15:19:00,4.13,,United Kingdom,False
551164,21925,UNION STRIPE CUSHION COVER,3,2011-04-26 15:56:00,1.25,17262,United Kingdom,False
550331,16202E,BLACK PHOTO ALBUM,2,2011-04-17 13:43:00,0.5,15555,United Kingdom,False
562933,20707,CRAZY DAISY HEART DECORATION,4,2011-08-10 16:51:00,0.83,,United Kingdom,False
551423,22918,HERB MARKER PARSLEY,1,2011-04-28 14:31:00,0.65,,United Kingdom,False
551007,15056bl,EDWARDIAN PARASOL BLACK,1,2011-04-26 09:49:00,12.46,,United Kingdom,False
559557,21179,NO JUNK MAIL METAL SIGN,24,2011-07-11 10:33:00,0.39,17444,Canada,False
564817,22144,CHRISTMAS CRAFT LITTLE FRIENDS,2,2011-08-30 12:02:00,4.13,,United Kingdom,False
540681,21156,RETROSPOT CHILDRENS APRON,1,2011-01-10 16:25:00,4.21,,United Kingdom,False
566264,15056P,EDWARDIAN PARASOL PINK,1,2011-09-11 13:07:00,5.95,14606,United Kingdom,False
563657,22624,IVORY KITCHEN SCALES,2,2011-08-18 10:49:00,8.5,15615,United Kingdom,False
560120,22283,6 EGG HOUSE PAINTED WOOD,2,2011-07-15 10:27:00,7.95,14907,United Kingdom,False
556198,22431,WATERING CAN BLUE ELEPHANT,2,2011-06-09 12:30:00,1.95,14963,United Kingdom,False
563928,47593B,SCOTTIE DOGS BABY BIB,4,2011-08-21 15:17:00,0.39,17059,United Kingdom,False
577010,20726,LUNCH BAG WOODLAND,5,2011-11-17 12:11:00,1.65,15506,United Kingdom,False
556116,84576,BLUE CAT BISCUIT BARREL PINK HEART,2,2011-06-09 09:44:00,1.95,15214,United Kingdom,False
579131,23343,JUMBO BAG VINTAGE CHRISTMAS,10,2011-11-28 12:33:00,2.08,12839,United Kingdom,False
546525,22191,IVORY DINER WALL CLOCK,2,2011-03-14 12:58:00,8.5,14733,United Kingdom,False
563756,47590A,BLUE HAPPY BIRTHDAY BUNTING,6,2011-08-19 11:08:00,5.45,12418,Switzerland,False
536856,22621,TRADITIONAL KNITTING NANCY,12,2010-12-03 10:26:00,1.45,13370,United Kingdom,False
550280,20719,WOODLAND CHARLOTTE BAG,10,2011-04-15 13:31:00,0.85,13048,United Kingdom,False
547417,22062,CERAMIC BOWL WITH LOVE HEART DESIGN,36,2011-03-23 10:25:00,0.0,13239,United Kingdom,False
561653,84859A,SILVER DISCO HANDBAG,12,2011-07-28 15:55:00,1.95,14002,United Kingdom,False
579267,22698,PINK REGENCY TEACUP AND SAUCER,6,2011-11-29 09:42:00,2.95,14961,United Kingdom,False
552039,21564,PINK  HEART SHAPE LOVE BUCKET,6,2011-05-06 08:10:00,2.95,13081,United Kingdom,False
560451,82486,WOOD S/3 CABINET ANT WHITE FINISH,2,2011-07-19 09:50:00,8.95,14911,EIRE,False
560445,22838,3 TIER CAKE TIN RED AND CREAM,12,2011-07-19 09:08:00,12.75,14156,EIRE,False
570910,21790,VINTAGE SNAP CARDS,24,2011-10-13 10:55:00,0.85,15489,United Kingdom,False
577524,21818,GLITTER HEART DECORATION,10,2011-11-20 13:33:00,0.39,16905,United Kingdom,False
539453,21484,CHICK GREY HOT WATER BOTTLE,4,2010-12-17 17:08:00,7.62,,United Kingdom,False
539484,22937,BAKING MOULD CHOCOLATE CUPCAKES,3,2010-12-19 15:44:00,2.55,15640,United Kingdom,False
572549,23636,SET 10 CARDS WISHING TREE 17116,1,2011-10-24 17:03:00,2.91,,United Kingdom,False
560772,84907,PINK YELLOW PATCH CUSHION COVER,1,2011-07-20 16:12:00,5.79,,United Kingdom,False
576837,23293,SET OF 12 FAIRY CAKE BAKING CASES,1,2011-11-16 15:16:00,2.46,,United Kingdom,False
552727,23080,RED METAL BOX TOP SECRET,2,2011-05-11 10:32:00,8.25,14920,United Kingdom,False
568721,22578,WOODEN STAR CHRISTMAS SCANDINAVIAN,21,2011-09-28 16:24:00,0.83,,United Kingdom,False
538093,21559,STRAWBERRY LUNCH BOX WITH CUTLERY,12,2010-12-09 14:49:00,2.55,12682,France,False
565617,21078,SET/20 STRAWBERRY PAPER NAPKINS,2,2011-09-05 15:30:00,1.63,,United Kingdom,False
552964,22855,FINE WICKER HEART,12,2011-05-12 13:05:00,1.25,16057,United Kingdom,False
560925,20685,DOORMAT RED RETROSPOT,20,2011-07-22 09:02:00,6.75,15061,United Kingdom,False
543921,22241,GARLAND WOODEN HAPPY EASTER,12,2011-02-14 14:13:00,1.25,13911,United Kingdom,False
547670,22993,SET OF 4 PANTRY JELLY MOULDS,2,2011-03-24 13:41:00,1.25,16769,United Kingdom,False
553933,82582,AREA PATROLLED METAL SIGN,6,2011-05-20 10:30:00,2.1,15078,United Kingdom,False
577742,21110,LARGE CAKE TOWEL PINK SPOTS,1,2011-11-21 13:41:00,6.75,13755,United Kingdom,False
580367,22633,HAND WARMER UNION JACK,1,2011-12-02 16:39:00,4.13,,United Kingdom,False
543979,21931,JUMBO STORAGE BAG SUKI,1,2011-02-14 15:43:00,1.95,14606,United Kingdom,False
562587,22993,SET OF 4 PANTRY JELLY MOULDS,12,2011-08-07 14:34:00,1.25,15640,United Kingdom,False
568880,20992,JAZZ HEARTS PURSE NOTEBOOK,3,2011-09-29 12:39:00,0.39,14524,United Kingdom,False
552975,21668,RED STRIPE CERAMIC DRAWER KNOB,12,2011-05-12 13:58:00,1.25,17932,United Kingdom,False
555400,23099,FRENCH CARRIAGE LANTERN,3,2011-06-02 17:50:00,5.75,14088,United Kingdom,False
581407,21872,GLAMOROUS  MUG,1,2011-12-08 13:59:00,1.25,13263,United Kingdom,False
575985,23212,HEART WREATH DECORATION WITH BELL,1,2011-11-13 14:09:00,1.25,17841,United Kingdom,False
580044,23536,WALL ART VILLAGE SHOW,4,2011-12-01 12:36:00,5.95,14869,United Kingdom,False
563818,20728,LUNCH BAG CARS BLUE,10,2011-08-19 11:55:00,1.65,13327,United Kingdom,False
541850,21684,SMALL MEDINA STAMPED METAL BOWL,12,2011-01-23 13:58:00,0.85,14224,United Kingdom,False
C566467,85099F,JUMBO BAG STRAWBERRY,-14,2011-09-12 18:04:00,2.08,14688,United Kingdom,True
577443,22464,HANGING METAL HEART LANTERN,96,2011-11-20 11:16:00,1.45,12971,United Kingdom,False
558910,72741,GRAND CHOCOLATECANDLE,432,2011-07-05 09:16:00,1.25,12989,United Kingdom,False
569415,23241,TREASURE TIN GYMKHANA DESIGN,1,2011-10-04 10:14:00,4.13,,United Kingdom,False
538518,84406B,CREAM CUPID HEARTS COAT HANGER,3,2010-12-12 16:14:00,3.25,14505,United Kingdom,False
541423,84952A,CLEAR LOVE BIRD T-LIGHT HOLDER,2,2011-01-17 17:54:00,1.63,,United Kingdom,False
538148,85048,15CM CHRISTMAS GLASS BALL 20 LIGHTS,1,2010-12-09 16:26:00,16.98,,United Kingdom,False
559679,22791,T-LIGHT GLASS FLUTED ANTIQUE,12,2011-07-11 14:46:00,1.25,15265,United Kingdom,False
577473,22907,PACK OF 20 NAPKINS PANTRY DESIGN,2,2011-11-20 11:28:00,0.85,15919,United Kingdom,False
581492,21508,VINTAGE KID DOLLY CARD,1,2011-12-09 10:03:00,0.83,,United Kingdom,False
540247,84581,DOG TOY WITH PINK CROCHET SKIRT,1,2011-01-05 15:56:00,3.75,15464,United Kingdom,False
573585,22399,MAGNETS PACK OF 4 CHILDHOOD MEMORY,1,2011-10-31 14:41:00,2.46,,United Kingdom,False
578350,21428,SET3 BOOK BOX GREEN GINGHAM FLOWER,4,2011-11-24 09:51:00,4.25,15632,United Kingdom,False
563952,82484,WOOD BLACK BOARD ANT WHITE FINISH,4,2011-08-22 10:44:00,7.95,15572,United Kingdom,False
562347,23005,TRAVEL CARD WALLET I LOVE LONDON,1,2011-08-04 12:22:00,0.42,13263,United Kingdom,False
567183,22212,FOUR HOOK  WHITE LOVEBIRDS,4,2011-09-18 15:32:00,2.1,14769,United Kingdom,False
545415,21033,JUMBO BAG CHARLIE AND LOLA TOYS,10,2011-03-02 13:03:00,2.95,15641,United Kingdom,False
578290,20932,PINK POT PLANT CANDLE,12,2011-11-23 14:07:00,2.95,13644,United Kingdom,False
576093,22065,CHRISTMAS PUDDING TRINKET POT,48,2011-11-14 09:05:00,0.39,17744,United Kingdom,False
573830,21034,REX CASH+CARRY JUMBO SHOPPER,2,2011-11-01 11:35:00,0.95,16960,United Kingdom,False
541784,22953,BIRTHDAY PARTY CORDON BARRIER TAPE,1,2011-01-21 12:37:00,1.25,17277,United Kingdom,False
555924,23200,JUMBO BAG PEARS,4,2011-06-07 17:12:00,4.13,,United Kingdom,False
540681,84661B,BLACK SQUARE TABLE CLOCK,1,2011-01-10 16:25:00,2.51,,United Kingdom,False
568786,22729,ALARM CLOCK BAKELIKE ORANGE,4,2011-09-29 09:16:00,3.75,15144,United Kingdom,False
542601,21523,DOORMAT FANCY FONT HOME SWEET HOME,1,2011-01-30 11:52:00,7.95,16897,United Kingdom,False
565378,21212,PACK OF 72 RETROSPOT CAKE CASES,11,2011-09-02 15:16:00,2.08,,United Kingdom,False
553702,85150,LADIES & GENTLEMEN METAL SIGN,3,2011-05-18 14:50:00,2.55,13263,United Kingdom,False
577341,23493,VINTAGE DOILY TRAVEL SEWING KIT,10,2011-11-18 15:00:00,1.95,16279,United Kingdom,False
567656,22476,EMPIRE UNION JACK TV DINNER TRAY,1,2011-09-21 14:40:00,10.79,14096,United Kingdom,False
574719,23228,FILIGREE HEART BIRD WHITE,24,2011-11-06 14:38:00,1.25,14511,United Kingdom,False
562688,22302,COFFEE MUG PEARS  DESIGN,6,2011-08-08 13:53:00,2.55,13869,United Kingdom,False
556876,20727,LUNCH BAG  BLACK SKULL.,1,2011-06-15 11:56:00,1.65,16241,United Kingdom,False
C537797,22423,REGENCY CAKESTAND 3 TIER,-2,2010-12-08 13:07:00,10.95,13113,United Kingdom,True
557850,21080,SET/20 RED RETROSPOT PAPER NAPKINS,12,2011-06-23 10:56:00,0.85,12720,Germany,False
543732,22474,SPACEBOY TV DINNER TRAY,1,2011-02-11 12:02:00,10.79,,United Kingdom,False
552508,82567,"AIRLINE LOUNGE,METAL SIGN",2,2011-05-09 16:27:00,1.63,,United Kingdom,False
578844,22154,ANGEL DECORATION 3 BUTTONS,1,2011-11-25 16:14:00,0.83,,United Kingdom,False
548188,22920,HERB MARKER BASIL,2,2011-03-29 15:12:00,0.65,13263,United Kingdom,False
549118,21403,BLUE EGG  SPOON,48,2011-04-06 13:18:00,0.12,14911,EIRE,False
C558110,22767,TRIPLE PHOTO FRAME CORNICE,-2,2011-06-26 15:47:00,9.95,17731,United Kingdom,True
538153,22772,PINK DRAWER KNOB ACRYLIC EDWARDIAN,5,2010-12-09 16:31:00,2.51,,United Kingdom,False
560231,21429,RED GINGHAM ROSE JEWELLERY BOX,8,2011-07-17 10:55:00,1.95,13305,United Kingdom,False
571441,21746,SMALL RED RETROSPOT WINDMILL,2,2011-10-17 13:31:00,2.46,14096,United Kingdom,False
558908,22361,GLASS JAR DAISY FRESH COTTON WOOL,6,2011-07-05 09:06:00,2.95,13338,United Kingdom,False
543807,20971,PINK BLUE FELT CRAFT TRINKET BOX,3,2011-02-13 13:15:00,1.25,14692,United Kingdom,False
566451,20712,JUMBO BAG WOODLAND ANIMALS,1,2011-09-12 16:14:00,2.08,18069,United Kingdom,False
575078,23583,LUNCH BAG PAISLEY PARK,10,2011-11-08 13:25:00,1.65,17633,United Kingdom,False
560726,21730,GLASS STAR FROSTED T-LIGHT HOLDER,1,2011-07-20 14:16:00,4.95,17962,United Kingdom,False
544466,21094,SET/6 RED SPOTTY PAPER PLATES,3,2011-02-20 15:43:00,0.85,14606,United Kingdom,False
577358,22494,EMERGENCY FIRST AID TIN,2,2011-11-18 15:59:00,2.46,,United Kingdom,False
574298,22356,CHARLOTTE BAG PINK POLKADOT,2,2011-11-03 15:56:00,1.63,,United Kingdom,False
C560855,22262,FELT EGG COSY CHICKEN,-4,2011-07-21 13:00:00,0.85,14410,United Kingdom,True
557500,72802C,VANILLA SCENT CANDLE JEWELLED BOX,1,2011-06-20 15:27:00,8.29,,United Kingdom,False
554507,22999,TRAVEL CARD WALLET RETRO PETALS,24,2011-05-24 15:29:00,0.42,15513,United Kingdom,False
565238,22371,AIRLINE BAG VINTAGE TOKYO 78,4,2011-09-02 09:48:00,4.25,16945,United Kingdom,False
545314,21039,RED RETROSPOT SHOPPING BAG,6,2011-03-01 14:11:00,2.55,12866,Belgium,False
543900,17003,BROCADE RING PURSE,36,2011-02-14 12:11:00,0.29,12621,Germany,False
570452,22973,CHILDREN'S CIRCUS PARADE MUG,12,2011-10-10 15:15:00,1.65,12427,Germany,False
540977,22600,CHRISTMAS RETROSPOT STAR WOOD,3,2011-01-12 15:01:00,1.66,,United Kingdom,False
556917,22138,BAKING SET 9 PIECE RETROSPOT,48,2011-06-15 13:37:00,4.25,12415,Australia,False
570790,23263,SET OF 3 WOODEN HEART DECORATIONS,12,2011-10-12 11:55:00,1.25,13575,United Kingdom,False
549995,22076,6 RIBBONS EMPIRE,24,2011-04-14 08:32:00,1.65,16131,United Kingdom,False
579777,22821,GIFT BAG PSYCHEDELIC APPLES,1,2011-11-30 15:13:00,0.83,,United Kingdom,False
581219,85199S,SMALL HANGING IVORY/RED WOOD BIRD,5,2011-12-08 09:28:00,0.83,,United Kingdom,False
576608,22616,PACK OF 12 LONDON TISSUES,864,2011-11-15 15:49:00,0.32,17381,United Kingdom,False
573144,23048,SET OF 10 LANTERNS FAIRY LIGHT STAR,1,2011-10-27 17:57:00,4.15,18035,United Kingdom,False
580098,21625,VINTAGE UNION JACK APRON,3,2011-12-01 15:05:00,6.95,15373,United Kingdom,False
564056,79321,CHILLI LIGHTS,5,2011-08-22 14:13:00,5.75,14387,United Kingdom,False
568531,21326,AGED GLASS SILVER T-LIGHT HOLDER,12,2011-09-27 13:49:00,0.65,16713,United Kingdom,False
578270,20761,BLUE PAISLEY SKETCHBOOK,2,2011-11-23 13:39:00,7.46,14096,United Kingdom,False
568574,23100,SILVER BELLS TABLE DECORATION,12,2011-09-28 09:15:00,1.25,13862,United Kingdom,False
568153,22086,PAPER CHAIN KIT 50'S CHRISTMAS,40,2011-09-25 12:02:00,2.55,17716,United Kingdom,False
540946,22655,VINTAGE RED KITCHEN CABINET,1,2011-01-12 12:43:00,125.0,12359,Cyprus,False
568984,85178,VICTORIAN SEWING KIT,2,2011-09-29 15:57:00,1.25,17813,United Kingdom,False
C576561,21530,DAIRY MAID TOASTRACK,-1,2011-11-15 13:22:00,0.79,15311,United Kingdom,True
560989,23203,JUMBO BAG DOILEY PATTERNS,12,2011-07-22 13:20:00,2.08,15704,United Kingdom,False
572553,23533,WALL ART GARDEN HAVEN,1,2011-10-24 17:09:00,12.46,,United Kingdom,False
573340,23186,FRENCH STYLE STORAGE JAR CAFE,6,2011-10-30 11:55:00,0.29,14159,United Kingdom,False
580695,23350,ROLL WRAP VINTAGE SPOT,3,2011-12-05 16:03:00,1.25,13230,United Kingdom,False
560772,84746,PINK EASTER HENS+FLOWER,1,2011-07-20 16:12:00,2.46,,United Kingdom,False
562264,22716,CARD CIRCUS PARADE,2,2011-08-03 16:14:00,0.83,,United Kingdom,False
560368,20727,LUNCH BAG  BLACK SKULL.,5,2011-07-18 12:25:00,1.65,17841,United Kingdom,False
572294,21889,WOODEN BOX OF DOMINOES,7,2011-10-23 13:10:00,1.25,13471,United Kingdom,False
571407,21137,BLACK RECORD COVER FRAME,72,2011-10-17 12:16:00,3.39,13750,United Kingdom,False
571710,23503,PLAYING CARDS KEEP CALM & CARRY ON,12,2011-10-18 15:54:00,1.25,13032,United Kingdom,False
570187,84378,SET OF 3 HEART COOKIE CUTTERS,1,2011-10-07 15:09:00,2.46,,United Kingdom,False
573632,23356,LOVE HOT WATER BOTTLE,3,2011-10-31 15:36:00,5.95,15329,United Kingdom,False
539982,84997B,RED 3 PIECE RETROSPOT CUTLERY SET,4,2010-12-23 14:40:00,3.75,15311,United Kingdom,False
553897,46000U,POLYESTER FILLER PAD 30CMX30CM,2,2011-05-19 17:23:00,1.25,14911,EIRE,False
563928,82552,WASHROOM METAL SIGN,1,2011-08-21 15:17:00,1.45,17059,United Kingdom,False
562445,23267,SET OF 4 SANTA PLACE SETTINGS,12,2011-08-04 18:51:00,1.25,12417,Belgium,False
572060,POST,POSTAGE,1,2011-10-20 12:52:00,18.0,12569,Germany,False
573264,20724,RED RETROSPOT CHARLOTTE BAG,10,2011-10-28 12:36:00,0.85,14415,United Kingdom,False
540821,21147,JINGLE BELLS TREE DECORATION,2,2011-01-11 13:16:00,2.51,,United Kingdom,False
573546,22734,SET OF 6 RIBBONS VINTAGE CHRISTMAS,12,2011-10-31 13:13:00,2.89,15974,United Kingdom,False
573556,23203,JUMBO BAG VINTAGE DOILY,20,2011-10-31 13:51:00,2.08,17675,United Kingdom,False
539437,22180,RETROSPOT LAMP,1,2010-12-17 14:54:00,21.23,,United Kingdom,False
572886,84987,SET OF 36 TEATIME PAPER DOILIES,12,2011-10-26 13:46:00,1.45,12448,Spain,False
581266,21576,LETS GO SHOPPING COTTON TOTE BAG,6,2011-12-08 11:25:00,2.25,12621,Germany,False
577549,23205,CHARLOTTE BAG VINTAGE ALPHABET,2,2011-11-20 15:00:00,0.85,17841,United Kingdom,False
565405,23342,MINT DINER CLOCK,2,2011-09-04 10:51:00,8.5,14211,United Kingdom,False
562717,23052,RECYCLED ACAPULCO MAT TURQUOISE,1,2011-08-08 15:42:00,16.63,,United Kingdom,False
572499,23373,VINTAGE CHRISTMAS PAPER GIFT BAG,10,2011-10-24 14:10:00,0.82,15786,United Kingdom,False
558367,22854,CREAM SWEETHEART EGG HOLDER,2,2011-06-28 15:31:00,4.95,16550,United Kingdom,False
571556,22144,CHRISTMAS CRAFT LITTLE FRIENDS,6,2011-10-18 09:24:00,2.1,12662,Germany,False
581133,21209,MULTICOLOUR HONEYCOMB FAN,12,2011-12-07 12:55:00,0.39,14904,United Kingdom,False
545911,22616,PACK OF 12 LONDON TISSUES,432,2011-03-08 10:12:00,0.21,17940,United Kingdom,False
537434,84032B,CHARLIE + LOLA RED HOT WATER BOTTLE,3,2010-12-06 16:57:00,3.36,,United Kingdom,False
574589,22110,BIRD HOUSE HOT WATER BOTTLE,1,2011-11-06 10:33:00,2.55,15017,United Kingdom,False
558367,21559,STRAWBERRY LUNCH BOX WITH CUTLERY,4,2011-06-28 15:31:00,2.55,16550,United Kingdom,False
536864,21945,STRAWBERRIES  DESIGN FLANNEL,1,2010-12-03 11:27:00,1.66,,United Kingdom,False
561708,21933,PINK VINTAGE PAISLEY PICNIC BAG,10,2011-07-29 11:28:00,1.65,13575,United Kingdom,False
571265,23353,6 GIFT TAGS VINTAGE CHRISTMAS,2,2011-10-16 11:31:00,0.83,16674,United Kingdom,False
559816,20615,BLUE POLKADOT PASSPORT COVER,2,2011-07-12 16:11:00,1.63,,United Kingdom,False
548194,85152,HAND OVER THE CHOCOLATE   SIGN,3,2011-03-29 15:30:00,4.13,,United Kingdom,False
542107,22960,JAM MAKING SET WITH JARS,1,2011-01-25 13:38:00,4.25,16222,United Kingdom,False
575875,22195,LARGE HEART MEASURING SPOONS,1,2011-11-11 13:06:00,3.29,,United Kingdom,False
580723,23691,WRAP KEEP CALM BIRTHDAY,25,2011-12-05 17:09:00,0.42,15856,United Kingdom,False
570871,23512,EMBROIDERED RIBBON REEL ROSIE,1,2011-10-12 16:36:00,4.13,,United Kingdom,False
573155,84879,ASSORTED COLOUR BIRD ORNAMENT,16,2011-10-28 08:34:00,1.69,13632,United Kingdom,False
543913,21832,CHOCOLATE CALCULATOR,1,2011-02-14 13:11:00,1.65,17591,United Kingdom,False
566757,85049H,URBAN BLACK RIBBONS,1,2011-09-14 15:54:00,0.83,,United Kingdom,False
574292,22866,HAND WARMER SCOTTY DOG DESIGN,1,2011-11-03 15:27:00,2.1,16914,United Kingdom,False
564135,23307,SET OF 60 PANTRY DESIGN CAKE CASES,12,2011-08-23 11:12:00,0.55,16550,United Kingdom,False
556108,22970,LONDON BUS COFFEE MUG,1,2011-06-08 17:59:00,4.96,,United Kingdom,False
570688,21065,BOOM BOX SPEAKER GIRLS,1,2011-10-11 16:29:00,4.13,,United Kingdom,False
547565,22083,PAPER CHAIN KIT RETROSPOT,6,2011-03-24 09:21:00,2.95,13035,United Kingdom,False
562371,21669,BLUE STRIPE CERAMIC DRAWER KNOB,12,2011-08-04 14:30:00,1.25,13709,United Kingdom,False
551747,82613B,"METAL SIGN,CUPCAKE SINGLE HOOK",40,2011-05-04 11:00:00,0.42,14298,United Kingdom,False
544094,22328,ROUND SNACK BOXES SET OF 4 FRUITS,6,2011-02-16 09:11:00,2.95,15810,United Kingdom,False
561390,22379,RECYCLING BAG RETROSPOT,10,2011-07-27 09:52:00,2.1,17068,United Kingdom,False
546856,22331,WOODLAND PARTY BAG + STICKER SET,8,2011-03-17 14:12:00,1.65,15433,United Kingdom,False
556475,21781,MA CAMPAGNE CUTLERY BOX,1,2011-06-12 12:03:00,14.95,18109,United Kingdom,False
571746,21892,TRADITIONAL WOODEN CATCH CUP GAME,12,2011-10-19 10:56:00,1.25,17043,United Kingdom,False
567619,85099B,JUMBO BAG RED RETROSPOT,10,2011-09-21 12:28:00,2.08,15203,United Kingdom,False
578065,22033,BOTANICAL ROSE GREETING CARD,1,2011-11-22 15:41:00,0.83,,United Kingdom,False
572846,47367B,PAIR PADDED HANGERS PINK CHECK,2,2011-10-26 12:14:00,3.75,14550,United Kingdom,False
577011,22993,SET OF 4 PANTRY JELLY MOULDS,24,2011-11-17 12:19:00,1.25,15657,United Kingdom,False
543921,35909B,PINK FLOWERS RABBIT EASTER,6,2011-02-14 14:13:00,2.95,13911,United Kingdom,False
569246,85199S,SMALL HANGING IVORY/RED WOOD BIRD,1,2011-10-03 09:57:00,0.83,14096,United Kingdom,False
549683,22558,CLOTHES PEGS RETROSPOT PACK 24,12,2011-04-11 13:24:00,1.65,14273,United Kingdom,False
575840,23344,JUMBO BAG 50'S CHRISTMAS,4,2011-11-11 11:56:00,2.08,13137,United Kingdom,False
553088,22986,GINGHAM ROSE WRAP,25,2011-05-13 11:53:00,0.42,16180,United Kingdom,False
574249,22953,BIRTHDAY PARTY CORDON BARRIER TAPE,2,2011-11-03 13:01:00,1.25,16347,United Kingdom,False
566082,23020,GLASS  SONGBIRD STORAGE JAR,1,2011-09-09 10:09:00,12.5,16293,United Kingdom,False
543111,82551,LAUNDRY 15C METAL SIGN,1,2011-02-03 12:44:00,1.45,15719,United Kingdom,False
557322,16161P,WRAP ENGLISH ROSE,25,2011-06-20 09:04:00,0.42,17444,Canada,False
559001,21257,VICTORIAN SEWING BOX MEDIUM,2,2011-07-05 12:17:00,7.95,18198,United Kingdom,False
541104,21220,SET/4 BADGES DOGS,2,2011-01-13 14:29:00,0.83,,United Kingdom,False
577082,22141,CHRISTMAS CRAFT TREE TOP ANGEL,6,2011-11-17 15:31:00,2.1,15811,United Kingdom,False
569843,20984,12 PENCILS TALL TUBE POSY,3,2011-10-06 13:29:00,0.29,14449,United Kingdom,False
566060,22477,WATERING CAN GARDEN MARKER,1,2011-09-08 15:27:00,2.46,,United Kingdom,False
549009,21474,,-8,2011-04-05 14:39:00,0.0,,United Kingdom,False
576867,82583,HOT BATHS METAL SIGN,12,2011-11-16 16:18:00,2.1,13012,United Kingdom,False
578065,23034,DRAWER KNOB CERAMIC BLACK,2,2011-11-22 15:41:00,3.29,,United Kingdom,False
561039,21154,RED RETROSPOT OVEN GLOVE,10,2011-07-24 12:02:00,1.25,16525,United Kingdom,False
556728,23239,SET OF 4 KNICK KNACK TINS POPPIES,2,2011-06-14 11:36:00,4.15,15719,United Kingdom,False
544460,85146,JARDIN ETCHED GLASS SMALL BELL JAR,1,2011-02-20 14:01:00,5.95,16931,United Kingdom,False
548191,21559,STRAWBERRY LUNCH BOX WITH CUTLERY,1,2011-03-29 15:20:00,4.96,,United Kingdom,False
544301,22545,MINI JIGSAW BUNNIES,25,2011-02-17 12:59:00,0.42,14606,United Kingdom,False
579508,21403,BLUE EGG  SPOON,2,2011-11-29 16:33:00,0.42,,United Kingdom,False
564842,23547,WRAP FLOWER SHOP,25,2011-08-30 13:47:00,0.42,16133,United Kingdom,False
576927,23115,RED APPLES CHOPPING BOARD,3,2011-11-17 11:02:00,4.95,12567,France,False
565420,48194,DOORMAT HEARTS,2,2011-09-04 12:09:00,8.25,16326,United Kingdom,False
553544,22502,PICNIC BASKET WICKER SMALL,1,2011-05-17 15:36:00,8.29,,United Kingdom,False
538076,21259,VICTORIAN SEWING BOX SMALL,1,2010-12-09 14:15:00,5.95,15311,United Kingdom,False
555558,22951,60 CAKE CASES DOLLY GIRL DESIGN,1,2011-06-05 14:06:00,0.55,14159,United Kingdom,False
564647,23190,BUNDLE OF 3 SCHOOL EXERCISE BOOKS,1,2011-08-26 13:56:00,1.65,17920,United Kingdom,False
554098,23161,REGENCY CAKE FORK,6,2011-05-22 13:01:00,1.25,14769,United Kingdom,False
581439,85049H,URBAN BLACK RIBBONS,1,2011-12-08 16:30:00,0.83,,United Kingdom,False
577738,85048,15CM CHRISTMAS GLASS BALL 20 LIGHTS,12,2011-11-21 13:35:00,6.95,13739,United Kingdom,False
572185,22327,ROUND SNACK BOXES SET OF 4 SKULLS,2,2011-10-21 10:52:00,6.63,,United Kingdom,False
580097,23073,GEORGIAN TRINKET BOX,3,2011-12-01 14:58:00,12.5,14216,United Kingdom,False
539708,79144B,PAINTED LIGHTBULB STAR+ MOON,3,2010-12-21 12:18:00,0.84,,United Kingdom,False
576900,23250,VINTAGE RED TRIM ENAMEL BOWL,48,2011-11-17 08:53:00,1.25,15489,United Kingdom,False
550900,20723,STRAWBERRY CHARLOTTE BAG,40,2011-04-21 12:11:00,0.85,16553,United Kingdom,False
558558,21735,TWO DOOR CURIO CABINET,2,2011-06-30 13:17:00,12.75,17841,United Kingdom,False
575583,21990,MODERN FLORAL STATIONERY SET,1,2011-11-10 11:55:00,1.25,14456,United Kingdom,False
581219,22390,PAPERWEIGHT CHILDHOOD MEMORIES,1,2011-12-08 09:28:00,4.96,,United Kingdom,False
543467,22962,JAM JAR WITH PINK LID,1,2011-02-08 14:35:00,1.63,,United Kingdom,False
548742,22995,TRAVEL CARD WALLET SUKI,8,2011-04-04 12:00:00,0.42,14688,United Kingdom,False
541421,84228,HEN HOUSE W CHICK STANDING,1,2011-01-17 17:44:00,0.83,,United Kingdom,False
575117,22139,RETROSPOT TEA SET CERAMIC 11 PC,1,2011-11-08 14:22:00,4.95,12748,United Kingdom,False
553035,22564,ALPHABET STENCIL CRAFT,2,2011-05-12 20:13:00,1.25,17337,United Kingdom,False
545410,22851,SET 20 NAPKINS FAIRY CAKES DESIGN,12,2011-03-02 12:18:00,0.85,16670,United Kingdom,False
556491,22662,LUNCH BAG DOLLY GIRL DESIGN,2,2011-06-12 14:15:00,1.65,16794,United Kingdom,False
553768,22179,SET 10 NIGHT OWL LIGHTS,1,2011-05-19 10:47:00,13.29,,United Kingdom,False
554376,21033,JUMBO BAG CHARLIE AND LOLA TOYS,3,2011-05-24 11:31:00,2.08,15719,United Kingdom,False
575756,21558,SKULL LUNCH BOX WITH CUTLERY,3,2011-11-11 10:48:00,2.55,18118,United Kingdom,False
547383,47590A,BLUE HAPPY BIRTHDAY BUNTING,3,2011-03-22 15:42:00,5.45,12613,Germany,False
572309,85230B,CINNAMON SCENTED VOTIVE CANDLE,24,2011-10-23 15:29:00,0.29,14432,United Kingdom,False
561867,23200,JUMBO BAG PEARS,7,2011-07-31 10:59:00,2.08,16931,United Kingdom,False
572680,22840,ROUND CAKE TIN VINTAGE RED,1,2011-10-25 13:48:00,7.95,,Portugal,False
540458,21090,SET/6 COLLAGE PAPER PLATES,12,2011-01-07 12:28:00,0.85,12501,Germany,False
560094,22151,PLACE SETTING WHITE HEART,432,2011-07-14 17:13:00,0.36,18109,United Kingdom,False
555562,22195,LARGE HEART MEASURING SPOONS,1,2011-06-05 14:45:00,1.65,17841,United Kingdom,False
577535,21524,DOORMAT SPOTTY HOME SWEET HOME,1,2011-11-20 14:07:00,8.25,14071,United Kingdom,False
580693,22219,LOVEBIRD HANGING DECORATION WHITE,12,2011-12-05 15:59:00,0.85,15690,United Kingdom,False
569491,23504,PLAYING CARDS JUBILEE UNION JACK,2,2011-10-04 13:25:00,1.25,14056,United Kingdom,False
572732,22616,PACK OF 12 LONDON TISSUES,36,2011-10-25 15:21:00,0.39,18079,United Kingdom,False
554275,84947,ANTIQUE SILVER TEA GLASS ENGRAVED,6,2011-05-23 13:17:00,1.25,14903,United Kingdom,False
539595,21832,CHOCOLATE CALCULATOR,1,2010-12-20 13:43:00,3.36,,United Kingdom,False
573889,22405,MONEY BOX POCKET MONEY DESIGN,1,2011-11-01 13:44:00,1.25,13571,United Kingdom,False
556917,20840,FRENCH FLORAL CUSHION COVER,24,2011-06-15 13:37:00,0.85,12415,Australia,False
578075,21232,STRAWBERRY CERAMIC TRINKET POT,1,2011-11-22 16:11:00,1.25,15039,United Kingdom,False
540352,90205A,LARGE MINT DIAMANTE HAIRSLIDE,2,2011-01-06 14:27:00,1.69,,United Kingdom,False
559679,23236,DOILEY STORAGE TIN,6,2011-07-11 14:46:00,2.89,15265,United Kingdom,False
550499,22792,FLUTED ANTIQUE CANDLE HOLDER,1,2011-04-18 15:16:00,1.63,,United Kingdom,False
538349,22127,PARTY CONES CARNIVAL ASSORTED,1,2010-12-10 14:59:00,12.72,,United Kingdom,False
574920,22381,TOY TIDY PINK POLKADOT,5,2011-11-07 16:34:00,2.1,13985,United Kingdom,False
549750,85066,CREAM SWEETHEART MINI CHEST,5,2011-04-12 10:48:00,12.75,18109,United Kingdom,False
579501,22589,CARDHOLDER GINGHAM STAR,6,2011-11-29 16:16:00,2.49,14088,United Kingdom,False
577772,23546,WRAP PAISLEY PARK,25,2011-11-21 15:53:00,0.42,18139,United Kingdom,False
578518,22650,CERAMIC PIRATE CHEST MONEY BANK,1,2011-11-24 13:54:00,1.45,14606,United Kingdom,False
558232,84951A,SET OF 4 PISTACHIO LOVEBIRD COASTER,12,2011-06-27 14:30:00,0.79,17841,United Kingdom,False
553151,84949,SILVER HANGING T-LIGHT HOLDER,24,2011-05-13 14:53:00,1.65,13089,United Kingdom,False
554142,22722,SET OF 6 SPICE TINS PANTRY DESIGN,24,2011-05-23 10:38:00,3.45,15288,United Kingdom,False
565230,23252,VINTAGE RED ENAMEL TRIM JUG,8,2011-09-02 09:24:00,3.75,16705,United Kingdom,False
576508,22297,HEART IVORY TRELLIS SMALL,4,2011-11-15 12:02:00,1.25,17777,United Kingdom,False
554964,21498,RED RETROSPOT WRAP,25,2011-05-27 15:57:00,0.42,15867,United Kingdom,False
557859,22697,GREEN REGENCY TEACUP AND SAUCER,6,2011-06-23 11:55:00,2.95,17709,United Kingdom,False
548562,22494,EMERGENCY FIRST AID TIN,12,2011-04-01 10:18:00,1.25,,Israel,False
579689,22509,SEWING BOX RETROSPOT DESIGN,1,2011-11-30 14:00:00,16.95,14606,United Kingdom,False
566408,23169,CLASSIC GLASS COOKIE JAR,3,2011-09-12 13:43:00,4.15,16984,United Kingdom,False
569651,85014B,RED RETROSPOT UMBRELLA,1,2011-10-05 12:49:00,5.95,14534,United Kingdom,False
556108,21415,CLAM SHELL SMALL,1,2011-06-08 17:59:00,4.13,,United Kingdom,False
575176,23288,GREEN VINTAGE SPOT BEAKER,7,2011-11-08 18:29:00,1.63,,United Kingdom,False
537434,21015,DARK BIRD HOUSE TREE DECORATION,3,2010-12-06 16:57:00,1.28,,United Kingdom,False
568186,22508,DOORSTOP RETROSPOT HEART,1,2011-09-25 14:08:00,3.75,17837,United Kingdom,False
552508,84510A,SET OF 4 ENGLISH ROSE COASTERS,1,2011-05-09 16:27:00,2.46,,United Kingdom,False
572291,23264,SET OF 3 WOODEN SLEIGH DECORATIONS,1,2011-10-23 12:46:00,1.25,16931,United Kingdom,False
545408,22975,SPACEBOY CHILDRENS EGG CUP,12,2011-03-02 12:10:00,1.25,15067,United Kingdom,False
556341,21179,NO JUNK MAIL METAL SIGN,12,2011-06-10 11:36:00,1.25,16614,United Kingdom,False
550781,79030G,TUMBLER NEW ENGLAND,24,2011-04-20 13:43:00,0.39,13097,United Kingdom,False
571716,22478,BIRDHOUSE GARDEN MARKER,1,2011-10-18 17:05:00,2.46,,United Kingdom,False
541219,84970S,HANGING HEART ZINC T-LIGHT HOLDER,2,2011-01-14 14:06:00,2.08,,United Kingdom,False
562031,20717,STRAWBERRY SHOPPER BAG,6,2011-08-01 17:37:00,1.25,16984,United Kingdom,False
579508,22805,BLUE DRAWER KNOB ACRYLIC EDWARDIAN,3,2011-11-29 16:33:00,2.46,,United Kingdom,False
558808,DOT,DOTCOM POSTAGE,1,2011-07-04 11:10:00,42.75,,United Kingdom,False
539088,48116,DOORMAT MULTICOLOUR STRIPE,10,2010-12-16 09:45:00,6.75,13093,United Kingdom,False
571713,23322,LARGE WHITE HEART OF WICKER,1,2011-10-18 16:58:00,5.79,,United Kingdom,False
581217,20985,HEART CALCULATOR,2,2011-12-08 09:20:00,2.46,,United Kingdom,False
541103,22720,SET OF 3 CAKE TINS PANTRY DESIGN,3,2011-01-13 14:24:00,4.95,14215,United Kingdom,False
C554127,M,MANUAL,-96,2011-05-23 09:24:00,5.0,17949,United Kingdom,True
550802,22801,ANTIQUE GLASS PEDESTAL BOWL,4,2011-04-20 15:21:00,3.75,17120,United Kingdom,False
551554,22720,,-4,2011-05-03 10:19:00,0.0,,United Kingdom,False
537889,84946,ANTIQUE SILVER TEA GLASS ETCHED,12,2010-12-09 10:04:00,1.25,13319,United Kingdom,False
562347,22252,BIRDCAGE DECORATION TEALIGHT HOLDER,1,2011-08-04 12:22:00,1.25,13263,United Kingdom,False
570465,23307,SET OF 60 PANTRY DESIGN CAKE CASES,1,2011-10-10 16:02:00,1.25,,United Kingdom,False
C574922,22197,POPCORN HOLDER,-64,2011-11-07 16:39:00,0.85,15502,United Kingdom,True
555406,90206A,GOLD DIAMANTE STAR BROOCH,2,2011-06-02 19:50:00,4.95,17231,United Kingdom,False
579187,23008,DOLLY GIRL BABY GIFT SET,1,2011-11-28 15:31:00,10.79,,United Kingdom,False
557473,23110,PARISIENNE KEY CABINET,2,2011-06-20 13:28:00,5.75,17428,United Kingdom,False
540362,21061,PARTY INVITES FOOTBALL,4,2011-01-06 15:42:00,0.85,13656,United Kingdom,False
539592,22720,SET OF 3 CAKE TINS PANTRY DESIGN,3,2010-12-20 13:27:00,4.95,13319,United Kingdom,False
578270,22980,PANTRY SCRUBBING BRUSH,1,2011-11-23 13:39:00,3.29,14096,United Kingdom,False
558452,22759,SET OF 3 NOTEBOOKS IN PARCEL,12,2011-06-29 13:51:00,1.65,15208,United Kingdom,False
546435,47599A,PINK PARTY BAGS,6,2011-03-14 09:37:00,2.1,15671,United Kingdom,False
545324,48138,DOORMAT UNION FLAG,1,2011-03-01 14:58:00,7.95,13110,United Kingdom,False
576840,22815,CARD PSYCHEDELIC APPLES,3,2011-11-16 15:23:00,0.42,,United Kingdom,False
555397,90018A,SILVER M.O.P ORBIT DROP EARRINGS,1,2011-06-02 17:26:00,4.15,,United Kingdom,False
577595,23342,MINT DINER WALL CLOCK,1,2011-11-20 16:12:00,8.5,16399,United Kingdom,False
556241,22487,WHITE WOOD GARDEN PLANT LADDER,1,2011-06-09 16:04:00,9.95,12597,Spain,False
537844,22471,TV DINNER TRAY AIR HOSTESS,1,2010-12-08 15:17:00,4.95,17999,United Kingdom,False
544093,48194,DOORMAT HEARTS,2,2011-02-16 09:08:00,7.95,13750,United Kingdom,False
561367,21671,RED SPOT CERAMIC DRAWER KNOB,2,2011-07-26 15:46:00,3.29,,United Kingdom,False
571281,21628,TRIANGULAR POUFFE VINTAGE,13,2011-10-16 13:23:00,12.75,14088,United Kingdom,False
567334,22561,WOODEN SCHOOL COLOURING SET,12,2011-09-19 14:55:00,1.65,14911,EIRE,False
550138,22907,PACK OF 20 NAPKINS PANTRY DESIGN,4,2011-04-14 14:02:00,0.85,12841,United Kingdom,False
563565,21683,MEDIUM MEDINA STAMPED METAL BOWL,6,2011-08-17 14:22:00,2.95,17338,United Kingdom,False
563733,23343,JUMBO BAG VINTAGE CHRISTMAS,10,2011-08-18 17:57:00,2.08,18225,United Kingdom,False
543306,22966,GINGERBREAD MAN COOKIE CUTTER,1,2011-02-07 11:56:00,1.25,16686,United Kingdom,False
570664,84347,ROTATING SILVER ANGELS T-LIGHT HLDR,3,2011-10-11 14:21:00,2.55,16362,United Kingdom,False
549321,22822,CREAM WALL PLANTER HEART SHAPED,2,2011-04-08 10:19:00,5.95,14243,United Kingdom,False
573038,23581,JUMBO BAG PAISLEY PARK,1,2011-10-27 13:48:00,2.08,17545,United Kingdom,False
574967,22356,CHARLOTTE BAG PINK POLKADOT,28,2011-11-08 10:51:00,2.46,,United Kingdom,False
574298,90200E,GREEN SWEETHEART BRACELET,1,2011-11-03 15:56:00,4.15,,United Kingdom,False
537434,22329,ROUND CONTAINER SET OF 5 RETROSPOT,1,2010-12-06 16:57:00,3.36,,United Kingdom,False
562918,21035,SET/2 RED RETROSPOT TEA TOWELS,6,2011-08-10 13:51:00,3.25,15615,United Kingdom,False
573923,23158,SET OF 5 LUCKY CAT MAGNETS,3,2011-11-02 09:31:00,2.08,17965,United Kingdom,False
544672,21154,RED RETROSPOT OVEN GLOVE,50,2011-02-22 15:45:00,1.25,14646,Netherlands,False
558096,21993,FLORAL FOLK STATIONERY SET,1,2011-06-26 13:24:00,1.25,15532,United Kingdom,False
558870,15056BL,EDWARDIAN PARASOL BLACK,120,2011-07-04 12:58:00,4.95,14145,United Kingdom,False
543374,22386,JUMBO BAG PINK POLKADOT,10,2011-02-07 15:05:00,1.95,16945,United Kingdom,False
554108,21380,WOODEN HAPPY BIRTHDAY GARLAND,12,2011-05-22 14:29:00,2.95,13668,United Kingdom,False
574545,20934,SET/3 POT PLANT CANDLES,2,2011-11-04 14:54:00,5.45,17084,United Kingdom,False
538035,22078,RIBBON REEL LACE DESIGN,1,2010-12-09 13:03:00,2.1,16065,United Kingdom,False
571308,21915,RED  HARMONICA IN BOX,12,2011-10-17 10:10:00,1.25,12475,Germany,False
566258,22630,DOLLY GIRL LUNCH BOX,8,2011-09-11 12:45:00,1.95,13124,United Kingdom,False
555108,37449,CERAMIC CAKE STAND + HANGING CAKES,2,2011-05-31 14:18:00,9.95,18231,United Kingdom,False
565754,21669,BLUE STRIPE CERAMIC DRAWER KNOB,12,2011-09-06 13:11:00,1.25,15462,United Kingdom,False
549988,22501,PICNIC BASKET WICKER LARGE,2,2011-04-13 16:43:00,9.95,14367,United Kingdom,False
559491,20655,QUEEN OF SKIES LUGGAGE TAG,1,2011-07-08 13:53:00,2.46,,United Kingdom,False
C579926,23199,JUMBO BAG APPLES,-5,2011-12-01 09:19:00,2.08,14389,United Kingdom,True
540848,21677,HEARTS  STICKERS,1,2011-01-12 09:26:00,0.81,,United Kingdom,False
575976,85123A,WHITE HANGING HEART T-LIGHT HOLDER,5,2011-11-13 13:26:00,2.95,15271,United Kingdom,False
576597,22307,GOLD MUG BONE CHINA TREE OF LIFE,12,2011-11-15 14:57:00,1.06,14194,United Kingdom,False
578033,20750,RED RETROSPOT MINI CASES,2,2011-11-22 13:42:00,7.95,12656,France,False
581215,22421,LIPSTICK PEN FUSCHIA,48,2011-12-08 09:05:00,0.42,13408,United Kingdom,False
547042,85186A,EASTER BUNNY GARLAND OF FLOWERS,1,2011-03-20 11:00:00,0.83,,United Kingdom,False
545665,84755,COLOUR GLASS T-LIGHT HOLDER HANGING,16,2011-03-04 15:20:00,0.65,17535,United Kingdom,False
551994,22698,PINK REGENCY TEACUP AND SAUCER,6,2011-05-05 15:42:00,2.95,12868,United Kingdom,False
575091,20723,STRAWBERRY CHARLOTTE BAG,10,2011-11-08 14:05:00,0.85,17160,United Kingdom,False
569898,22654,DELUXE SEWING KIT,1,2011-10-06 16:08:00,11.63,,United Kingdom,False
574740,22023,EMPIRE BIRTHDAY CARD,24,2011-11-06 16:07:00,0.42,12357,Switzerland,False
561518,21088,SET/6 FRUIT SALAD PAPER CUPS,24,2011-07-27 15:20:00,0.19,15261,United Kingdom,False
569486,20971,PINK BLUE FELT CRAFT TRINKET BOX,3,2011-10-04 12:51:00,1.25,15339,United Kingdom,False
581134,21454,PAINTED PINK RABBIT,6,2011-12-07 13:12:00,0.85,16368,United Kingdom,False
578273,22726,ALARM CLOCK BAKELIKE GREEN,1,2011-11-23 13:41:00,3.75,14335,Germany,False
578697,22273,FELTCRAFT DOLL MOLLY,6,2011-11-25 10:03:00,2.95,14132,United Kingdom,False
550350,22712,CARD DOLLY GIRL,12,2011-04-18 10:04:00,0.42,15491,United Kingdom,False
581057,23407,SET OF 2 TRAYS HOME SWEET HOME,2,2011-12-07 11:03:00,9.95,16817,United Kingdom,False
544186,22962,JAM JAR WITH PINK LID,2,2011-02-16 15:56:00,1.63,,United Kingdom,False
545227,22723,SET OF 6 HERB TINS SKETCHBOOK,8,2011-03-01 09:35:00,3.95,12428,Finland,False
568721,23199,JUMBO BAG APPLES,4,2011-09-28 16:24:00,4.13,,United Kingdom,False
539444,22969,HOMEMADE JAM SCENTED CANDLES,24,2010-12-17 15:52:00,1.45,14146,United Kingdom,False
537681,22952,60 CAKE CASES VINTAGE CHRISTMAS,48,2010-12-08 10:11:00,0.55,13329,United Kingdom,False
566279,82494L,WOODEN FRAME ANTIQUE WHITE,2,2011-09-11 14:09:00,2.95,14432,United Kingdom,False
581146,84991,60 TEATIME FAIRY CAKE CASES,6,2011-12-07 13:53:00,0.55,17602,United Kingdom,False
561209,22280,POCKET BAG PINK PAISELY BROWN SPOT,3,2011-07-25 16:57:00,0.83,,United Kingdom,False
565765,21429,RED GINGHAM ROSE JEWELLERY BOX,8,2011-09-06 14:19:00,1.95,12526,Germany,False
562341,85071B,RED CHARLIE+LOLA PERSONAL DOORSIGN,4,2011-08-04 12:13:00,0.39,15005,United Kingdom,False
542737,20685,DOORMAT RED RETROSPOT,1,2011-01-31 15:52:00,7.95,15058,United Kingdom,False
554103,23158,SET OF 5 LUCKY CAT MAGNETS,3,2011-05-22 13:51:00,2.08,15555,United Kingdom,False
551650,84946,ANTIQUE SILVER T-LIGHT GLASS,12,2011-05-03 12:02:00,1.25,13089,United Kingdom,False
574304,23292,SPACEBOY CHILDRENS CUP,1,2011-11-03 16:30:00,1.25,14428,United Kingdom,False
564838,21407,BROWN CHECK CAT DOORSTOP,1,2011-08-30 12:43:00,8.29,,United Kingdom,False
543815,22860,EASTER TIN CHICKS PINK DAISY,2,2011-02-13 15:18:00,1.65,17255,United Kingdom,False
580637,23367,SET 12 COLOUR PENCILS SPACEBOY,3,2011-12-05 12:40:00,0.65,15033,United Kingdom,False
549023,22727,ALARM CLOCK BAKELIKE RED,1,2011-04-05 16:27:00,7.46,,United Kingdom,False
564172,23241,TREASURE TIN GYMKHANA DESIGN,3,2011-08-23 14:19:00,2.08,16033,United Kingdom,False
570488,21873,IF YOU CAN'T STAND THE HEAT MUG,1,2011-10-10 17:12:00,3.29,14096,United Kingdom,False
564530,21899,GARAGE KEY FOB,1,2011-08-25 14:57:00,0.0,,United Kingdom,False
570888,22141,CHRISTMAS CRAFT TREE TOP ANGEL,6,2011-10-13 10:26:00,2.1,17509,United Kingdom,False
546008,22961,JAM MAKING SET PRINTED,3,2011-03-08 15:43:00,3.29,,United Kingdom,False
575340,22191,IVORY DINER WALL CLOCK,4,2011-11-09 14:31:00,8.5,15485,United Kingdom,False
548329,21745,GAOLERS KEYS DECORATIVE GARDEN,4,2011-03-30 13:14:00,3.75,16584,United Kingdom,False
563771,48184,DOORMAT ENGLISH ROSE,1,2011-08-19 11:17:00,7.95,17841,United Kingdom,False
566024,23209,LUNCH BAG VINTAGE DOILY,10,2011-09-08 12:51:00,1.65,13871,United Kingdom,False
574587,21217,RED RETROSPOT ROUND CAKE TINS,2,2011-11-06 10:29:00,9.95,14936,Channel Islands,False
559337,84559A,3D SHEET OF DOG STICKERS,1,2011-07-07 16:27:00,0.79,,United Kingdom,False
537211,21531,RED RETROSPOT SUGAR JAM BOWL,6,2010-12-05 15:18:00,2.55,16143,United Kingdom,False
537666,21801,CHRISTMAS TREE DECORATION WITH BELL,11,2010-12-07 18:36:00,0.43,,United Kingdom,False
537138,22577,WOODEN HEART CHRISTMAS SCANDINAVIAN,6,2010-12-05 12:44:00,0.85,17211,United Kingdom,False
543182,21195,PINK  HONEYCOMB PAPER BALL,2,2011-02-04 10:40:00,4.13,,United Kingdom,False
537818,22457,NATURAL SLATE HEART CHALKBOARD,6,2010-12-08 13:53:00,2.95,12766,Portugal,False
570482,23380,PACK OF 12 VINTAGE DOILY TISSUES,1,2011-10-10 17:00:00,0.39,17459,United Kingdom,False
574619,20975,12 PENCILS SMALL TUBE RED RETROSPOT,3,2011-11-06 11:18:00,0.65,15952,United Kingdom,False
571104,23225,CHERUB HEART DECORATION SILVER,12,2011-10-13 15:58:00,0.83,18130,United Kingdom,False
575508,22759,SET OF 3 NOTEBOOKS IN PARCEL,96,2011-11-10 10:32:00,1.45,14646,Netherlands,False
541405,22423,REGENCY CAKESTAND 3 TIER,16,2011-01-17 15:17:00,10.95,12683,France,False
578305,23522,WALL ART DOG AND BALL,18,2011-11-23 15:44:00,2.49,14088,United Kingdom,False
565857,22637,PIGGY BANK RETROSPOT,6,2011-09-07 14:13:00,2.55,14911,EIRE,False
540458,21558,SKULL LUNCH BOX WITH CUTLERY,6,2011-01-07 12:28:00,2.55,12501,Germany,False
561208,23295,SET OF 12 MINI LOAF BAKING CASES,128,2011-07-25 16:39:00,0.72,15372,United Kingdom,False
559052,22692,DOORMAT WELCOME TO OUR HOME,1,2011-07-05 16:53:00,15.79,,United Kingdom,False
537781,22534,MAGIC DRAWING SLATE SPACEBOY,1,2010-12-08 12:46:00,0.42,17341,United Kingdom,False
566258,23191,BUNDLE OF 3 RETRO NOTE BOOKS,6,2011-09-11 12:45:00,1.65,13124,United Kingdom,False
C537251,22418,10 COLOUR SPACEBOY PEN,-7,2010-12-06 10:45:00,0.85,,United Kingdom,True
564760,22189,CREAM HEART CARD HOLDER,1,2011-08-30 10:47:00,8.29,,United Kingdom,False
549583,23182,TOILET SIGN OCCUPIED OR VACANT,24,2011-04-11 09:46:00,0.83,15214,United Kingdom,False
580822,16169E,WRAP 50'S  CHRISTMAS,25,2011-12-06 11:33:00,0.42,17884,United Kingdom,False
560240,21713,CITRONELLA CANDLE FLOWERPOT,4,2011-07-17 11:59:00,2.1,15716,United Kingdom,False
581425,22966,GINGERBREAD MAN COOKIE CUTTER,12,2011-12-08 15:31:00,1.25,14796,United Kingdom,False
541265,22382,LUNCH BAG SPACEBOY DESIGN,2,2011-01-16 16:23:00,1.65,17609,United Kingdom,False
566734,22991,GIRAFFE WOODEN RULER,1,2011-09-14 14:09:00,1.95,16910,United Kingdom,False
569650,20727,LUNCH BAG  BLACK SKULL.,100,2011-10-05 12:44:00,1.45,12415,Australia,False
578307,23130,MISTLETOE HEART WREATH GREEN,1,2011-11-23 15:53:00,4.15,17290,United Kingdom,False
569824,23209,LUNCH BAG VINTAGE DOILY,2,2011-10-06 12:22:00,1.65,17295,United Kingdom,False
554714,22358,KINGS CHOICE TEA CADDY,1,2011-05-26 10:44:00,5.79,,United Kingdom,False
538627,22577,WOODEN HEART CHRISTMAS SCANDINAVIAN,2,2010-12-13 12:59:00,0.85,,United Kingdom,False
566867,22469,HEART OF WICKER SMALL,40,2011-09-15 12:56:00,1.45,13694,United Kingdom,False
558371,20723,STRAWBERRY CHARLOTTE BAG,37,2011-06-28 15:44:00,2.46,,United Kingdom,False
555644,84978,HANGING HEART JAR T-LIGHT HOLDER,6,2011-06-06 13:24:00,1.25,16520,United Kingdom,False
576339,22381,TOY TIDY PINK POLKADOT,1,2011-11-14 15:27:00,4.13,14096,United Kingdom,False
554271,22333,RETROSPOT PARTY BAG + STICKER SET,48,2011-05-23 13:06:00,1.45,16422,United Kingdom,False
568719,85066,CREAM SWEETHEART MINI CHEST,1,2011-09-28 16:19:00,24.96,,United Kingdom,False
573076,21917,SET 12 KIDS  WHITE CHALK STICKS,24,2011-10-27 14:05:00,0.42,13488,United Kingdom,False
572549,22712,CARD DOLLY GIRL,2,2011-10-24 17:03:00,0.83,,United Kingdom,False
558614,22356,CHARLOTTE BAG PINK POLKADOT,5,2011-06-30 15:56:00,1.63,,United Kingdom,False
565150,15036,ASSORTED COLOURS SILK FAN,48,2011-09-01 14:26:00,0.72,14298,United Kingdom,False
563557,47590B,PINK HAPPY BIRTHDAY BUNTING,3,2011-08-17 13:33:00,5.45,15786,United Kingdom,False
553050,85176,SEWING SUSAN 21 NEEDLE SET,12,2011-05-13 10:09:00,0.85,15498,United Kingdom,False
578630,23166,MEDIUM CERAMIC TOP STORAGE JAR,48,2011-11-24 16:06:00,1.04,12748,United Kingdom,False
538145,22236,CAKE STAND 3 TIER MAGIC GARDEN,1,2010-12-09 16:08:00,12.75,15211,United Kingdom,False
573153,23231,WRAP  VINTAGE DOILY,75,2011-10-28 07:39:00,0.42,12678,France,False
568213,22734,SET OF 6 RIBBONS VINTAGE CHRISTMAS,6,2011-09-25 16:06:00,2.89,15214,United Kingdom,False
538566,21823,PAINTED METAL HEART WITH HOLLY BELL,1,2010-12-13 11:21:00,2.98,,United Kingdom,False
580188,23323,WHITE WICKER STAR,3,2011-12-02 12:02:00,2.1,16440,United Kingdom,False
573369,21055,TOOL BOX SOFT TOY,1,2011-10-30 13:19:00,8.95,16049,United Kingdom,False
570672,22988,SOLDIERS EGG CUP,24,2011-10-11 14:52:00,1.25,12536,France,False
554347,22847,BREAD BIN DINER STYLE IVORY,4,2011-05-24 08:21:00,14.95,16523,United Kingdom,False
578472,22080,RIBBON REEL POLKADOTS,10,2011-11-24 12:40:00,1.65,12476,Germany,False
538566,22175,PINK OWL SOFT TOY,1,2010-12-13 11:21:00,5.91,,United Kingdom,False
574873,22086,PAPER CHAIN KIT 50'S CHRISTMAS,8,2011-11-07 13:01:00,2.95,16362,United Kingdom,False
545524,22617,BAKING SET SPACEBOY DESIGN,3,2011-03-03 12:53:00,4.95,17374,United Kingdom,False
562282,22704,WRAP RED APPLES,50,2011-08-04 10:38:00,0.42,13098,United Kingdom,False
560211,21931,JUMBO STORAGE BAG SUKI,30,2011-07-15 14:34:00,2.08,12621,Germany,False
544769,22084,PAPER CHAIN KIT EMPIRE,6,2011-02-23 11:11:00,2.95,16422,United Kingdom,False
579270,23411,TRELLIS COAT RACK,6,2011-11-29 09:50:00,4.95,15783,United Kingdom,False
580729,22583,PACK OF 6 HANDBAG GIFT BOXES,1,2011-12-05 17:24:00,4.96,,United Kingdom,False
540979,20914,SET/5 RED RETROSPOT LID GLASS BOWLS,4,2011-01-12 15:06:00,2.95,15727,United Kingdom,False
574707,21523,DOORMAT FANCY FONT HOME SWEET HOME,10,2011-11-06 14:08:00,7.08,17107,United Kingdom,False
560552,16225,RATTLE SNAKE EGGS,3,2011-07-19 12:54:00,1.25,15311,United Kingdom,False
577057,23344,JUMBO BAG 50'S CHRISTMAS,1,2011-11-17 14:26:00,2.08,12748,United Kingdom,False
563020,22029,SPACEBOY BIRTHDAY CARD,12,2011-08-11 12:58:00,0.42,12428,Finland,False
536592,90036F,"FLOWER GLASS GARLD NECKL36""TURQUOIS",1,2010-12-01 17:06:00,8.07,,United Kingdom,False
C565681,22333,RETROSPOT PARTY BAG + STICKER SET,-8,2011-09-06 10:42:00,1.65,15521,United Kingdom,True
575371,84077,WORLD WAR 2 GLIDERS ASSTD DESIGNS,48,2011-11-09 15:11:00,0.29,14132,United Kingdom,False
552663,84519B,CARROT CHARLIE+LOLA COASTER SET,1,2011-05-10 15:04:00,5.79,,United Kingdom,False
575739,21705,BAG 500G SWIRLY MARBLES,2,2011-11-11 09:05:00,3.29,,United Kingdom,False
569137,85040a,S/4 PINK FLOWER CANDLES IN BOWL,2,2011-09-30 14:45:00,3.29,,United Kingdom,False
549957,22189,CREAM HEART CARD HOLDER,4,2011-04-13 13:45:00,3.95,13539,United Kingdom,False
578844,20985,HEART CALCULATOR,2,2011-11-25 16:14:00,2.46,,United Kingdom,False
581196,22961,JAM MAKING SET PRINTED,12,2011-12-07 17:25:00,1.45,12935,United Kingdom,False
541830,22390,PAPERWEIGHT CHILDHOOD MEMORIES,2,2011-01-21 17:09:00,4.96,,United Kingdom,False
577773,22818,CARD CHRISTMAS VILLAGE,36,2011-11-21 15:57:00,0.42,16712,United Kingdom,False
548176,22219,LOVEBIRD HANGING DECORATION WHITE,4,2011-03-29 14:20:00,0.85,13439,United Kingdom,False
574561,21915,RED  HARMONICA IN BOX,1,2011-11-04 15:52:00,2.46,,United Kingdom,False
576329,23344,JUMBO BAG 50'S CHRISTMAS,4,2011-11-14 15:22:00,4.13,,United Kingdom,False
569089,23329,DECORATIVE WICKER HEART LARGE,5,2011-09-30 12:03:00,1.65,13764,United Kingdom,False
551731,71459,HANGING JAM JAR T-LIGHT HOLDER,12,2011-05-04 09:57:00,0.85,14307,United Kingdom,False
547850,22219,LOVEBIRD HANGING DECORATION WHITE,3,2011-03-27 12:06:00,0.85,14472,United Kingdom,False
580730,22566,FELTCRAFT HAIRBAND PINK AND PURPLE,1,2011-12-05 17:28:00,1.63,,United Kingdom,False
551012,21485,RETROSPOT HEART HOT WATER BOTTLE,1,2011-04-26 10:32:00,7.46,,United Kingdom,False
576121,23212,HEART WREATH DECORATION WITH BELL,6,2011-11-14 10:38:00,1.25,14530,United Kingdom,False
556120,23204,CHARLOTTE BAG APPLES DESIGN,10,2011-06-09 10:06:00,0.85,16722,United Kingdom,False
562933,84946,ANTIQUE SILVER T-LIGHT GLASS,16,2011-08-10 16:51:00,2.46,,United Kingdom,False
569302,23343,JUMBO BAG VINTAGE CHRISTMAS,2,2011-10-03 12:04:00,2.08,16205,United Kingdom,False
569538,23328,SET 6 SCHOOL MILK BOTTLES IN CRATE,4,2011-10-04 15:55:00,3.75,14462,United Kingdom,False
581352,84978,HANGING HEART JAR T-LIGHT HOLDER,2,2011-12-08 12:26:00,1.25,14698,United Kingdom,False
553685,22693,GROW A FLYTRAP OR SUNFLOWER IN TIN,48,2011-05-18 13:56:00,1.25,18097,United Kingdom,False
577633,22725,ALARM CLOCK BAKELIKE CHOCOLATE,4,2011-11-21 10:35:00,3.75,14194,United Kingdom,False
561112,21791,VINTAGE HEADS AND TAILS CARD GAME,1,2011-07-25 11:53:00,1.25,14606,United Kingdom,False
546013,21868,POTTING SHED TEA MUG,1,2011-03-08 16:38:00,1.25,16495,United Kingdom,False
546927,22972,CHILDREN'S SPACEBOY MUG,24,2011-03-18 10:15:00,1.65,16672,United Kingdom,False
564754,23251,VINTAGE RED ENAMEL TRIM MUG,2,2011-08-30 10:29:00,2.46,,United Kingdom,False
538566,22927,GREEN GIANT GARDEN THERMOMETER,1,2010-12-13 11:21:00,11.87,,United Kingdom,False
564755,21080,SET/20 RED RETROSPOT PAPER NAPKINS,3,2011-08-30 10:31:00,0.83,,United Kingdom,False
C581409,84946,ANTIQUE SILVER T-LIGHT GLASS,-1,2011-12-08 14:08:00,1.25,12476,Germany,True
539437,21313,GLASS HEART T-LIGHT HOLDER,3,2010-12-17 14:54:00,1.66,,United Kingdom,False
551524,22557,PLASTERS IN TIN VINTAGE PAISLEY,24,2011-05-01 12:35:00,1.65,16401,United Kingdom,False
548164,22719,GUMBALL MONOCHROME COAT RACK,4,2011-03-29 13:44:00,2.46,,United Kingdom,False
562710,23334,IVORY WICKER HEART SMALL,48,2011-08-08 14:37:00,0.55,14298,United Kingdom,False
568667,22196,SMALL HEART MEASURING SPOONS,1,2011-09-28 13:00:00,0.85,14606,United Kingdom,False
561651,22889,NUMBER TILE VINTAGE FONT NO,1,2011-07-28 15:36:00,4.13,,United Kingdom,False
548358,47559B,TEA TIME OVEN GLOVE,10,2011-03-30 15:29:00,1.25,15832,United Kingdom,False
559988,21756,BATH BUILDING BLOCK WORD,3,2011-07-14 12:17:00,5.95,15402,United Kingdom,False
581405,23080,RED METAL BOX TOP SECRET,1,2011-12-08 13:50:00,8.25,13521,United Kingdom,False
573909,21154,RED RETROSPOT OVEN GLOVE,1,2011-11-01 15:26:00,1.25,17813,United Kingdom,False
576837,84536A,ENGLISH ROSE NOTEBOOK A7 SIZE,1,2011-11-16 15:16:00,0.83,,United Kingdom,False
580460,22429,ENAMEL MEASURING JUG CREAM,1,2011-12-04 12:29:00,4.25,12748,United Kingdom,False
565318,21989,PACK OF 20 SKULL PAPER NAPKINS,12,2011-09-02 13:01:00,0.85,12921,United Kingdom,False
574048,23284,DOORMAT KEEP CALM AND COME IN,2,2011-11-02 13:37:00,8.25,13769,United Kingdom,False
551650,22384,LUNCH BAG PINK POLKADOT,10,2011-05-03 12:02:00,1.65,13089,United Kingdom,False
575932,23583,LUNCH BAG PAISLEY PARK,20,2011-11-13 10:35:00,1.65,16923,United Kingdom,False
538509,22663,JUMBO BAG DOLLY GIRL DESIGN,1,2010-12-12 13:37:00,1.95,14413,United Kingdom,False
553206,23298,SPOTTY BUNTING,12,2011-05-16 08:16:00,4.95,14156,EIRE,False
544788,22040,BOTANICAL ROSE GIFT WRAP,25,2011-02-23 12:18:00,0.42,13089,United Kingdom,False
571441,22439,6 ROCKET BALLOONS,2,2011-10-17 13:31:00,1.25,14096,United Kingdom,False
578954,22307,GOLD MUG BONE CHINA TREE OF LIFE,1,2011-11-27 15:02:00,1.06,15054,United Kingdom,False
576365,20971,PINK BLUE FELT CRAFT TRINKET BOX,246,2011-11-14 17:55:00,2.95,,United Kingdom,False
539240,84820,DANISH ROSE TRINKET TRAYS,8,2010-12-16 13:15:00,1.25,15194,United Kingdom,False
580305,22985,WRAP BILLBOARD FONTS DESIGN,25,2011-12-02 14:26:00,0.42,12970,United Kingdom,False
551719,22499,WOODEN UNION JACK BUNTING,4,2011-05-03 16:09:00,12.46,,United Kingdom,False
540568,21430,SET/3 RED GINGHAM ROSE STORAGE BOX,24,2011-01-10 11:22:00,3.39,15039,United Kingdom,False
541424,22926,IVORY GIANT GARDEN THERMOMETER,1,2011-01-17 17:57:00,11.63,,United Kingdom,False
580697,21820,GLITTER HEART GARLAND WITH BELLS,6,2011-12-05 16:05:00,3.75,15984,United Kingdom,False
541414,21361,LOVE LARGE WOOD LETTERS,1,2011-01-17 16:14:00,12.75,18212,United Kingdom,False
570818,22139,RETROSPOT TEA SET CERAMIC 11 PC,1,2011-10-12 12:47:00,4.95,17841,United Kingdom,False
579187,22342,HOME GARLAND PAINTED ZINC,1,2011-11-28 15:31:00,3.29,,United Kingdom,False
556484,84997D,CHILDRENS CUTLERY POLKADOT PINK,2,2011-06-12 13:17:00,4.15,16938,United Kingdom,False
567205,23352,ROLL WRAP 50'S RED CHRISTMAS,12,2011-09-19 10:44:00,1.25,15365,United Kingdom,False
555349,23004,TRAVEL CARD WALLET PANTRY,24,2011-06-02 12:08:00,0.42,16729,United Kingdom,False
569635,22230,JIGSAW TREE WITH WATERING CAN,20,2011-10-05 12:13:00,0.29,12748,United Kingdom,False
541683,21987,PACK OF 6 SKULL PAPER CUPS,7,2011-01-20 15:01:00,0.65,14085,United Kingdom,False
576617,23358,HOT STUFF HOT WATER BOTTLE,2,2011-11-15 16:57:00,7.46,,United Kingdom,False
569248,23320,GIANT 50'S CHRISTMAS CRACKER,12,2011-10-03 10:09:00,2.89,12886,United Kingdom,False
540551,82482,WOODEN PICTURE FRAME WHITE FINISH,1,2011-01-10 09:43:00,5.06,,United Kingdom,False
557214,85099B,JUMBO BAG RED RETROSPOT,100,2011-06-17 12:20:00,1.79,17677,United Kingdom,False
558636,23309,SET OF 60 I LOVE LONDON CAKE CASES,3,2011-06-30 19:58:00,0.55,14702,United Kingdom,False
565152,84692,BOX OF 24 COCKTAIL PARASOLS,5,2011-09-01 14:42:00,0.42,17799,United Kingdom,False
547785,22730,ALARM CLOCK BAKELIKE IVORY,2,2011-03-25 11:41:00,3.75,13097,United Kingdom,False
541247,72741,GRAND CHOCOLATECANDLE,648,2011-01-16 12:44:00,1.25,12989,United Kingdom,False
575334,23188,VINTAGE  2 METRE FOLDING RULER,12,2011-11-09 13:54:00,1.65,14493,United Kingdom,False
558754,23207,LUNCH BAG ALPHABET DESIGN,5,2011-07-03 12:10:00,1.65,15518,United Kingdom,False
550035,22424,ENAMEL BREAD BIN CREAM,3,2011-04-14 11:48:00,12.75,15039,United Kingdom,False
539315,22087,PAPER BUNTING WHITE LACE,6,2010-12-16 18:23:00,2.95,18260,United Kingdom,False
573151,84992,72 SWEETHEART FAIRY CAKE CASES,3,2011-10-27 20:09:00,0.55,17602,United Kingdom,False
571435,23320,GIANT 50'S CHRISTMAS CRACKER,12,2011-10-17 13:23:00,2.89,14211,United Kingdom,False
563538,16014,SMALL CHINESE STYLE SCISSOR,1,2011-08-17 11:48:00,0.42,17841,United Kingdom,False
544292,82580,BATHROOM METAL SIGN,3,2011-02-17 12:33:00,0.55,16745,United Kingdom,False
551337,23231,WRAP DOILEY DESIGN,25,2011-04-27 16:54:00,0.42,16418,United Kingdom,False
574481,16238,PARTY TIME PENCIL ERASERS,10,2011-11-04 12:45:00,0.21,18022,United Kingdom,False
575039,21809,CHRISTMAS HANGING TREE WITH BELL,10,2011-11-08 11:53:00,0.39,15005,United Kingdom,False
565289,22699,ROSES REGENCY TEACUP AND SAUCER,6,2011-09-02 11:43:00,2.95,14911,EIRE,False
574092,23244,ROUND STORAGE TIN VINTAGE LEAF,96,2011-11-03 09:28:00,1.65,16684,United Kingdom,False
538146,22195,LARGE HEART MEASURING SPOONS,24,2010-12-09 16:10:00,1.65,15596,United Kingdom,False
567183,23252,VINTAGE RED ENAMEL TRIM JUG,2,2011-09-18 15:32:00,3.75,14769,United Kingdom,False
580730,21065,BOOM BOX SPEAKER GIRLS,3,2011-12-05 17:28:00,4.13,,United Kingdom,False
542276,22722,SET OF 6 SPICE TINS PANTRY DESIGN,12,2011-01-27 10:19:00,3.95,12764,Lebanon,False
546253,22720,SET OF 3 CAKE TINS PANTRY DESIGN,6,2011-03-10 14:44:00,4.95,16080,United Kingdom,False
545664,48138,DOORMAT UNION FLAG,2,2011-03-04 15:15:00,7.95,12584,Italy,False
577034,22565,FELTCRAFT HAIRBANDS PINK AND WHITE,12,2011-11-17 13:16:00,0.85,12847,United Kingdom,False
544074,22912,YELLOW COAT RACK PARIS FASHION,1,2011-02-15 14:49:00,4.95,14156,EIRE,False
562955,22674,FRENCH TOILET SIGN BLUE METAL,3,2011-08-11 10:14:00,2.46,,United Kingdom,False
556516,21917,SET 12 KIDS  WHITE CHALK STICKS,1,2011-06-13 10:46:00,0.79,,United Kingdom,False
557560,23245,SET OF 3 REGENCY CAKE TINS,4,2011-06-21 10:37:00,4.95,15329,United Kingdom,False
561242,22728,ALARM CLOCK BAKELIKE PINK,12,2011-07-26 11:05:00,3.75,16258,United Kingdom,False
543273,21174,POTTERING IN THE SHED METAL SIGN,1,2011-02-06 11:29:00,2.08,16456,United Kingdom,False
539676,22396,MAGNETS PACK OF 4 RETRO PHOTO,24,2010-12-21 10:54:00,0.42,12423,Belgium,False
577182,22386,JUMBO BAG PINK POLKADOT,10,2011-11-18 11:39:00,2.08,16945,United Kingdom,False
576067,23206,LUNCH BAG APPLE DESIGN,10,2011-11-13 15:48:00,1.65,14227,United Kingdom,False
541215,22470,HEART OF WICKER LARGE,6,2011-01-14 13:42:00,2.95,14329,United Kingdom,False
549327,84912A,,70,2011-04-08 10:46:00,0.0,,United Kingdom,False
538177,85123A,WHITE HANGING HEART T-LIGHT HOLDER,1,2010-12-10 09:51:00,5.91,,United Kingdom,False
556910,21064,BOOM BOX SPEAKER BOYS,2,2011-06-15 13:25:00,5.95,12748,United Kingdom,False
538566,84692,BOX OF 24 COCKTAIL PARASOLS,2,2010-12-13 11:21:00,0.85,,United Kingdom,False
574686,72122,COFFEE SCENT PILLAR CANDLE,4,2011-11-06 13:00:00,0.95,17608,United Kingdom,False
569026,23202,JUMBO BAG VINTAGE LEAF,10,2011-09-30 10:18:00,2.08,16101,United Kingdom,False
545854,21931,JUMBO STORAGE BAG SUKI,10,2011-03-07 13:51:00,1.95,14817,United Kingdom,False
580916,22217,T-LIGHT HOLDER HANGING LACE,1,2011-12-06 13:45:00,0.39,13685,United Kingdom,False
565431,82580,BATHROOM METAL SIGN,3,2011-09-04 13:15:00,0.55,14965,United Kingdom,False
540646,22457,NATURAL SLATE HEART CHALKBOARD,2,2011-01-10 14:32:00,5.91,,United Kingdom,False
556724,20914,SET/5 RED RETROSPOT LID GLASS BOWLS,10,2011-06-14 11:26:00,2.95,16745,United Kingdom,False
558196,23035,DRAWER KNOB CERAMIC IVORY,4,2011-06-27 12:38:00,1.45,16033,United Kingdom,False
572746,20728,LUNCH BAG CARS BLUE,1,2011-10-25 16:30:00,1.65,13263,United Kingdom,False
555397,21385,IVORY HANGING DECORATION  HEART,3,2011-06-02 17:26:00,1.63,,United Kingdom,False
540242,22673,FRENCH GARDEN SIGN BLUE METAL,4,2011-01-05 15:30:00,1.25,15046,United Kingdom,False
571305,84375,SET OF 20 KIDS COOKIE CUTTERS,1,2011-10-17 09:55:00,4.13,,United Kingdom,False
543300,20675,BLUE POLKADOT BOWL,8,2011-02-07 11:42:00,1.25,13334,United Kingdom,False
546136,79000,MOROCCAN TEA GLASS,3,2011-03-09 16:32:00,1.65,,United Kingdom,False
571046,84559A,3D SHEET OF DOG STICKERS,3,2011-10-13 13:35:00,0.85,18096,United Kingdom,False
576837,23188,VINTAGE  2 METRE FOLDING RULER,1,2011-11-16 15:16:00,3.29,,United Kingdom,False
550666,21868,POTTING SHED TEA MUG,12,2011-04-20 09:35:00,1.25,17719,United Kingdom,False
536539,85019A,ROMANTIC IMAGES NOTEBOOK SET,4,2010-12-01 14:03:00,4.25,15165,United Kingdom,False
558864,22956,36 FOIL HEART CAKE CASES,6,2011-07-04 12:38:00,2.1,,EIRE,False
539118,22553,PLASTERS IN TIN SKULLS,5,2010-12-16 11:27:00,1.65,15563,United Kingdom,False
564760,47566,PARTY BUNTING,6,2011-08-30 10:47:00,10.79,,United Kingdom,False
549126,22150,3 STRIPEY MICE FELTCRAFT,2,2011-04-06 14:23:00,1.95,16031,United Kingdom,False
541700,21876,POTTERING MUG,36,2011-01-21 09:06:00,0.42,15174,United Kingdom,False
578921,21592,RETROSPOT CIGAR BOX MATCHES,2,2011-11-27 11:57:00,1.25,13596,United Kingdom,False
574700,22360,GLASS JAR ENGLISH CONFECTIONERY,1,2011-11-06 13:53:00,2.95,16033,United Kingdom,False
581334,22595,GINGHAM HEART DECORATION,8,2011-12-08 12:07:00,0.85,17841,United Kingdom,False
564750,22178,VICTORIAN GLASS HANGING T-LIGHT,12,2011-08-30 09:36:00,1.25,17690,United Kingdom,False
541592,20662,FIRST CLASS HOLIDAY PURSE,2,2011-01-19 15:08:00,2.46,,United Kingdom,False
549524,22432,WATERING CAN PINK BUNNY,6,2011-04-08 15:42:00,4.13,,United Kingdom,False
571028,23266,SET OF 3 WOODEN STOCKING DECORATION,1,2011-10-13 12:21:00,1.25,16770,United Kingdom,False
539740,22167,OVAL WALL MIRROR DIAMANTE,1,2010-12-21 15:20:00,20.38,,United Kingdom,False
558069,23306,SET OF 36 DOILIES PANTRY DESIGN,12,2011-06-24 15:51:00,1.45,14156,EIRE,False
559555,22096,PINK PAISLEY SQUARE TISSUE BOX,36,2011-07-11 10:14:00,0.39,13678,United Kingdom,False
542406,85206A,CREAM FELT EASTER EGG BASKET,4,2011-01-27 16:13:00,1.65,17757,United Kingdom,False
559350,23080,RED METAL BOX TOP SECRET,4,2011-07-07 17:35:00,8.25,16842,United Kingdom,False
563739,22999,TRAVEL CARD WALLET VINTAGE LEAF,24,2011-08-18 20:05:00,0.42,17750,United Kingdom,False
570863,22726,ALARM CLOCK BAKELIKE GREEN,8,2011-10-12 15:39:00,3.75,15144,United Kingdom,False
545079,22274,FELTCRAFT DOLL EMILY,1,2011-02-28 10:30:00,2.95,18283,United Kingdom,False
537265,21497,FANCY FONTS BIRTHDAY WRAP,25,2010-12-06 11:26:00,0.42,15919,United Kingdom,False
565232,20712,JUMBO BAG WOODLAND ANIMALS,1,2011-09-02 09:30:00,4.13,,United Kingdom,False
548309,21719,LOVELY BONBON STICKER SHEET,3,2011-03-30 12:02:00,0.85,16657,United Kingdom,False
577531,22659,LUNCH BOX I LOVE LONDON,2,2011-11-20 13:58:00,4.13,,United Kingdom,False
553340,21790,VINTAGE SNAP CARDS,24,2011-05-16 12:20:00,0.85,15125,United Kingdom,False
547065,22084,PAPER CHAIN KIT EMPIRE,6,2011-03-20 13:38:00,2.95,17068,United Kingdom,False
570964,22138,BAKING SET 9 PIECE RETROSPOT,6,2011-10-13 11:50:00,4.95,12766,Portugal,False
545995,21124,SET/10 BLUE POLKADOT PARTY CANDLES,4,2011-03-08 13:54:00,1.25,15023,United Kingdom,False
569826,23431,NATURAL HANGING QUILTED HEARTS,12,2011-10-06 12:25:00,0.83,18161,United Kingdom,False
564482,85130B,BEADED CRYSTAL HEART GREEN LARGE,24,2011-08-25 13:40:00,0.79,13149,United Kingdom,False
538051,22909,SET OF 20 VINTAGE CHRISTMAS NAPKINS,4,2010-12-09 13:24:00,0.85,18041,United Kingdom,False
540247,21218,RED SPOTTY BISCUIT TIN,1,2011-01-05 15:56:00,3.75,15464,United Kingdom,False
553710,22630,DOLLY GIRL LUNCH BOX,2,2011-05-18 15:35:00,1.95,17338,United Kingdom,False
558556,21948,SET OF 6 CAKE CHOPSTICKS,1,2011-06-30 13:14:00,1.25,17954,United Kingdom,False
553182,21164,HOME SWEET HOME METAL SIGN,2,2011-05-15 12:21:00,2.95,17107,United Kingdom,False
581095,17003,BROCADE RING PURSE,34,2011-12-07 11:35:00,0.39,17238,United Kingdom,False
575936,23295,SET OF 12 MINI LOAF BAKING CASES,16,2011-11-13 11:21:00,0.83,17041,United Kingdom,False
552039,16161P,WRAP ENGLISH ROSE,25,2011-05-06 08:10:00,0.42,13081,United Kingdom,False
541506,20615,BLUE POLKADOT PASSPORT COVER,2,2011-01-18 16:05:00,4.13,,United Kingdom,False
557293,48111,DOORMAT 3 SMILEY CATS,2,2011-06-19 13:26:00,7.95,16326,United Kingdom,False
552893,22025,RING OF ROSES BIRTHDAY CARD,12,2011-05-12 10:49:00,0.42,14421,United Kingdom,False
566950,23208,LUNCH BAG VINTAGE LEAF DESIGN,10,2011-09-15 16:34:00,1.65,17594,United Kingdom,False
566221,23350,ROLL WRAP VINTAGE SPOT,1,2011-09-09 16:13:00,2.46,,United Kingdom,False
536876,20971,PINK BLUE FELT CRAFT TRINKET BOX,1,2010-12-03 11:36:00,2.51,,United Kingdom,False
577543,22380,TOY TIDY SPACEBOY,5,2011-11-20 14:40:00,2.1,17636,United Kingdom,False
538645,22610,PENS ASSORTED FUNNY FACE,36,2010-12-13 14:52:00,0.21,13269,United Kingdom,False
570413,22327,ROUND SNACK BOXES SET OF 4 SKULLS,6,2011-10-10 13:13:00,2.95,17652,United Kingdom,False
576783,22398,MAGNETS PACK OF 4 SWALLOWS,12,2011-11-16 13:38:00,0.39,13447,United Kingdom,False
580115,20969,RED FLORAL FELTCRAFT SHOULDER BAG,1,2011-12-01 16:22:00,7.46,,United Kingdom,False
575930,23369,SET 36 COLOUR PENCILS LOVE LONDON,1,2011-11-11 17:58:00,2.46,,United Kingdom,False
580118,23027,DRAWER KNOB VINTAGE GLASS HEXAGON,18,2011-12-01 16:31:00,2.08,16011,United Kingdom,False
C553478,23172,REGENCY TEA PLATE PINK,-1,2011-05-17 11:47:00,1.65,17677,United Kingdom,True
540977,72816,SET/3 CHRISTMAS DECOUPAGE CANDLES,1,2011-01-12 15:01:00,2.51,,United Kingdom,False
563441,85123A,WHITE HANGING HEART T-LIGHT HOLDER,5,2011-08-16 13:13:00,2.95,13140,United Kingdom,False
572758,23311,VINTAGE CHRISTMAS STOCKING,1,2011-10-25 18:39:00,4.96,,United Kingdom,False
547656,22173,METAL 4 HOOK HANGER FRENCH CHATEAU,1,2011-03-24 12:53:00,2.95,13263,United Kingdom,False
552514,22108,PING! MICROWAVE PLATE,1,2011-05-09 16:30:00,3.29,,United Kingdom,False
572550,20726,LUNCH BAG WOODLAND,1,2011-10-24 17:06:00,4.13,,United Kingdom,False
543256,21485,RETROSPOT HEART HOT WATER BOTTLE,4,2011-02-04 15:54:00,4.95,17293,United Kingdom,False
580468,22464,HANGING METAL HEART LANTERN,1,2011-12-04 12:31:00,0.79,12748,United Kingdom,False
542541,22178,VICTORIAN GLASS HANGING T-LIGHT,25,2011-01-28 14:25:00,2.46,,United Kingdom,False
561325,22128,PARTY CONES CANDY ASSORTED,12,2011-07-26 13:46:00,1.25,17596,United Kingdom,False
557892,21468,BUTTERFLY CROCHET FOOD COVER,1,2011-06-23 14:11:00,3.75,14534,United Kingdom,False
554096,51014L,"FEATHER PEN,LIGHT PINK",12,2011-05-22 12:51:00,0.85,14921,United Kingdom,False
539750,21673,WHITE SPOT BLUE CERAMIC DRAWER KNOB,1,2010-12-21 15:40:00,3.36,,United Kingdom,False
558904,21204,DAISIES  HONEYCOMB GARLAND,2,2011-07-04 16:18:00,1.63,,United Kingdom,False
577400,23582,VINTAGE DOILY JUMBO BAG RED,10,2011-11-18 17:20:00,2.08,16201,United Kingdom,False
563928,84032B,CHARLIE + LOLA RED HOT WATER BOTTLE,2,2011-08-21 15:17:00,2.95,17059,United Kingdom,False
541413,22926,IVORY GIANT GARDEN THERMOMETER,2,2011-01-17 16:14:00,5.95,13859,United Kingdom,False
546365,22771,CLEAR DRAWER KNOB ACRYLIC EDWARDIAN,12,2011-03-11 11:35:00,1.25,12520,Germany,False
544075,22728,ALARM CLOCK BAKELIKE PINK,50,2011-02-15 14:50:00,3.39,14156,EIRE,False
560537,84519B,CARROT CHARLIE+LOLA COASTER SET,6,2011-07-19 12:19:00,1.25,17779,United Kingdom,False
543983,22423,REGENCY CAKESTAND 3 TIER,16,2011-02-15 09:20:00,10.95,16979,United Kingdom,False
570168,23510,MINI PLAYING CARDS GYMKHANA,45,2011-10-07 14:05:00,0.42,17596,United Kingdom,False
560397,23296,SET OF 6 TEA TIME BAKING CASES,8,2011-07-18 14:04:00,1.25,17652,United Kingdom,False
571505,21584,RETROSPOT SMALL TUBE MATCHES,3,2011-10-17 15:19:00,1.65,17244,United Kingdom,False
541695,85176,SEWING SUSAN 21 NEEDLE SET,2,2011-01-20 18:01:00,1.63,,United Kingdom,False
546426,22650,CERAMIC PIRATE CHEST MONEY BANK,4,2011-03-13 13:46:00,1.45,13708,United Kingdom,False
552023,21980,PACK OF 12 RED RETROSPOT TISSUES,24,2011-05-05 17:59:00,0.29,17624,United Kingdom,False
575757,20829,GLITTER HANGING BUTTERFLY STRING,3,2011-11-11 10:49:00,2.1,17295,United Kingdom,False
564646,84997d,CHILDRENS CUTLERY POLKADOT PINK,2,2011-08-26 13:39:00,8.29,,United Kingdom,False
565092,22956,36 FOIL HEART CAKE CASES,6,2011-09-01 10:36:00,2.1,14092,United Kingdom,False
562468,22775,PURPLE DRAWERKNOB ACRYLIC EDWARDIAN,17,2011-08-05 11:52:00,1.25,16928,United Kingdom,False
578068,22189,CREAM HEART CARD HOLDER,2,2011-11-22 15:45:00,3.95,14505,United Kingdom,False
549743,23232,WRAP VINTAGE PETALS  DESIGN,25,2011-04-12 10:05:00,0.42,16186,United Kingdom,False
579470,21877,HOME SWEET HOME MUG,1,2011-11-29 15:06:00,1.65,16549,United Kingdom,False
563189,22467,GUMBALL COAT RACK,6,2011-08-12 15:22:00,2.55,12682,France,False
537141,22193,RED DINER WALL CLOCK,1,2010-12-05 12:57:00,8.5,15570,United Kingdom,False
556810,11001,ASSTD DESIGN RACING CAR PEN,1,2011-06-14 16:50:00,1.69,,United Kingdom,False
581498,22722,SET OF 6 SPICE TINS PANTRY DESIGN,3,2011-12-09 10:26:00,8.29,,United Kingdom,False
578065,23331,DECORATIVE WICKER HEART SMALL,1,2011-11-22 15:41:00,1.25,,United Kingdom,False
553768,22697,GREEN REGENCY TEACUP AND SAUCER,1,2011-05-19 10:47:00,5.79,,United Kingdom,False
543645,21932,SCANDINAVIAN PAISLEY PICNIC BAG,2,2011-02-10 17:54:00,2.95,17609,United Kingdom,False
555400,22605,WOODEN CROQUET GARDEN SET,15,2011-06-02 17:50:00,12.75,14088,United Kingdom,False
579558,82582,AREA PATROLLED METAL SIGN,12,2011-11-30 11:24:00,2.1,14755,United Kingdom,False
540866,21240,BLUE POLKADOT CUP,96,2011-01-12 11:21:00,0.72,17324,United Kingdom,False
537240,21931,JUMBO STORAGE BAG SUKI,1,2010-12-06 10:08:00,4.21,,United Kingdom,False
561658,23546,WRAP PAISLEY PARK,25,2011-07-28 16:06:00,0.42,12743,Unspecified,False
549834,22727,ALARM CLOCK BAKELIKE RED,18,2011-04-12 13:20:00,3.75,16672,United Kingdom,False
564630,20795,LARGE BLUE PROVENCAL CERAMIC BALL,6,2011-08-26 11:53:00,2.1,13644,United Kingdom,False
562840,22094,RED RETROSPOT TISSUE BOX,3,2011-08-09 16:27:00,0.39,14527,United Kingdom,False
574678,23247,BISCUIT TIN 50'S CHRISTMAS,6,2011-11-06 12:36:00,2.89,13365,United Kingdom,False
558085,21936,RED RETROSPOT PICNIC BAG,5,2011-06-26 11:53:00,2.95,13021,United Kingdom,False
538518,22728,ALARM CLOCK BAKELIKE PINK,1,2010-12-12 16:14:00,3.75,14505,United Kingdom,False
552674,22090,PAPER BUNTING RETROSPOT,1,2011-05-10 15:07:00,6.63,,United Kingdom,False
C563224,23298,SPOTTY BUNTING,-1,2011-08-14 14:33:00,4.95,12409,Switzerland,True
543113,20972,PINK CREAM FELT CRAFT TRINKET BOX,12,2011-02-03 13:06:00,1.25,13047,United Kingdom,False
556513,21426,WOODLAND STORAGE BOX SMALL,1,2011-06-13 10:45:00,4.96,,United Kingdom,False
559499,22646,CERAMIC STRAWBERRY CAKE MONEY BANK,2,2011-07-08 14:22:00,4.13,,United Kingdom,False
567675,84997D,CHILDRENS CUTLERY POLKADOT PINK,6,2011-09-21 15:54:00,4.15,15351,United Kingdom,False
580504,22556,PLASTERS IN TIN CIRCUS PARADE,1,2011-12-04 13:32:00,1.65,17936,United Kingdom,False
545232,22479,DAISY GARDEN MARKER,10,2011-03-01 10:19:00,1.25,15676,United Kingdom,False
544700,22964,3 PIECE SPACEBOY COOKIE CUTTER SET,1,2011-02-23 10:10:00,2.1,18041,United Kingdom,False
539453,DOT,DOTCOM POSTAGE,1,2010-12-17 17:08:00,603.62,,United Kingdom,False
562458,22961,JAM MAKING SET PRINTED,384,2011-08-05 11:16:00,1.25,16029,United Kingdom,False
569136,23196,VINTAGE LEAF MAGNETIC NOTEPAD,1,2011-09-30 14:41:00,1.45,15834,United Kingdom,False
556102,22652,TRAVEL SEWING KIT,10,2011-06-08 16:15:00,1.65,13115,United Kingdom,False
580123,84997D,CHILDRENS CUTLERY POLKADOT PINK,72,2011-12-01 17:07:00,3.75,12664,Finland,False
556795,21499,BLUE POLKADOT WRAP,25,2011-06-14 14:29:00,0.42,15912,United Kingdom,False
555836,22433,WATERING CAN GREEN DINOSAUR,6,2011-06-07 12:36:00,1.95,13098,United Kingdom,False
558774,22182,CAKE STAND VICTORIAN FILIGREE SMALL,1,2011-07-04 10:17:00,4.13,,United Kingdom,False
580272,16169E,WRAP 50'S  CHRISTMAS,25,2011-12-02 12:52:00,0.42,15547,United Kingdom,False
564817,22116,METAL SIGN HIS DINNER IS SERVED,1,2011-08-30 12:02:00,1.63,,United Kingdom,False
545019,21340,CLASSIC METAL BIRDCAGE PLANT HOLDER,8,2011-02-25 13:56:00,9.95,15093,United Kingdom,False
580937,21175,GIN AND TONIC DIET METAL SIGN,12,2011-12-06 14:13:00,2.55,16143,United Kingdom,False
562838,21991,BOHEMIAN COLLAGE STATIONERY SET,12,2011-08-09 15:59:00,1.25,13162,United Kingdom,False
570688,22795,SWEETHEART RECIPE BOOK STAND,1,2011-10-11 16:29:00,13.29,,United Kingdom,False
566787,21181,PLEASE ONE PERSON METAL SIGN,1,2011-09-15 10:31:00,4.13,,United Kingdom,False
561869,85071A,BLUE CHARLIE+LOLA PERSONAL DOORSIGN,2,2011-07-31 11:38:00,0.39,16764,United Kingdom,False
567306,84997C,CHILDRENS CUTLERY POLKADOT BLUE,72,2011-09-19 13:32:00,3.75,12752,Norway,False
541280,21232,STRAWBERRY CERAMIC TRINKET BOX,72,2011-01-17 11:57:00,1.06,15296,United Kingdom,False
541842,21231,SWEETHEART CERAMIC TRINKET BOX,4,2011-01-23 12:07:00,1.25,16085,United Kingdom,False
578347,20782,CAMOUFLAGE EAR MUFF HEADPHONES,1,2011-11-24 09:26:00,10.79,,United Kingdom,False
548894,22378,WALL TIDY RETROSPOT,2,2011-04-04 16:01:00,4.13,,United Kingdom,False
559514,47591d,PINK FAIRY CAKE CHILDRENS APRON,1,2011-07-08 15:57:00,4.96,,United Kingdom,False
563912,21465,PINK FLOWER CROCHET FOOD COVER,6,2011-08-21 12:58:00,3.75,17675,United Kingdom,False
558863,85123A,WHITE HANGING HEART T-LIGHT HOLDER,3,2011-07-04 12:28:00,2.95,17243,United Kingdom,False
543332,71459,HANGING JAM JAR T-LIGHT HOLDER,12,2011-02-07 12:24:00,0.85,13955,United Kingdom,False
C561233,22231,JIGSAW TREE WITH BIRDHOUSE,-1,2011-07-26 10:24:00,0.59,17422,United Kingdom,True
545046,22021,BLUE FELT EASTER EGG BASKET,6,2011-02-27 11:42:00,1.65,16598,United Kingdom,False
576339,22513,DOORSTOP FOOTBALL DESIGN,1,2011-11-14 15:27:00,7.46,14096,United Kingdom,False
572511,23113,PANTRY CHOPPING BOARD,3,2011-10-24 14:29:00,4.95,14895,United Kingdom,False
559289,84978,HANGING HEART JAR T-LIGHT HOLDER,6,2011-07-07 12:22:00,1.25,15719,United Kingdom,False
568491,22086,PAPER CHAIN KIT 50'S CHRISTMAS,3,2011-09-27 11:58:00,2.95,15443,United Kingdom,False
547226,72807B,SET/3 OCEAN SCENT CANDLE JEWEL BOX,4,2011-03-21 15:33:00,4.25,14167,United Kingdom,False
570218,22950,36 DOILIES VINTAGE CHRISTMAS,72,2011-10-09 12:20:00,1.45,16873,United Kingdom,False
579832,35819B,"ACRYLIC HANGING JEWEL,BLUE",26,2011-11-30 15:58:00,0.38,17434,United Kingdom,False
545719,21174,POTTERING IN THE SHED METAL SIGN,12,2011-03-07 10:28:00,2.08,13344,United Kingdom,False
558774,82567,"AIRLINE LOUNGE,METAL SIGN",1,2011-07-04 10:17:00,1.63,,United Kingdom,False
557886,21793,CLASSIC FRENCH STYLE BASKET BROWN,1,2011-06-23 13:39:00,3.95,17799,United Kingdom,False
562715,21270,ANTIQUE CREAM CUTLERY CUPBOARD,1,2011-08-08 15:34:00,24.96,,United Kingdom,False
542893,22933,BAKING MOULD EASTER EGG MILK CHOC,6,2011-02-01 13:36:00,2.95,18202,United Kingdom,False
542124,20972,PINK CREAM FELT CRAFT TRINKET BOX,12,2011-01-25 14:45:00,1.25,14248,United Kingdom,False
564184,84378,SET OF 3 HEART COOKIE CUTTERS,12,2011-08-23 15:11:00,1.25,,EIRE,False
538827,85180B,PINK HEARTS LIGHT CHAIN,24,2010-12-14 12:59:00,1.25,14298,United Kingdom,False
569467,22045,SPACEBOY GIFT WRAP,25,2011-10-04 11:44:00,0.42,14291,United Kingdom,False
570225,22866,HAND WARMER SCOTTY DOG DESIGN,3,2011-10-09 13:15:00,2.1,16595,United Kingdom,False
539437,21262,WHITE GOOSE FEATHER CHRISTMAS TREE,1,2010-12-17 14:54:00,7.62,,United Kingdom,False
558835,22654,DELUXE SEWING KIT,1,2011-07-04 11:58:00,12.46,,United Kingdom,False
557468,22815,CARD PSYCHEDELIC APPLES,12,2011-06-20 13:14:00,0.42,16713,United Kingdom,False
567099,84912A,PINK ROSE WASHBAG,1,2011-09-16 13:31:00,3.75,15311,United Kingdom,False
578250,22963,JAM JAR WITH GREEN LID,1,2011-11-23 12:43:00,0.85,15901,United Kingdom,False
536945,21250,SET OF SKULL WALL STICKERS,2,2010-12-03 12:24:00,2.95,14083,United Kingdom,False
548919,22358,KINGS CHOICE TEA CADDY,6,2011-04-05 10:18:00,2.95,13013,United Kingdom,False
578827,21616,4 PEAR BOTANICAL DINNER CANDLES,2,2011-11-25 14:25:00,3.29,,United Kingdom,False
543288,21871,SAVE THE PLANET MUG,12,2011-02-07 10:14:00,1.25,17302,United Kingdom,False
544087,22972,CHILDREN'S SPACEBOY MUG,2,2011-02-15 17:02:00,1.65,17530,United Kingdom,False
560290,23199,JUMBO BAG APPLES,2,2011-07-18 10:17:00,4.13,,United Kingdom,False
552045,85123A,WHITE HANGING HEART T-LIGHT HOLDER,6,2011-05-06 09:22:00,2.95,18241,United Kingdom,False
579667,22734,SET OF 6 RIBBONS VINTAGE CHRISTMAS,1,2011-11-30 12:32:00,2.89,16361,United Kingdom,False
543162,21080,SET/20 RED RETROSPOT PAPER NAPKINS,6,2011-02-03 18:08:00,0.85,17507,United Kingdom,False
546652,21557,SET OF 6 FUNKY BEAKERS,1,2011-03-15 14:18:00,5.63,,United Kingdom,False
580672,22447,PIN CUSHION BABUSHKA BLUE,1,2011-12-05 14:29:00,1.25,17920,United Kingdom,False
574550,23128,FELTCRAFT BOY JEAN-PAUL KIT,3,2011-11-04 15:18:00,4.95,12484,Spain,False
538878,22730,ALARM CLOCK BAKELIKE IVORY,8,2010-12-14 15:43:00,3.75,13767,United Kingdom,False
559693,21843,RED RETROSPOT CAKE STAND,1,2011-07-11 16:21:00,20.79,,United Kingdom,False
570465,23301,GARDENERS KNEELING PAD KEEP CALM,1,2011-10-10 16:02:00,3.29,,United Kingdom,False
575039,22940,FELTCRAFT CHRISTMAS FAIRY,1,2011-11-08 11:53:00,4.25,15005,United Kingdom,False
559816,84748,FOLK FELT HANGING MULTICOL GARLAND,1,2011-07-12 16:11:00,2.46,,United Kingdom,False
540098,22956,36 FOIL HEART CAKE CASES,1,2011-01-04 15:50:00,2.1,16241,United Kingdom,False
577768,23210,WHITE ROCKING HORSE HAND PAINTED,1,2011-11-21 15:18:00,2.46,,United Kingdom,False
560773,22993,SET OF 4 PANTRY JELLY MOULDS,3,2011-07-20 16:17:00,2.46,,United Kingdom,False
581217,22754,SMALL RED BABUSHKA NOTEBOOK,1,2011-12-08 09:20:00,1.63,,United Kingdom,False
549524,22183,CAKE STAND VICTORIAN FILIGREE MED,3,2011-04-08 15:42:00,5.79,,United Kingdom,False
570113,21915,RED  HARMONICA IN BOX,48,2011-10-07 12:31:00,1.25,15874,United Kingdom,False
558475,85111,SILVER GLITTER FLOWER VOTIVE HOLDER,6,2011-06-29 15:58:00,0.29,,United Kingdom,False
547703,21164,HOME SWEET HOME METAL SIGN,12,2011-03-24 17:10:00,2.95,12540,Spain,False
550470,90158,ST TROPEZ NECKLACE,1,2011-04-18 13:49:00,4.98,,United Kingdom,False
559357,21524,DOORMAT SPOTTY HOME SWEET HOME,20,2011-07-07 18:56:00,6.75,17107,United Kingdom,False
556484,22925,BLUE GIANT GARDEN THERMOMETER,1,2011-06-12 13:17:00,5.95,16938,United Kingdom,False
566408,23194,GYMKHANA TREASURE BOOK BOX,2,2011-09-12 13:43:00,2.25,16984,United Kingdom,False
541115,22516,CHILDS GARDEN RAKE BLUE,6,2011-01-13 15:34:00,2.1,12578,Italy,False
575210,23457,LARGE PARLOUR PICTURE FRAME,6,2011-11-09 10:32:00,4.95,14732,United Kingdom,False
544907,22426,ENAMEL WASH BOWL CREAM,4,2011-02-24 14:15:00,3.75,12945,United Kingdom,False
571040,22282,12 EGG HOUSE PAINTED WOOD,2,2011-10-13 12:59:00,12.75,15272,United Kingdom,False
538370,22197,SMALL POPCORN HOLDER,5,2010-12-12 11:06:00,0.85,16923,United Kingdom,False
551775,23152,IVORY SWEETHEART WIRE LETTER RACK,1,2011-05-04 11:21:00,3.75,12886,United Kingdom,False
579787,23373,VINTAGE CHRISTMAS PAPER GIFT BAG,2,2011-11-30 15:33:00,1.63,,United Kingdom,False
554103,23003,TRAVEL CARD WALLET VINTAGE ROSE,5,2011-05-22 13:51:00,0.42,15555,United Kingdom,False
578946,85049E,SCANDINAVIAN REDS RIBBONS,1,2011-11-27 13:47:00,1.25,16005,United Kingdom,False
551556,22040,BOTANICAL ROSE GIFT WRAP,25,2011-05-03 10:30:00,0.42,14191,United Kingdom,False
550625,21974,SET OF 36 PAISLEY FLOWER DOILIES,12,2011-04-19 14:02:00,1.45,12619,Germany,False
570121,21497,FANCY FONTS BIRTHDAY WRAP,25,2011-10-07 12:49:00,0.42,13419,United Kingdom,False
568191,22708,WRAP DOLLY GIRL,25,2011-09-25 14:37:00,0.42,16655,United Kingdom,False
567280,23126,FELTCRAFT GIRL AMELIE KIT,40,2011-09-19 11:46:00,4.15,14646,Netherlands,False
576301,22601,CHRISTMAS RETROSPOT ANGEL WOOD,12,2011-11-14 14:40:00,0.85,14667,United Kingdom,False
538255,22794,SWEETHEART WIRE MAGAZINE RACK,2,2010-12-10 12:33:00,7.95,14911,EIRE,False
541112,21383,PACK OF 12 STICKY BUNNIES,12,2011-01-13 15:17:00,0.65,18085,United Kingdom,False
544673,22789,T-LIGHT HOLDER SWEETHEART HANGING,12,2011-02-22 15:46:00,1.95,13421,United Kingdom,False
C562375,23157,SET OF 6 NATIVITY MAGNETS,-240,2011-08-04 14:46:00,1.85,14911,EIRE,True
561043,20762,GREEN FERN SKETCHBOOK,2,2011-07-24 12:20:00,3.75,15708,United Kingdom,False
550474,22386,JUMBO BAG PINK POLKADOT,1,2011-04-18 13:58:00,4.13,,United Kingdom,False
573485,23367,SET 12 COLOUR PENCILS SPACEBOY,4,2011-10-31 11:37:00,0.65,15752,United Kingdom,False
566949,21671,RED SPOT CERAMIC DRAWER KNOB,2,2011-09-15 16:32:00,3.29,,United Kingdom,False
567372,23432,PRETTY HANGING QUILTED HEARTS,24,2011-09-20 09:24:00,0.83,14191,United Kingdom,False
539252,10135,COLOURING PENCILS BROWN TUBE,40,2010-12-16 14:17:00,0.42,17744,United Kingdom,False
574341,21871,SAVE THE PLANET MUG,432,2011-11-04 10:09:00,0.8,18102,United Kingdom,False
572088,22086,PAPER CHAIN KIT 50'S CHRISTMAS,10,2011-10-20 14:33:00,2.95,14585,United Kingdom,False
565836,21967,PACK OF 12 SKULL TISSUES,24,2011-09-07 11:41:00,0.39,17511,United Kingdom,False
548745,23155,KNICKERBOCKERGLORY MAGNET ASSORTED,12,2011-04-04 12:10:00,0.83,12471,Germany,False
577532,51014C,"FEATHER PEN,COAL BLACK",12,2011-11-20 14:01:00,0.39,16666,United Kingdom,False
570841,22379,RECYCLING BAG RETROSPOT,5,2011-10-12 14:18:00,2.1,12553,France,False
554275,21843,RED RETROSPOT CAKE STAND,1,2011-05-23 13:17:00,10.95,14903,United Kingdom,False
564221,22813,PACK 3 BOXES BIRD PANNETONE,1,2011-08-24 09:36:00,4.13,,United Kingdom,False
549548,22411,JUMBO SHOPPER VINTAGE RED PAISLEY,1,2011-04-10 11:35:00,2.08,13548,United Kingdom,False
569700,23503,PLAYING CARDS KEEP CALM & CARRY ON,2,2011-10-05 15:56:00,2.46,,United Kingdom,False
562104,20723,STRAWBERRY CHARLOTTE BAG,51,2011-08-02 14:31:00,2.46,,United Kingdom,False
539456,90014A,SILVER/MOP ORBIT NECKLACE,1,2010-12-17 17:23:00,9.95,16885,United Kingdom,False
577319,22209,WOOD STAMP SET HAPPY BIRTHDAY,1,2011-11-18 13:43:00,0.83,17301,United Kingdom,False
575846,84559A,3D SHEET OF DOG STICKERS,18,2011-11-11 12:07:00,0.85,17364,United Kingdom,False
539482,20986,BLUE CALCULATOR RULER,2,2010-12-19 15:29:00,1.25,,United Kingdom,False
577358,21891,TRADITIONAL WOODEN SKIPPING ROPE,2,2011-11-18 15:59:00,2.46,,United Kingdom,False
536833,22186,RED STAR CARD HOLDER,6,2010-12-02 17:48:00,2.95,18239,United Kingdom,False
580983,22028,PENNY FARTHING BIRTHDAY CARD,1,2011-12-06 16:26:00,0.83,,United Kingdom,False
544077,84970S,HANGING HEART ZINC T-LIGHT HOLDER,12,2011-02-15 15:04:00,0.85,14825,United Kingdom,False
548983,22423,REGENCY CAKESTAND 3 TIER,1,2011-04-05 12:30:00,12.75,16906,United Kingdom,False
538177,22196,SMALL HEART MEASURING SPOONS,5,2010-12-10 09:51:00,1.66,,United Kingdom,False
555542,22452,MEASURING TAPE BABUSHKA PINK,6,2011-06-05 12:51:00,2.95,15108,European Community,False
570011,23415,HOME SWEET HOME HOOK,12,2011-10-07 09:44:00,1.65,16477,United Kingdom,False
541497,85035B,CHOCOLATE 3 WICK MORRIS BOX CANDLE,1,2011-01-18 15:19:00,3.29,,United Kingdom,False
575504,23247,BISCUIT TIN 50'S CHRISTMAS,6,2011-11-10 10:29:00,2.89,14895,United Kingdom,False
577171,22576,SWALLOW WOODEN CHRISTMAS DECORATION,12,2011-11-18 10:52:00,0.85,17159,United Kingdom,False
560894,47566,PARTY BUNTING,4,2011-07-21 17:09:00,4.95,14911,EIRE,False
559552,22844,VINTAGE CREAM DOG FOOD CONTAINER,1,2011-07-10 16:29:00,8.5,16014,United Kingdom,False
544202,22313,OFFICE MUG WARMER PINK,1,2011-02-17 10:29:00,8.29,,United Kingdom,False
561093,21892,TRADITIONAL WOODEN CATCH CUP GAME,12,2011-07-25 10:01:00,1.25,12540,Spain,False
568193,20727,LUNCH BAG  BLACK SKULL.,20,2011-09-25 14:37:00,1.65,17107,United Kingdom,False
564825,17012D,ORIGAMI ROSE INCENSE/CANDLE SET,1,2011-08-30 12:26:00,2.46,,United Kingdom,False
550319,82011C,BATHROOM SCALES FOOTPRINTS IN SAND,1,2011-04-17 12:37:00,3.75,14524,United Kingdom,False
571847,23349,ROLL WRAP VINTAGE CHRISTMAS,12,2011-10-19 12:39:00,1.25,15220,United Kingdom,False
569845,22423,REGENCY CAKESTAND 3 TIER,4,2011-10-06 13:41:00,12.75,14819,United Kingdom,False
568224,23355,HOT WATER BOTTLE KEEP CALM,2,2011-09-26 10:22:00,4.95,17377,United Kingdom,False
577747,48184,DOORMAT ENGLISH ROSE,48,2011-11-21 14:21:00,8.0,17450,United Kingdom,False
537054,21871,SAVE THE PLANET MUG,4,2010-12-05 11:40:00,1.25,16931,United Kingdom,False
567475,23351,ROLL WRAP 50'S CHRISTMAS,4,2011-09-20 13:11:00,1.25,16360,United Kingdom,False
577176,23284,DOORMAT KEEP CALM AND COME IN,6,2011-11-18 11:07:00,8.25,13305,United Kingdom,False
548011,22556,PLASTERS IN TIN CIRCUS PARADE,96,2011-03-29 11:14:00,1.45,14646,Netherlands,False
578347,23293,SET OF 12 FAIRY CAKE BAKING CASES,3,2011-11-24 09:26:00,2.46,,United Kingdom,False
C541863,82583,HOT BATHS METAL SIGN,-1,2011-01-23 16:08:00,1.69,13798,United Kingdom,True
554514,84905,PINK BUTTERFLY CUSHION COVER,1,2011-05-24 15:58:00,4.96,,United Kingdom,False
568046,15056P,EDWARDIAN PARASOL PINK,1,2011-09-23 12:16:00,5.95,18118,United Kingdom,False
554694,21001,ROSE DU SUD WASHBAG,1,2011-05-25 17:06:00,4.13,,United Kingdom,False
569220,21901,"KEY FOB , BACK DOOR",2,2011-10-02 13:26:00,0.65,16007,United Kingdom,False
554979,23148,MINIATURE ANTIQUE ROSE HOOK IVORY,3,2011-05-29 11:34:00,0.83,16931,United Kingdom,False
556910,22211,WOOD STAMP SET FLOWERS,5,2011-06-15 13:25:00,0.83,12748,United Kingdom,False
569726,23355,HOT WATER BOTTLE KEEP CALM,4,2011-10-06 09:36:00,4.95,17419,United Kingdom,False
542890,22262,FELT EGG COSY CHICKEN,12,2011-02-01 13:25:00,0.85,15311,United Kingdom,False
578344,35953,FOLKART STAR CHRISTMAS DECORATIONS,20,2011-11-24 09:21:00,0.61,,United Kingdom,False
552961,22758,LARGE PURPLE BABUSHKA NOTEBOOK,12,2011-05-12 12:54:00,1.25,15489,United Kingdom,False
573377,22795,SWEETHEART RECIPE BOOK STAND,1,2011-10-30 13:51:00,6.75,14653,United Kingdom,False
559802,21080,SET/20 RED RETROSPOT PAPER NAPKINS,4,2011-07-12 13:48:00,2.46,,United Kingdom,False
566563,22236,CAKE STAND 3 TIER MAGIC GARDEN,2,2011-09-13 12:22:00,12.75,12909,United Kingdom,False
540418,22117,METAL SIGN HER DINNER IS SERVED,2,2011-01-07 11:04:00,1.66,,United Kingdom,False
C547409,23176,ABC TREASURE BOOK BOX,-8,2011-03-23 08:59:00,2.25,13092,United Kingdom,True
553178,20956,PORCELAIN T-LIGHT HOLDERS ASSORTED,1,2011-05-15 11:29:00,1.25,17302,United Kingdom,False
573914,21810,CHRISTMAS HANGING STAR WITH BELL,48,2011-11-01 15:53:00,0.39,14383,United Kingdom,False
550496,84991,60 TEATIME FAIRY CAKE CASES,2,2011-04-18 15:05:00,1.25,,United Kingdom,False
538566,84978,HANGING HEART JAR T-LIGHT HOLDER,2,2010-12-13 11:21:00,2.51,,United Kingdom,False
579286,21912,VINTAGE SNAKES & LADDERS,1,2011-11-29 10:57:00,3.75,17772,United Kingdom,False
565456,23128,FELTCRAFT BOY JEAN-PAUL KIT,1,2011-09-04 16:12:00,4.95,16629,United Kingdom,False
547999,20860,,-7,2011-03-29 10:24:00,0.0,,United Kingdom,False
566121,23306,,-682,2011-09-09 10:56:00,0.0,,United Kingdom,False
546365,21042,RED RETROSPOT APRON,3,2011-03-11 11:35:00,5.95,12520,Germany,False
567183,23239,SET OF 4 KNICK KNACK TINS POPPIES,1,2011-09-18 15:32:00,4.15,14769,United Kingdom,False
566451,23206,LUNCH BAG APPLE DESIGN,2,2011-09-12 16:14:00,1.65,18069,United Kingdom,False
568315,23520,EMBROIDERED RIBBON REEL RUBY,6,2011-09-26 13:17:00,3.75,16705,United Kingdom,False
544645,22568,FELTCRAFT CUSHION OWL,12,2011-02-22 11:58:00,3.75,16843,United Kingdom,False
558040,23084,RABBIT NIGHT LIGHT,48,2011-06-24 12:51:00,1.79,14309,United Kingdom,False
561047,16045,POPART WOODEN PENCILS ASST,900,2011-07-24 12:46:00,0.04,16948,United Kingdom,False
564974,85099C,JUMBO  BAG BAROQUE BLACK WHITE,2,2011-08-31 15:32:00,4.13,,United Kingdom,False
577527,22271,FELTCRAFT DOLL ROSIE,3,2011-11-20 13:40:00,2.95,17523,United Kingdom,False
537207,22088,PAPER BUNTING COLOURED LACE,1,2010-12-05 15:06:00,2.95,17402,United Kingdom,False
548148,21468,BUTTERFLY CROCHET FOOD COVER,1,2011-03-29 12:31:00,3.75,17931,United Kingdom,False
580958,23334,IVORY WICKER HEART SMALL,1,2011-12-06 14:30:00,0.63,17266,United Kingdom,False
562540,22311,OFFICE MUG WARMER BLACK+SILVER,1,2011-08-05 15:38:00,2.95,17400,United Kingdom,False
560271,23300,GARDENERS KNEELING PAD CUP OF TEA,1,2011-07-17 14:51:00,1.65,16474,United Kingdom,False
557112,21843,RED RETROSPOT CAKE STAND,2,2011-06-16 16:31:00,10.95,,United Kingdom,False
574053,22961,JAM MAKING SET PRINTED,12,2011-11-02 14:04:00,1.45,16379,United Kingdom,False
580558,23355,HOT WATER BOTTLE KEEP CALM,20,2011-12-05 10:19:00,4.95,14931,Channel Islands,False
574521,23295,SET OF 12 MINI LOAF BAKING CASES,8,2011-11-04 13:44:00,0.83,15358,United Kingdom,False
563706,23342,MINT DINER WALL CLOCK,4,2011-08-18 14:48:00,8.5,14189,United Kingdom,False
554483,22365,DOORMAT RESPECTABLE HOUSE,2,2011-05-24 12:57:00,7.95,13771,United Kingdom,False
555644,21932,SCANDINAVIAN PAISLEY PICNIC BAG,1,2011-06-06 13:24:00,1.65,16520,United Kingdom,False
558568,22610,PENS ASSORTED FUNNY FACE,36,2011-06-30 14:37:00,0.19,16316,United Kingdom,False
566291,22138,BAKING SET 9 PIECE RETROSPOT,2,2011-09-11 15:31:00,4.95,12965,United Kingdom,False
572183,22750,FELTCRAFT PRINCESS LOLA DOLL,4,2011-10-21 10:50:00,3.75,16153,United Kingdom,False
538895,85180A,RED HEARTS LIGHT CHAIN,12,2010-12-15 09:07:00,1.25,14401,United Kingdom,False
544657,23231,WRAP DOILEY DESIGN,25,2011-02-22 13:08:00,0.42,14895,United Kingdom,False
575739,21213,PACK OF 72 SKULL CAKE CASES,1,2011-11-11 09:05:00,1.25,,United Kingdom,False
571292,21812,GARLAND WITH HEARTS AND BELLS,2,2011-10-16 15:45:00,4.95,15311,United Kingdom,False
567809,23156,SET OF 5 MINI GROCERY MAGNETS,12,2011-09-22 12:29:00,2.08,13804,United Kingdom,False
541129,22173,METAL 4 HOOK HANGER FRENCH CHATEAU,1,2011-01-14 10:14:00,5.79,,United Kingdom,False
566077,23222,CHRISTMAS TREE HANGING GOLD,12,2011-09-09 09:38:00,0.83,13441,United Kingdom,False
557595,22920,HERB MARKER BASIL,5,2011-06-21 11:19:00,0.65,15507,United Kingdom,False
574678,22664,TOY TIDY DOLLY GIRL DESIGN,5,2011-11-06 12:36:00,2.1,13365,United Kingdom,False
539434,22758,LARGE PURPLE BABUSHKA NOTEBOOK,1,2010-12-17 14:41:00,2.51,,United Kingdom,False
565750,21615,4 LAVENDER BOTANICAL DINNER CANDLES,6,2011-09-06 12:48:00,3.75,14208,United Kingdom,False
552036,22514,CHILDS GARDEN SPADE BLUE,2,2011-05-05 19:16:00,2.1,12748,United Kingdom,False
537888,22195,LARGE HEART MEASURING SPOONS,12,2010-12-09 10:04:00,1.65,15358,United Kingdom,False
565127,79321,CHILLI LIGHTS,24,2011-09-01 12:28:00,4.95,13147,United Kingdom,False
555728,23108,SET OF 10 LED DOLLY LIGHTS,1,2011-06-06 16:41:00,6.25,17252,United Kingdom,False
557644,22558,CLOTHES PEGS RETROSPOT PACK 24,1,2011-06-21 17:06:00,3.29,,United Kingdom,False
546246,22061,LARGE CAKE STAND  HANGING STRAWBERY,4,2011-03-10 13:28:00,9.95,14841,United Kingdom,False
561100,85032A,ROMANTIC IMAGES GIFT WRAP SET,12,2011-07-25 11:01:00,0.65,15289,United Kingdom,False
545895,21786,POLKADOT RAIN HAT,20,2011-03-07 17:14:00,0.83,,United Kingdom,False
581253,21533,RETROSPOT LARGE MILK JUG,1,2011-12-08 11:15:00,4.95,16891,United Kingdom,False
555115,20728,LUNCH BAG CARS BLUE,4,2011-05-31 14:58:00,4.96,,United Kingdom,False
558892,15058C,ICE CREAM DESIGN GARDEN PARASOL,10,2011-07-04 15:46:00,3.95,17581,United Kingdom,False
538149,21041,RED RETROSPOT OVEN GLOVE DOUBLE,1,2010-12-09 16:27:00,5.91,,United Kingdom,False
569835,23342,MINT DINER WALL CLOCK,1,2011-10-06 13:05:00,8.5,15518,United Kingdom,False
561698,15036,ASSORTED COLOURS SILK FAN,12,2011-07-29 10:21:00,0.83,15974,United Kingdom,False
566539,22616,PACK OF 12 LONDON TISSUES,24,2011-09-13 11:34:00,0.39,17228,United Kingdom,False
575848,20724,RED RETROSPOT CHARLOTTE BAG,2,2011-11-11 12:10:00,0.85,14178,United Kingdom,False
568577,22382,LUNCH BAG SPACEBOY DESIGN,10,2011-09-28 09:41:00,1.65,15301,United Kingdom,False
555124,22534,MAGIC DRAWING SLATE SPACEBOY,3,2011-05-31 15:26:00,0.42,18204,United Kingdom,False
554326,23298,SPOTTY BUNTING,2,2011-05-23 16:32:00,4.95,13737,United Kingdom,False
552684,21931,JUMBO STORAGE BAG SUKI,7,2011-05-10 15:09:00,4.13,,United Kingdom,False
541421,84596B,SMALL DOLLY MIX DESIGN ORANGE BOWL,19,2011-01-17 17:44:00,0.83,,United Kingdom,False
576518,22219,LOVEBIRD HANGING DECORATION WHITE,10,2011-11-15 12:25:00,0.85,16361,United Kingdom,False
581497,23204,CHARLOTTE BAG APPLES DESIGN,13,2011-12-09 10:23:00,2.46,,United Kingdom,False
567387,82552,WASHROOM METAL SIGN,96,2011-09-20 10:38:00,1.7,17450,United Kingdom,False
540681,21708,FOLDING UMBRELLA CREAM POLKADOT,1,2011-01-10 16:25:00,3.36,,United Kingdom,False
569239,23247,BISCUIT TIN 50'S CHRISTMAS,36,2011-10-03 08:30:00,2.49,14644,United Kingdom,False
547896,22804,CANDLEHOLDER PINK HANGING HEART,1,2011-03-28 11:34:00,2.95,17841,United Kingdom,False
537759,37448,CERAMIC CAKE DESIGN SPOTTED MUG,12,2010-12-08 11:42:00,1.49,13126,United Kingdom,False
568103,23292,SPACEBOY CHILDRENS CUP,8,2011-09-23 15:45:00,1.25,12518,Germany,False
580049,22396,MAGNETS PACK OF 4 RETRO PHOTO,12,2011-12-01 12:54:00,0.39,13599,United Kingdom,False
569897,84818,DANISH ROSE PHOTO FRAME,1,2011-10-06 16:01:00,0.79,17813,United Kingdom,False
543013,22681,FRENCH BLUE METAL DOOR SIGN 6,1,2011-02-02 13:35:00,2.46,,United Kingdom,False
C561612,21232,STRAWBERRY CERAMIC TRINKET BOX,-2,2011-07-28 12:36:00,1.25,17054,United Kingdom,True
558682,22900,SET 2 TEA TOWELS I LOVE LONDON,2,2011-07-01 11:20:00,4.13,,United Kingdom,False
556093,48194,DOORMAT HEARTS,1,2011-06-08 15:26:00,14.13,,United Kingdom,False
565748,22429,ENAMEL MEASURING JUG CREAM,12,2011-09-06 12:38:00,4.25,14156,EIRE,False
556958,71459,HANGING JAM JAR T-LIGHT HOLDER,12,2011-06-16 09:15:00,0.85,17490,United Kingdom,False
553549,22616,PACK OF 12 LONDON TISSUES,3,2011-05-17 16:09:00,0.83,,United Kingdom,False
544943,21584,RETROSPOT SMALL TUBE MATCHES,20,2011-02-25 10:39:00,1.65,15845,United Kingdom,False
563927,22851,SET 20 NAPKINS FAIRY CAKES DESIGN,12,2011-08-21 15:01:00,0.85,14013,United Kingdom,False
559009,22185,SLATE TILE NATURAL HANGING,4,2011-07-05 12:47:00,1.65,15549,United Kingdom,False
562784,85096,HILDA CANDY SPOT RABBIT,1,2011-08-09 13:22:00,3.75,16791,United Kingdom,False
574509,22738,RIBBON REEL SNOWY VILLAGE,5,2011-11-04 13:25:00,1.65,16012,United Kingdom,False
561593,47590B,PINK HAPPY BIRTHDAY BUNTING,2,2011-07-28 11:20:00,5.45,16003,United Kingdom,False
537463,21559,STRAWBERRY LUNCH BOX WITH CUTLERY,6,2010-12-07 10:08:00,2.55,12681,France,False
538646,84879,ASSORTED COLOUR BIRD ORNAMENT,16,2010-12-13 14:55:00,1.69,17293,United Kingdom,False
573029,22492,MINI PAINT SET VINTAGE,36,2011-10-27 13:33:00,0.65,14971,United Kingdom,False
546159,22457,NATURAL SLATE HEART CHALKBOARD,6,2011-03-10 09:41:00,2.95,16471,United Kingdom,False
549813,22522,CHILDS GARDEN FORK BLUE,1,2011-04-12 12:16:00,0.85,17972,United Kingdom,False
571418,20725,LUNCH BAG RED RETROSPOT,1,2011-10-17 12:35:00,1.65,16412,United Kingdom,False
581174,84945,MULTI COLOUR SILVER T-LIGHT HOLDER,12,2011-12-07 15:08:00,0.85,13769,United Kingdom,False
561219,22030,SWALLOWS GREETING CARD,12,2011-07-26 08:51:00,0.42,18180,United Kingdom,False
570488,22112,CHOCOLATE HOT WATER BOTTLE,1,2011-10-10 17:12:00,10.79,14096,United Kingdom,False
576053,79321,CHILLI LIGHTS,3,2011-11-13 14:53:00,5.75,16726,United Kingdom,False
562965,20725,LUNCH BAG RED RETROSPOT,30,2011-08-11 10:45:00,1.65,18226,United Kingdom,False
577845,21210,SET OF 72 RETROSPOT PAPER  DOILIES,24,2011-11-22 10:44:00,1.45,18139,United Kingdom,False
577511,22596,CHRISTMAS STAR WISH LIST CHALKBOARD,2,2011-11-20 12:53:00,1.25,17561,United Kingdom,False
570482,22781,GUMBALL MAGAZINE RACK,1,2011-10-10 17:00:00,7.65,17459,United Kingdom,False
564360,22077,6 RIBBONS RUSTIC CHARM,12,2011-08-24 16:13:00,1.65,12471,Germany,False
570000,22446,PIN CUSHION BABUSHKA PINK,6,2011-10-07 08:55:00,3.35,12420,Cyprus,False
574950,21329,DINOSAURS  WRITING SET,1,2011-11-08 09:29:00,3.29,,United Kingdom,False
567673,22456,NATURAL SLATE CHALKBOARD LARGE,3,2011-09-21 15:43:00,9.96,,United Kingdom,False
560994,22469,HEART OF WICKER SMALL,8,2011-07-22 13:35:00,1.65,15704,United Kingdom,False
550215,22993,SET OF 4 PANTRY JELLY MOULDS,1,2011-04-15 10:43:00,3.29,,United Kingdom,False
541789,84880,WHITE WIRE EGG HOLDER,12,2011-01-21 13:07:00,4.95,14088,United Kingdom,False
578324,21588,RETROSPOT GIANT TUBE MATCHES,2,2011-11-23 17:32:00,2.55,17530,United Kingdom,False
576556,23221,REINDEER HEART DECORATION SILVER,12,2011-11-15 13:07:00,0.83,14640,United Kingdom,False
578147,23192,BUNDLE OF 3 ALPHABET EXERCISE BOOKS,1,2011-11-23 11:09:00,1.65,12748,United Kingdom,False
577768,21356,TOAST ITS - FAIRY FLOWER,3,2011-11-21 15:18:00,0.83,,United Kingdom,False
570685,23216,LAUREL HEART ANTIQUE GOLD,6,2011-10-11 16:25:00,1.25,13208,United Kingdom,False
544089,21204,DAISIES  HONEYCOMB GARLAND,1,2011-02-15 17:51:00,3.29,,United Kingdom,False
553572,85099F,JUMBO BAG STRAWBERRY,10,2011-05-18 09:37:00,2.08,18223,United Kingdom,False
551283,22375,AIRLINE BAG VINTAGE JET SET BROWN,1,2011-04-27 14:01:00,4.25,16755,United Kingdom,False
543279,79190D,RETRO PLASTIC DAISY TRAY,6,2011-02-06 14:46:00,0.42,17105,United Kingdom,False
537434,22899,CHILDREN'S APRON DOLLY GIRL,1,2010-12-06 16:57:00,4.21,,United Kingdom,False
536544,22549,PICTURE DOMINOES,1,2010-12-01 14:32:00,3.36,,United Kingdom,False
563404,21789,KIDS RAIN MAC PINK,48,2011-08-16 11:04:00,0.85,16303,United Kingdom,False
558777,21945,STRAWBERRIES  DESIGN FLANNEL,5,2011-07-04 10:23:00,0.83,,United Kingdom,False
569207,22865,HAND WARMER OWL DESIGN,5,2011-10-02 11:04:00,2.1,17811,United Kingdom,False
544368,20712,JUMBO BAG WOODLAND ANIMALS,2,2011-02-18 11:27:00,1.95,14057,United Kingdom,False
567901,22960,JAM MAKING SET WITH JARS,1,2011-09-22 16:28:00,8.29,,United Kingdom,False
564817,20775,DAISY NOTEBOOK,1,2011-08-30 12:02:00,1.63,,United Kingdom,False
555124,21745,GAOLERS KEYS DECORATIVE GARDEN,3,2011-05-31 15:26:00,3.75,18204,United Kingdom,False
558461,21755,LOVE BUILDING BLOCK WORD,1,2011-06-29 15:03:00,5.95,13263,United Kingdom,False
538361,21534,DAIRY MAID LARGE MILK JUG,1,2010-12-10 16:36:00,4.95,17757,United Kingdom,False
550207,21774,DECORATIVE CATS BATHROOM BOTTLE,1,2011-04-15 10:38:00,2.46,,United Kingdom,False
C553516,22776,SWEETHEART CAKESTAND 3 TIER,-2,2011-05-17 14:07:00,9.95,14911,EIRE,True
536537,20867,PINK ROSE FABRIC MIRROR,36,2010-12-01 13:51:00,1.25,15922,United Kingdom,False
576365,22909,SET OF 20 VINTAGE CHRISTMAS NAPKINS,207,2011-11-14 17:55:00,1.95,,United Kingdom,False
543467,21992,VINTAGE PAISLEY STATIONERY SET,1,2011-02-08 14:35:00,2.46,,United Kingdom,False
574342,16169E,WRAP 50'S  CHRISTMAS,25,2011-11-04 10:10:00,0.42,13447,United Kingdom,False
576618,22065,CHRISTMAS PUDDING TRINKET POT,10,2011-11-15 17:00:00,1.63,,United Kingdom,False
551143,21718,RED METAL BEACH SPADE,12,2011-04-26 13:25:00,1.25,13092,United Kingdom,False
559691,21916,SET 12 RETRO WHITE CHALK STICKS,24,2011-07-11 15:52:00,0.42,13089,United Kingdom,False
576645,35953,FOLKART STAR CHRISTMAS DECORATIONS,48,2011-11-16 10:14:00,0.39,16245,United Kingdom,False
538086,22652,TRAVEL SEWING KIT,2,2010-12-09 14:44:00,1.65,12872,United Kingdom,False
548733,21469,POLKA DOT RAFFIA FOOD COVER,6,2011-04-04 10:29:00,3.75,17648,United Kingdom,False
562269,23194,GYMKHANA TREASURE BOOK BOX,3,2011-08-03 16:35:00,2.25,14056,United Kingdom,False
550025,22699,ROSES REGENCY TEACUP AND SAUCER,4,2011-04-14 11:19:00,2.95,17315,United Kingdom,False
559469,84987,SET OF 36 TEATIME PAPER DOILIES,12,2011-07-08 13:37:00,1.45,15182,United Kingdom,False
540644,22751,FELTCRAFT PRINCESS OLIVIA DOLL,8,2011-01-10 14:16:00,3.75,16303,United Kingdom,False
559506,22903,CALENDAR FAMILY FAVOURITES,1,2011-07-08 15:17:00,5.79,,United Kingdom,False
540536,21915,RED  HARMONICA IN BOX,2,2011-01-09 14:21:00,1.25,17757,United Kingdom,False
578344,22523,CHILDS GARDEN FORK PINK,1,2011-11-24 09:21:00,1.63,,United Kingdom,False
C579968,23661,MILK MAIDS MUG,-1,2011-12-01 11:13:00,1.65,14189,United Kingdom,True
537404,21336,GOLD WASHBAG,1,2010-12-06 14:46:00,2.95,17191,United Kingdom,False
569014,23547,WRAP FLOWER SHOP,25,2011-09-30 09:05:00,0.42,18053,United Kingdom,False
548702,10002,INFLATABLE POLITICAL GLOBE,4,2011-04-03 11:36:00,0.85,17085,United Kingdom,False
552710,23054,RECYCLED ACAPULCO MAT LAVENDER,4,2011-05-11 07:35:00,8.25,13098,United Kingdom,False
574699,23127,FELTCRAFT GIRL NICOLE KIT,4,2011-11-06 13:53:00,4.95,13040,United Kingdom,False
537237,22413,METAL SIGN TAKE IT OR LEAVE IT,1,2010-12-06 09:58:00,5.91,,United Kingdom,False
537641,84029G,KNITTED UNION FLAG HOT WATER BOTTLE,4,2010-12-07 15:32:00,8.47,,United Kingdom,False
567673,22534,MAGIC DRAWING SLATE SPACEBOY,4,2011-09-21 15:43:00,0.83,,United Kingdom,False
C566742,22914,BLUE COAT RACK PARIS FASHION,-1,2011-09-14 14:56:00,4.95,17422,United Kingdom,True
555649,21888,BINGO SET,4,2011-06-06 13:47:00,3.75,15386,United Kingdom,False
543392,21533,RETROSPOT LARGE MILK JUG,12,2011-02-08 10:15:00,4.25,16839,United Kingdom,False
540803,22796,PHOTO FRAME 3 CLASSIC HANGING,2,2011-01-11 12:30:00,9.95,14669,United Kingdom,False
C555935,23232,WRAP VINTAGE PETALS  DESIGN,-25,2011-06-08 09:14:00,0.42,12567,France,True
567094,21479,WHITE SKULL HOT WATER BOTTLE,4,2011-09-16 12:54:00,4.25,16924,United Kingdom,False
548984,21448,12 DAISY PEGS IN WOOD BOX,1,2011-04-05 12:37:00,1.65,14546,United Kingdom,False
557011,22411,JUMBO SHOPPER VINTAGE RED PAISLEY,10,2011-06-16 11:50:00,2.08,16279,United Kingdom,False
574941,23376,PACK OF 12 VINTAGE CHRISTMAS TISSUE,138,2011-11-07 17:42:00,1.0,,United Kingdom,False
576618,23426,METAL SIGN DROP YOUR PANTS,2,2011-11-15 17:00:00,5.79,,United Kingdom,False
544824,22502,PICNIC BASKET WICKER SMALL,4,2011-02-24 09:32:00,5.95,17139,United Kingdom,False
543242,20914,SET/5 RED RETROSPOT LID GLASS BOWLS,6,2011-02-04 14:03:00,2.95,15090,United Kingdom,False
539607,21506,"FANCY FONT BIRTHDAY CARD,",12,2010-12-20 14:10:00,0.42,12681,France,False
563557,23297,SET 40 HEART SHAPE PETIT FOUR CASES,16,2011-08-17 13:33:00,1.65,15786,United Kingdom,False
573137,22464,HANGING METAL HEART LANTERN,1,2011-10-27 17:15:00,3.29,,United Kingdom,False
561217,22666,RECIPE BOX PANTRY YELLOW DESIGN,1,2011-07-25 17:09:00,5.79,,United Kingdom,False
556906,20718,RED RETROSPOT SHOPPER BAG,30,2011-06-15 13:07:00,1.25,12843,United Kingdom,False
539570,22379,RECYCLING BAG RETROSPOT,10,2010-12-20 12:05:00,2.1,15078,United Kingdom,False
555327,21216,"SET 3 RETROSPOT TEA,COFFEE,SUGAR",2,2011-06-02 11:03:00,10.79,,United Kingdom,False
541422,22403,MAGNETS PACK OF 4 VINTAGE LABELS,1,2011-01-17 17:48:00,0.83,,United Kingdom,False
554080,84971S,SMALL HEART FLOWERS HOOK,3,2011-05-22 11:42:00,0.85,16931,United Kingdom,False
579196,22661,CHARLOTTE BAG DOLLY GIRL DESIGN,1,2011-11-28 15:54:00,1.63,14096,United Kingdom,False
547500,21914,BLUE HARMONICA IN BOX,12,2011-03-23 12:39:00,1.25,13408,United Kingdom,False
544214,22631,CIRCUS PARADE LUNCH BOX,8,2011-02-17 11:19:00,3.29,,United Kingdom,False
578925,23580,SNACK TRAY HAPPY FOREST,2,2011-11-27 12:13:00,1.95,17365,United Kingdom,False
564635,23061,VINTAGE EMBOSSED HEART,12,2011-08-26 12:41:00,1.25,15615,United Kingdom,False
538908,22417,PACK OF 60 SPACEBOY CAKE CASES,24,2010-12-15 10:41:00,0.55,16954,United Kingdom,False
536522,84969,BOX OF 6 ASSORTED COLOUR TEASPOONS,1,2010-12-01 12:49:00,4.25,15012,United Kingdom,False
540113,84820,DANISH ROSE TRINKET TRAYS,8,2011-01-05 09:11:00,1.25,13126,United Kingdom,False
556671,16225,RATTLE SNAKE EGGS,2,2011-06-13 16:33:00,1.25,17841,United Kingdom,False
561471,23300,GARDENERS KNEELING PAD CUP OF TEA,24,2011-07-27 13:14:00,1.65,14911,EIRE,False
580162,84946,ANTIQUE SILVER T-LIGHT GLASS,6,2011-12-02 10:52:00,1.25,12856,United Kingdom,False
572047,22575,METAL MERRY CHRISTMAS WREATH,2,2011-10-20 12:13:00,1.95,16474,United Kingdom,False
552884,22968,ROSE COTTAGE KEEPSAKE BOX,2,2011-05-12 10:15:00,9.95,12395,Belgium,False
573023,21817,GLITTER CHRISTMAS TREE,36,2011-10-27 12:53:00,0.39,13882,United Kingdom,False
537209,20655,QUEEN OF SKIES LUGGAGE TAG,1,2010-12-05 15:12:00,1.25,14606,United Kingdom,False
567668,21801,CHRISTMAS TREE DECORATION WITH BELL,2,2011-09-21 15:29:00,0.42,,United Kingdom,False
547202,21672,WHITE SPOT RED CERAMIC DRAWER KNOB,1,2011-03-21 13:38:00,1.25,17841,United Kingdom,False
562918,84755,COLOUR GLASS T-LIGHT HOLDER HANGING,16,2011-08-10 13:51:00,0.65,15615,United Kingdom,False
558628,22704,WRAP RED APPLES,25,2011-06-30 17:59:00,0.42,12626,Germany,False
536592,85032D,YULETIDE IMAGES GIFT WRAP SET,4,2010-12-01 17:06:00,1.66,,United Kingdom,False
548198,22382,LUNCH BAG SPACEBOY DESIGN,3,2011-03-29 16:05:00,1.65,16712,United Kingdom,False
562807,23173,REGENCY TEAPOT ROSES,2,2011-08-09 14:57:00,9.95,16053,United Kingdom,False
537051,21916,SET 12 RETRO WHITE CHALK STICKS,1,2010-12-05 11:12:00,0.42,15708,United Kingdom,False
558687,20723,STRAWBERRY CHARLOTTE BAG,30,2011-07-01 11:43:00,0.85,12598,France,False
547800,85150,LADIES & GENTLEMEN METAL SIGN,2,2011-03-25 12:55:00,2.55,14504,United Kingdom,False
548861,22423,REGENCY CAKESTAND 3 TIER,3,2011-04-04 13:42:00,12.75,18185,United Kingdom,False
541969,72351B,SET/6 PINK  BUTTERFLY T-LIGHTS,1,2011-01-24 13:46:00,4.13,,United Kingdom,False
570467,22668,PINK BABY BUNTING,5,2011-10-10 16:06:00,2.95,12607,USA,False
561218,22663,JUMBO BAG DOLLY GIRL DESIGN,1,2011-07-25 17:11:00,4.13,,United Kingdom,False
576228,21891,TRADITIONAL WOODEN SKIPPING ROPE,3,2011-11-14 13:12:00,1.45,15033,United Kingdom,False
558475,21913,VINTAGE SEASIDE JIGSAW PUZZLES,7,2011-06-29 15:58:00,3.29,,United Kingdom,False
553549,22980,PANTRY SCRUBBING BRUSH,1,2011-05-17 16:09:00,3.29,,United Kingdom,False
548168,22196,SMALL HEART MEASURING SPOONS,2,2011-03-29 13:46:00,1.63,,United Kingdom,False
581135,23245,SET OF 3 REGENCY CAKE TINS,8,2011-12-07 13:14:00,4.95,18092,United Kingdom,False
577171,47503A,ASS FLORAL PRINT MULTI SCREWDRIVER,24,2011-11-18 10:52:00,0.42,17159,United Kingdom,False
579387,21108,FAIRY CAKE FLANNEL ASSORTED COLOUR,9,2011-11-29 12:06:00,0.79,14452,United Kingdom,False
580725,22076,6 RIBBONS EMPIRE,24,2011-12-05 17:13:00,0.39,15932,United Kingdom,False
547892,22662,LUNCH BAG DOLLY GIRL DESIGN,10,2011-03-28 10:15:00,1.65,12669,France,False
562105,23133,LARGE IVORY HEART WALL ORGANISER,2,2011-08-02 14:50:00,8.25,15271,United Kingdom,False
546235,21946,PARTY TIME DESIGN FLANNEL,1,2011-03-10 12:42:00,0.85,14976,United Kingdom,False
541596,22068,BLACK PIRATE TREASURE CHEST,8,2011-01-19 16:19:00,1.65,17602,United Kingdom,False
559984,22952,60 CAKE CASES VINTAGE CHRISTMAS,1,2011-07-14 11:45:00,0.55,16657,United Kingdom,False
546091,20828,GLITTER BUTTERFLY CLIPS,12,2011-03-09 11:53:00,2.55,14936,Channel Islands,False
581219,21224,SET/4 SKULL BADGES,1,2011-12-08 09:28:00,0.83,,United Kingdom,False
536846,47021G,SET/6 BEAD COASTERS GAUZE BAG GOLD,2,2010-12-02 19:59:00,1.25,14573,United Kingdom,False
568593,82482,WOODEN PICTURE FRAME WHITE FINISH,6,2011-09-28 10:54:00,2.95,13988,United Kingdom,False
575924,23535,BICYCLE SAFTEY WALL ART,4,2011-11-11 17:13:00,5.95,17069,United Kingdom,False
546910,20718,RED RETROSPOT SHOPPER BAG,4,2011-03-17 19:46:00,1.25,13969,United Kingdom,False
580635,22099,CARAVAN SQUARE TISSUE BOX,1,2011-12-05 12:30:00,0.39,14649,United Kingdom,False
574714,23495,SET OF 3 PANTRY WOODEN SPOONS,2,2011-11-06 14:29:00,1.25,15427,United Kingdom,False
561750,21754,HOME BUILDING BLOCK WORD,3,2011-07-29 12:18:00,5.95,16945,United Kingdom,False
574963,22739,RIBBON REEL CHRISTMAS SOCK BAUBLE,10,2011-11-08 10:27:00,1.65,12919,United Kingdom,False
569568,23053,RECYCLED ACAPULCO MAT PINK,2,2011-10-05 09:57:00,8.25,12700,France,False
566603,23329,DECORATIVE WICKER HEART LARGE,1,2011-09-13 16:12:00,3.29,,United Kingdom,False
561605,22558,CLOTHES PEGS RETROSPOT PACK 24,12,2011-07-28 12:09:00,1.65,13925,United Kingdom,False
578344,23275,SET OF 3 HANGING OWLS OLLIE BEAK,1,2011-11-24 09:21:00,2.46,,United Kingdom,False
577150,21481,FAWN BLUE HOT WATER BOTTLE,2,2011-11-18 09:48:00,8.29,,United Kingdom,False
578309,22577,WOODEN HEART CHRISTMAS SCANDINAVIAN,24,2011-11-23 16:20:00,0.29,15253,United Kingdom,False
546732,21204,DAISIES  HONEYCOMB GARLAND,1,2011-03-16 11:41:00,1.65,14606,United Kingdom,False
573369,21592,RETROSPOT CIGAR BOX MATCHES,1,2011-10-30 13:19:00,1.25,16049,United Kingdom,False
538349,21868,POTTING SHED TEA MUG,1,2010-12-10 14:59:00,1.24,,United Kingdom,False
552295,21888,BINGO SET,3,2011-05-08 14:08:00,3.75,14224,United Kingdom,False
557233,82600,NO SINGING METAL SIGN,2,2011-06-17 14:44:00,2.1,15356,United Kingdom,False
548860,21534,DAIRY MAID LARGE MILK JUG,2,2011-04-04 13:38:00,4.95,13263,United Kingdom,False
554278,22557,PLASTERS IN TIN VINTAGE PAISLEY,2,2011-05-23 13:25:00,1.65,13831,United Kingdom,False
548484,82582,AREA PATROLLED METAL SIGN,2,2011-03-31 12:43:00,2.1,13571,United Kingdom,False
575875,23503,PLAYING CARDS KEEP CALM & CARRY ON,1,2011-11-11 13:06:00,2.46,,United Kingdom,False
560278,23300,GARDENERS KNEELING PAD CUP OF TEA,1,2011-07-17 15:45:00,1.65,13610,United Kingdom,False
557528,23173,REGENCY TEAPOT ROSES,2,2011-06-21 09:49:00,9.95,17159,United Kingdom,False
551658,21232,STRAWBERRY CERAMIC TRINKET BOX,1,2011-05-03 12:13:00,1.25,16746,United Kingdom,False
563518,47567B,TEA TIME KITCHEN APRON,6,2011-08-17 10:56:00,5.95,12421,Spain,False
574328,23298,SPOTTY BUNTING,24,2011-11-04 09:05:00,4.95,13081,United Kingdom,False
564057,22113,GREY HEART HOT WATER BOTTLE,4,2011-08-22 14:20:00,3.75,15296,United Kingdom,False
537350,84946,ANTIQUE SILVER TEA GLASS ETCHED,12,2010-12-06 12:23:00,1.25,14708,United Kingdom,False
550136,22433,WATERING CAN GREEN DINOSAUR,12,2011-04-14 13:56:00,1.95,16957,United Kingdom,False
566589,20971,PINK BLUE FELT CRAFT TRINKET BOX,12,2011-09-13 14:50:00,1.25,14753,United Kingdom,False
564818,22996,TRAVEL CARD WALLET VINTAGE TICKET,1,2011-08-30 12:10:00,0.83,,United Kingdom,False
545636,22288,HANGING METAL RABBIT DECORATION,24,2011-03-04 12:15:00,1.25,16449,United Kingdom,False
562353,23231,WRAP DOILEY DESIGN,25,2011-08-04 13:15:00,0.42,16180,United Kingdom,False
546665,22692,DOORMAT WELCOME TO OUR HOME,2,2011-03-15 15:06:00,7.95,15867,United Kingdom,False
572196,82484,WOOD BLACK BOARD ANT WHITE FINISH,120,2011-10-21 11:54:00,4.8,18102,United Kingdom,False
C544580,S,SAMPLES,-1,2011-02-21 14:25:00,9.74,,United Kingdom,True
545530,22423,REGENCY CAKESTAND 3 TIER,4,2011-03-03 13:45:00,12.75,17416,United Kingdom,False
548470,POST,POSTAGE,2,2011-03-31 12:36:00,28.0,12782,Portugal,False
543909,21949,SET OF 6 STRAWBERRY CHOPSTICKS,1,2011-02-14 12:32:00,2.46,,United Kingdom,False
560051,22061,LARGE CAKE STAND  HANGING STRAWBERY,2,2011-07-14 15:22:00,9.95,15306,United Kingdom,False
578858,22554,PLASTERS IN TIN WOODLAND ANIMALS,6,2011-11-27 11:22:00,1.65,18145,United Kingdom,False
560103,22637,PIGGY BANK RETROSPOT,4,2011-07-14 18:44:00,2.55,17837,United Kingdom,False
565401,82486,3 DRAWER ANTIQUE WHITE WOOD CABINET,1,2011-09-02 17:38:00,8.95,16686,United Kingdom,False
565321,21208,PASTEL COLOUR HONEYCOMB FAN,12,2011-09-02 13:14:00,0.39,12437,France,False
550458,22666,RECIPE BOX PANTRY YELLOW DESIGN,2,2011-04-18 13:13:00,5.79,,United Kingdom,False
568101,22910,PAPER CHAIN KIT VINTAGE CHRISTMAS,12,2011-09-23 15:21:00,2.95,15978,United Kingdom,False
574561,22421,LIPSTICK PEN FUSCHIA,1,2011-11-04 15:52:00,0.83,,United Kingdom,False
544467,20914,SET/5 RED RETROSPOT LID GLASS BOWLS,1,2011-02-20 15:51:00,2.95,14502,United Kingdom,False
569714,71496A,A4 WALL TIDY BLUE OFFICE,5,2011-10-05 17:28:00,0.53,18033,United Kingdom,False
562806,23321,SMALL WHITE HEART OF WICKER,12,2011-08-09 14:56:00,1.65,13636,United Kingdom,False
558614,22028,PENNY FARTHING BIRTHDAY CARD,1,2011-06-30 15:56:00,0.83,,United Kingdom,False
578036,21983,PACK OF 12 BLUE PAISLEY TISSUES,2,2011-11-22 14:04:00,0.39,16474,United Kingdom,False
560567,21670,BLUE SPOT CERAMIC DRAWER KNOB,12,2011-07-19 13:57:00,3.29,,United Kingdom,False
572499,23131,MISTLETOE HEART WREATH CREAM,4,2011-10-24 14:10:00,4.15,15786,United Kingdom,False
559951,85099C,JUMBO  BAG BAROQUE BLACK WHITE,10,2011-07-14 10:52:00,2.08,14847,United Kingdom,False
578344,22975,SPACEBOY CHILDRENS EGG CUP,2,2011-11-24 09:21:00,2.46,,United Kingdom,False
581116,22966,GINGERBREAD MAN COOKIE CUTTER,6,2011-12-07 12:21:00,1.25,17232,United Kingdom,False
551399,22423,REGENCY CAKESTAND 3 TIER,2,2011-04-28 13:17:00,12.75,17874,United Kingdom,False
555923,22460,EMBOSSED GLASS TEALIGHT HOLDER,1,2011-06-07 17:09:00,2.46,,United Kingdom,False
536384,21324,HANGING MEDINA LANTERN SMALL,6,2010-12-01 09:53:00,2.95,18074,United Kingdom,False
537227,21977,PACK OF 60 PINK PAISLEY CAKE CASES,48,2010-12-06 08:42:00,0.55,17677,United Kingdom,False
579552,21733,RED HANGING HEART T-LIGHT HOLDER,32,2011-11-30 10:54:00,2.55,16210,United Kingdom,False
547381,20676,RED RETROSPOT BOWL,12,2011-03-22 15:25:00,1.25,18041,United Kingdom,False
540278,22195,LARGE HEART MEASURING SPOONS,1,2011-01-06 12:31:00,1.65,15719,United Kingdom,False
578229,21329,DINOSAURS  WRITING SET,10,2011-11-23 11:54:00,1.65,16066,United Kingdom,False
581478,22747,POPPY'S PLAYHOUSE BATHROOM,6,2011-12-09 08:59:00,2.1,17364,United Kingdom,False
570653,20685,DOORMAT RED RETROSPOT,2,2011-10-11 13:49:00,8.25,14710,United Kingdom,False
542994,21498,RED RETROSPOT WRAP,25,2011-02-02 12:03:00,0.42,17230,United Kingdom,False
579512,23424,GINGHAM RECIPE BOOK BOX,5,2011-11-29 16:47:00,10.79,,United Kingdom,False
562031,22411,JUMBO SHOPPER VINTAGE RED PAISLEY,5,2011-08-01 17:37:00,2.08,16984,United Kingdom,False
577497,22141,CHRISTMAS CRAFT TREE TOP ANGEL,2,2011-11-20 12:22:00,2.1,17555,United Kingdom,False
538655,22471,TV DINNER TRAY AIR HOSTESS,3,2010-12-13 15:16:00,4.95,17375,United Kingdom,False
536876,47593B,SCOTTIE DOGS BABY BIB,2,2010-12-03 11:36:00,0.85,,United Kingdom,False
574509,22306,SILVER MUG BONE CHINA TREE OF LIFE,6,2011-11-04 13:25:00,1.06,16012,United Kingdom,False
539298,22844,VINTAGE CREAM DOG FOOD CONTAINER,2,2010-12-16 17:29:00,8.5,14180,United Kingdom,False
555851,22139,RETROSPOT TEA SET CERAMIC 11 PC,1,2011-06-07 13:37:00,4.95,13050,United Kingdom,False
550804,21664,RIDGED GLASS STORAGE JAR CREAM LID,4,2011-04-20 15:32:00,3.75,16676,United Kingdom,False
544107,22595,GINGHAM HEART DECORATION,12,2011-02-16 10:50:00,0.85,15670,United Kingdom,False
565181,21790,VINTAGE SNAP CARDS,72,2011-09-01 15:52:00,0.72,17381,United Kingdom,False
574874,23534,WALL ART STOP FOR TEA,3,2011-11-07 13:06:00,5.95,14911,EIRE,False
545918,84978,HANGING HEART JAR T-LIGHT HOLDER,72,2011-03-08 11:55:00,1.06,16917,United Kingdom,False
564079,22507,MEMO BOARD RETROSPOT  DESIGN,4,2011-08-22 15:55:00,4.95,12627,Germany,False
569852,23340,VINTAGE CHRISTMAS CAKE FRILL,12,2011-10-06 14:17:00,1.65,13771,United Kingdom,False
545568,22457,NATURAL SLATE HEART CHALKBOARD,1,2011-03-03 16:22:00,5.79,,United Kingdom,False
576463,22607,WOODEN ROUNDERS GARDEN SET,2,2011-11-15 11:37:00,9.95,17974,United Kingdom,False
568987,22730,ALARM CLOCK BAKELIKE IVORY,8,2011-09-29 15:58:00,3.75,12709,Germany,False
579787,85071A,BLUE CHARLIE+LOLA PERSONAL DOORSIGN,1,2011-11-30 15:33:00,1.63,,United Kingdom,False
564042,23356,LOVE HOT WATER BOTTLE,1,2011-08-22 12:52:00,5.95,15443,United Kingdom,False
574043,22385,JUMBO BAG SPACEBOY DESIGN,5,2011-11-02 13:13:00,2.08,16367,United Kingdom,False
543188,21746,SMALL RED RETROSPOT WINDMILL,12,2011-02-04 11:45:00,1.25,12567,France,False
543555,22961,JAM MAKING SET PRINTED,12,2011-02-10 10:18:00,1.45,17686,United Kingdom,False
560362,23287,RED VINTAGE SPOT BEAKER,8,2011-07-18 11:59:00,0.85,13488,United Kingdom,False
571848,22768,FAMILY PHOTO FRAME CORNICE,2,2011-10-19 12:50:00,9.95,13576,United Kingdom,False
576840,22568,FELTCRAFT CUSHION OWL,2,2011-11-16 15:23:00,7.46,,United Kingdom,False
578927,23199,JUMBO BAG APPLES,2,2011-11-27 12:26:00,2.08,15747,United Kingdom,False
552702,21523,DOORMAT FANCY FONT HOME SWEET HOME,1,2011-05-10 16:00:00,15.79,,United Kingdom,False
C568418,22282,12 EGG HOUSE PAINTED WOOD,-1,2011-09-27 11:11:00,12.75,15763,United Kingdom,True
563089,23129,HEART SHAPED HOLLY WREATH,4,2011-08-11 16:54:00,4.15,15469,United Kingdom,False
570733,85099F,JUMBO BAG STRAWBERRY,2,2011-10-12 11:33:00,2.08,17190,United Kingdom,False
553703,21523,DOORMAT FANCY FONT HOME SWEET HOME,2,2011-05-18 14:57:00,7.95,13192,United Kingdom,False
542619,21899,"KEY FOB , GARAGE DESIGN",8,2011-01-30 15:54:00,0.65,13869,United Kingdom,False
556812,21175,GIN + TONIC DIET METAL SIGN,2,2011-06-14 17:25:00,4.96,,United Kingdom,False
539437,22112,CHOCOLATE HOT WATER BOTTLE,2,2010-12-17 14:54:00,11.02,,United Kingdom,False
539451,72598,SET/12 TAPER CANDLES,1,2010-12-17 16:59:00,1.66,,United Kingdom,False
575937,23493,VINTAGE DOILY TRAVEL SEWING KIT,10,2011-11-13 11:24:00,1.95,12935,United Kingdom,False
549742,20969,RED FLORAL FELTCRAFT SHOULDER BAG,12,2011-04-12 10:01:00,3.75,12910,United Kingdom,False
574298,90054,CRACKED GLAZE EARRINGS RED,1,2011-11-03 15:56:00,2.48,,United Kingdom,False
546305,84945,MULTI COLOUR SILVER T-LIGHT HOLDER,12,2011-03-10 16:16:00,0.85,14056,United Kingdom,False
537645,48111,DOORMAT 3 SMILEY CATS,1,2010-12-07 15:34:00,14.43,,United Kingdom,False
546980,22071,SMALL WHITE RETROSPOT MUG IN BOX,6,2011-03-18 12:18:00,3.75,13591,United Kingdom,False
568719,22553,PLASTERS IN TIN SKULLS,1,2011-09-28 16:19:00,3.29,,United Kingdom,False
554597,84970S,HANGING HEART ZINC T-LIGHT HOLDER,36,2011-05-25 11:01:00,0.85,15140,United Kingdom,False
539079,21733,RED HANGING HEART T-LIGHT HOLDER,6,2010-12-16 08:39:00,2.95,17496,United Kingdom,False
542887,20724,RED RETROSPOT CHARLOTTE BAG,30,2011-02-01 13:10:00,0.85,12373,Austria,False
544323,22556,PLASTERS IN TIN CIRCUS PARADE,1,2011-02-17 15:51:00,3.29,,United Kingdom,False
C572855,23085,ANTIQUE SILVER BAUBLE LAMP,-3,2011-10-26 12:28:00,10.4,15215,United Kingdom,True
547702,72802B,OCEAN SCENT CANDLE IN JEWELLED BOX,6,2011-03-24 16:45:00,4.25,14911,EIRE,False
C550181,22844,VINTAGE CREAM DOG FOOD CONTAINER,-5,2011-04-14 17:43:00,8.5,13069,United Kingdom,True
539436,15056BL,EDWARDIAN PARASOL BLACK,2,2010-12-17 14:49:00,12.72,,United Kingdom,False
562374,22979,PANTRY WASHING UP BRUSH,72,2011-08-04 14:40:00,1.25,14911,EIRE,False
562788,22384,LUNCH BAG PINK POLKADOT,10,2011-08-09 13:48:00,1.65,17669,United Kingdom,False
542612,22726,ALARM CLOCK BAKELIKE GREEN,1,2011-01-30 14:19:00,3.75,17841,United Kingdom,False
567507,23282,FOLDING BUTTERFLY MIRROR IVORY,1,2011-09-20 14:46:00,2.46,,United Kingdom,False
568040,22652,TRAVEL SEWING KIT,10,2011-09-23 12:09:00,1.65,12681,France,False
568320,22816,CARD MOTORBIKE SANTA,12,2011-09-26 13:35:00,0.42,17674,United Kingdom,False
581400,23366,SET 12 COLOURING PENCILS DOILY,4,2011-12-08 13:36:00,0.65,14056,United Kingdom,False
576873,23365,SET 12 COLOUR PENCILS LOVE LONDON,2,2011-11-16 16:30:00,0.65,17835,United Kingdom,False
558777,22248,DECORATION  PINK CHICK MAGIC GARDEN,1,2011-07-04 10:23:00,0.83,,United Kingdom,False
542241,21166,COOK WITH WINE METAL SIGN,3,2011-01-26 14:51:00,1.95,16409,United Kingdom,False
539395,21577,SAVE THE PLANET COTTON TOTE BAG,12,2010-12-17 11:52:00,2.25,12471,Germany,False
536833,22593,CHRISTMAS GINGHAM STAR,12,2010-12-02 17:48:00,0.85,18239,United Kingdom,False
561081,22781,GUMBALL MAGAZINE RACK,1,2011-07-24 16:15:00,7.65,13230,United Kingdom,False
547002,21670,BLUE SPOT CERAMIC DRAWER KNOB,12,2011-03-18 14:02:00,1.25,12878,United Kingdom,False
575152,23480,MINI LIGHTS WOODLAND MUSHROOMS,2,2011-11-08 16:12:00,3.75,16284,United Kingdom,False
547920,84380,SET OF 3 BUTTERFLY COOKIE CUTTERS,3,2011-03-28 12:52:00,1.25,14730,United Kingdom,False
569129,21934,SKULL SHOULDER BAG,2,2011-09-30 13:40:00,1.65,15034,United Kingdom,False
555249,22479,DAISY GARDEN MARKER,10,2011-06-01 14:57:00,1.25,17472,United Kingdom,False
555076,22924,FRIDGE MAGNETS LA VIE EN ROSE,12,2011-05-31 12:11:00,0.85,13900,United Kingdom,False
548007,22228,BUNNY WOODEN PAINTED WITH BIRD,12,2011-03-29 10:51:00,0.85,13769,United Kingdom,False
548912,82484,WOOD BLACK BOARD ANT WHITE FINISH,12,2011-04-05 09:32:00,6.75,16586,United Kingdom,False
566585,22485,SET OF 2 WOODEN MARKET CRATES,2,2011-09-13 14:06:00,12.75,16409,United Kingdom,False
572843,22386,JUMBO BAG PINK POLKADOT,20,2011-10-26 12:06:00,2.08,14315,United Kingdom,False
547250,22569,FELTCRAFT CUSHION BUTTERFLY,1,2011-03-22 09:30:00,7.46,,United Kingdom,False
568310,22423,REGENCY CAKESTAND 3 TIER,4,2011-09-26 12:48:00,12.75,14911,EIRE,False
564020,22993,SET OF 4 PANTRY JELLY MOULDS,12,2011-08-22 11:57:00,1.25,13971,United Kingdom,False
C563598,22845,VINTAGE CREAM CAT FOOD CONTAINER,-1,2011-08-18 06:21:00,6.35,14305,United Kingdom,True
557878,22989,SET 2 PANTRY DESIGN TEA TOWELS,6,2011-06-23 13:13:00,3.25,16940,United Kingdom,False
536520,21122,SET/10 PINK POLKADOT PARTY CANDLES,1,2010-12-01 12:43:00,1.25,14729,United Kingdom,False
575138,22141,CHRISTMAS CRAFT TREE TOP ANGEL,2,2011-11-08 15:24:00,4.13,,United Kingdom,False
557112,20897,VINTAGE NOTEBOOK PARIS DAYS,1,2011-06-16 16:31:00,2.46,,United Kingdom,False
560590,22740,POLKADOT PEN,48,2011-07-19 15:55:00,0.85,12560,Germany,False
556108,22750,FELTCRAFT PRINCESS LOLA DOLL,1,2011-06-08 17:59:00,7.46,,United Kingdom,False
556106,23238,SET OF 4 KNICK KNACK TINS LONDON,3,2011-06-08 16:54:00,4.15,14056,United Kingdom,False
547114,23182,TOILET SIGN OCCUPIED OR VACANT,4,2011-03-21 11:49:00,0.83,14688,United Kingdom,False
560223,22244,3 HOOK HANGER MAGIC GARDEN,1,2011-07-15 15:32:00,1.95,16904,United Kingdom,False
575176,21790,VINTAGE SNAP CARDS,8,2011-11-08 18:29:00,1.63,,United Kingdom,False
571562,22722,SET OF 6 SPICE TINS PANTRY DESIGN,4,2011-10-18 10:04:00,3.95,14156,EIRE,False
577016,85014B,RED RETROSPOT UMBRELLA,2,2011-11-17 12:21:00,5.95,17095,United Kingdom,False
572318,21872,GLAMOROUS  MUG,2,2011-10-23 16:19:00,1.25,15436,United Kingdom,False
569017,23513,EMBROIDERED RIBBON REEL SUSIE,6,2011-09-30 09:22:00,2.08,13813,Germany,False
580695,22464,HANGING METAL HEART LANTERN,2,2011-12-05 16:03:00,0.79,13230,United Kingdom,False
560942,23204,CHARLOTTE BAG APPLES DESIGN,12,2011-07-22 11:31:00,0.85,15005,United Kingdom,False
541422,21027,NINJA RABBIT PINK,1,2011-01-17 17:48:00,0.83,,United Kingdom,False
578068,23238,SET OF 4 KNICK KNACK TINS LONDON,2,2011-11-22 15:45:00,4.15,14505,United Kingdom,False
569252,23108,SET OF 10 LED DOLLY LIGHTS,8,2011-10-03 10:38:00,6.25,14333,United Kingdom,False
574029,22898,CHILDRENS APRON APPLES DESIGN,8,2011-11-02 12:34:00,1.95,12955,United Kingdom,False
559525,84596B,SMALL DOLLY MIX DESIGN ORANGE BOWL,8,2011-07-10 10:30:00,0.42,16923,United Kingdom,False
573911,22698,PINK REGENCY TEACUP AND SAUCER,24,2011-11-01 15:40:00,2.55,17315,United Kingdom,False
561903,22720,SET OF 3 CAKE TINS PANTRY DESIGN,3,2011-07-31 16:04:00,4.95,17162,United Kingdom,False
554958,85152,HAND OVER THE CHOCOLATE   SIGN,1,2011-05-27 15:17:00,4.13,,United Kingdom,False
551529,21559,STRAWBERRY LUNCH BOX WITH CUTLERY,60,2011-05-01 13:18:00,2.1,12524,Germany,False
561710,21070,VINTAGE BILLBOARD MUG,1,2011-07-29 11:45:00,1.25,13827,United Kingdom,False
552229,21801,CHRISTMAS TREE DECORATION WITH BELL,4,2011-05-06 15:40:00,0.42,,United Kingdom,False
540453,22819,"BIRTHDAY CARD, RETRO SPOT",12,2011-01-07 11:54:00,0.42,13426,United Kingdom,False
546417,22972,CHILDREN'S SPACEBOY MUG,6,2011-03-13 10:48:00,1.65,14800,United Kingdom,False
546972,22426,ENAMEL WASH BOWL CREAM,1,2011-03-18 12:04:00,8.29,,United Kingdom,False
561074,22776,SWEETHEART CAKESTAND 3 TIER,1,2011-07-24 15:46:00,9.95,13037,United Kingdom,False
541847,21485,RETROSPOT HEART HOT WATER BOTTLE,2,2011-01-23 13:25:00,4.95,15443,United Kingdom,False
550202,21422,PORCELAIN ROSE SMALL,16,2011-04-15 10:27:00,0.85,13090,United Kingdom,False
560882,23093,SMALL PARISIENNE HEART PHOTO FRAME,8,2011-07-21 15:47:00,2.49,17213,United Kingdom,False
558862,21625,VINTAGE UNION JACK APRON,3,2011-07-04 12:25:00,6.95,13901,United Kingdom,False
569671,22083,PAPER CHAIN KIT RETROSPOT,6,2011-10-05 13:54:00,2.95,16020,United Kingdom,False
578943,23490,T-LIGHT HOLDER HANGING LOVE BIRD,12,2011-11-27 13:35:00,3.75,15009,United Kingdom,False
574670,22173,METAL 4 HOOK HANGER FRENCH CHATEAU,1,2011-11-06 12:20:00,3.29,12838,United Kingdom,False
579508,23272,TREE T-LIGHT HOLDER WILLIE WINKIE,1,2011-11-29 16:33:00,3.29,,United Kingdom,False
577544,22540,MINI JIGSAW CIRCUS PARADE,4,2011-11-20 14:43:00,0.42,17758,United Kingdom,False
562085,85178,VICTORIAN SEWING KIT,24,2011-08-02 12:27:00,1.25,15228,United Kingdom,False
556129,15036,ASSORTED COLOURS SILK FAN,60,2011-06-09 10:46:00,0.83,14060,United Kingdom,False
553148,22331,WOODLAND PARTY BAG + STICKER SET,8,2011-05-13 14:09:00,1.65,,Hong Kong,False
551414,20982,12 PENCILS TALL TUBE SKULLS,12,2011-04-28 13:35:00,0.85,15622,United Kingdom,False
575214,23346,SPACEBOY BEAKER,144,2011-11-09 10:48:00,1.25,16751,United Kingdom,False
578318,35599B,BLACK CHRISTMAS TREE 120CM,6,2011-11-23 16:48:00,1.95,17135,United Kingdom,False
575202,23084,RABBIT NIGHT LIGHT,6,2011-11-09 10:14:00,2.08,13018,United Kingdom,False
576326,22616,PACK OF 12 LONDON TISSUES,1,2011-11-14 15:18:00,0.39,16504,United Kingdom,False
577613,21121,SET/10 RED POLKADOT PARTY CANDLES,24,2011-11-21 10:02:00,1.25,14911,EIRE,False
571717,22227,HANGING HEART MIRROR DECORATION,4,2011-10-18 17:10:00,0.65,14381,United Kingdom,False
560504,22553,PLASTERS IN TIN SKULLS,12,2011-07-19 11:47:00,1.65,13081,United Kingdom,False
544455,21621,VINTAGE UNION JACK BUNTING,4,2011-02-20 13:18:00,8.5,13097,United Kingdom,False
558237,23202,JUMBO BAG VINTAGE LEAF,5,2011-06-27 15:04:00,2.08,12867,United Kingdom,False
546891,21622,VINTAGE UNION JACK CUSHION COVER,1,2011-03-17 18:18:00,13.29,,United Kingdom,False
567671,22175,PINK OWL SOFT TOY,2,2011-09-21 15:34:00,5.79,,United Kingdom,False
541709,22059,CERAMIC STRAWBERRY DESIGN MUG,12,2011-01-21 11:09:00,1.49,17504,United Kingdom,False
561465,22877,NUMBER TILE COTTAGE GARDEN 9,1,2011-07-27 12:45:00,1.95,16447,United Kingdom,False
564530,22678,FRENCH BLUE METAL DOOR SIGN 3,3,2011-08-25 14:57:00,0.0,,United Kingdom,False
575340,22970,LONDON BUS COFFEE MUG,18,2011-11-09 14:31:00,2.55,15485,United Kingdom,False
566595,84991,60 TEATIME FAIRY CAKE CASES,600,2011-09-13 15:03:00,0.42,18251,United Kingdom,False
574237,23397,FOOT STOOL HOME SWEET HOME,2,2011-11-03 12:37:00,9.95,15551,United Kingdom,False
567676,22711,WRAP CIRCUS PARADE,25,2011-09-21 15:54:00,0.42,15114,United Kingdom,False
557854,82580,BATHROOM METAL SIGN,4,2011-06-23 11:38:00,0.55,13268,United Kingdom,False
555115,21240,BLUE POLKADOT CUP,2,2011-05-31 14:58:00,1.63,,United Kingdom,False
559367,84879,ASSORTED COLOUR BIRD ORNAMENT,16,2011-07-08 09:38:00,1.69,13013,United Kingdom,False
554645,71459,HANGING JAM JAR T-LIGHT HOLDER,12,2011-05-25 12:34:00,0.85,17770,United Kingdom,False
542113,22891,TEA FOR ONE POLKADOT,3,2011-01-25 13:55:00,4.25,14341,United Kingdom,False
552036,22488,NATURAL SLATE RECTANGLE CHALKBOARD,2,2011-05-05 19:16:00,1.65,12748,United Kingdom,False
564045,22798,ANTIQUE GLASS DRESSING TABLE POT,72,2011-08-22 12:59:00,2.55,16013,United Kingdom,False
578231,82484,WOOD BLACK BOARD ANT WHITE FINISH,2,2011-11-23 12:05:00,7.95,14527,United Kingdom,False
562888,23293,SET OF 12 FAIRY CAKE BAKING CASES,8,2011-08-10 11:58:00,0.83,14388,United Kingdom,False
557145,22383,LUNCH BAG SUKI DESIGN,20,2011-06-17 10:43:00,1.65,17139,United Kingdom,False
551987,22223,CAKE PLATE LOVEBIRD PINK,1,2011-05-05 14:55:00,4.95,15005,United Kingdom,False
558235,21524,DOORMAT SPOTTY HOME SWEET HOME,1,2011-06-27 14:41:00,7.95,16242,United Kingdom,False
564820,22384,LUNCH BAG PINK POLKADOT,1,2011-08-30 12:16:00,4.13,,United Kingdom,False
554991,23099,FRENCH CARRIAGE LANTERN,1,2011-05-29 14:03:00,6.65,14823,United Kingdom,False
552508,85130D,BEADED CRYSTAL HEART PINK LARGE,1,2011-05-09 16:27:00,3.29,,United Kingdom,False
555925,84692,BOX OF 24 COCKTAIL PARASOLS,1,2011-06-07 17:13:00,0.83,,United Kingdom,False
556845,16161U,WRAP SUKI AND FRIENDS,25,2011-06-15 11:30:00,0.42,17511,United Kingdom,False
539215,22585,PACK OF 6 BIRDY GIFT TAGS,4,2010-12-16 12:42:00,1.25,15574,United Kingdom,False
542869,22767,TRIPLE PHOTO FRAME CORNICE,2,2011-02-01 12:27:00,9.95,17035,United Kingdom,False
572307,22147,FELTCRAFT BUTTERFLY HEARTS,5,2011-10-23 15:23:00,1.45,16905,United Kingdom,False
C577227,D,DISCOUNT,-1,2011-11-18 12:06:00,19.82,14527,United Kingdom,True
568061,22557,PLASTERS IN TIN VINTAGE PAISLEY,1,2011-09-23 13:12:00,1.65,16910,United Kingdom,False
553197,21733,RED HANGING HEART T-LIGHT HOLDER,2,2011-05-15 14:32:00,2.95,17263,United Kingdom,False
539742,22318,FIVE HEART HANGING DECORATION,1,2010-12-21 15:20:00,5.91,,United Kingdom,False
541219,84596B,SMALL DOLLY MIX DESIGN ORANGE BOWL,11,2011-01-14 14:06:00,0.83,,United Kingdom,False
545215,84755,COLOUR GLASS T-LIGHT HOLDER HANGING,4,2011-02-28 16:47:00,1.24,,United Kingdom,False
555510,85099F,JUMBO BAG STRAWBERRY,6,2011-06-03 17:09:00,4.13,,United Kingdom,False
547042,22501,PICNIC BASKET WICKER LARGE,1,2011-03-20 11:00:00,20.79,,United Kingdom,False
557938,22094,RED RETROSPOT TISSUE BOX,2,2011-06-23 15:35:00,2.46,,United Kingdom,False
571682,22650,CERAMIC PIRATE CHEST MONEY BANK,1,2011-10-18 14:00:00,1.45,14179,United Kingdom,False
553210,21469,POLKA DOT RAFFIA FOOD COVER,6,2011-05-16 09:40:00,3.75,14016,EIRE,False
561802,22821,GIFT BAG PSYCHEDELIC APPLES,36,2011-07-29 14:29:00,0.65,12748,United Kingdom,False
542836,84050,PINK HEART SHAPE EGG FRYING PAN,5,2011-02-01 11:31:00,1.65,16745,United Kingdom,False
540839,85040A,S/4 PINK FLOWER CANDLES IN BOWL,1,2011-01-11 15:42:00,1.65,16791,United Kingdom,False
580872,23551,PACK OF 12 PAISLEY PARK TISSUES,2,2011-12-06 12:02:00,0.39,18283,United Kingdom,False
553655,22470,HEART OF WICKER LARGE,3,2011-05-18 11:14:00,2.95,16775,United Kingdom,False
569105,84929,ASSTD FRUIT+FLOWERS FRIDGE MAGNETS,12,2011-09-30 12:35:00,0.19,16729,United Kingdom,False
C577147,23029,DRAWER KNOB CRACKLE GLAZE GREEN,-3,2011-11-18 09:42:00,1.65,13396,United Kingdom,True
552353,84970S,HANGING HEART ZINC T-LIGHT HOLDER,12,2011-05-09 12:14:00,0.85,17612,United Kingdom,False
554915,23168,CLASSIC CAFE SUGAR DISPENSER,12,2011-05-27 12:23:00,1.25,16133,United Kingdom,False
540273,22418,10 COLOUR SPACEBOY PEN,24,2011-01-06 11:57:00,0.85,17368,United Kingdom,False
566006,23399,HOME SWEET HOME HANGING HEART,12,2011-09-08 12:01:00,0.85,13018,United Kingdom,False
580108,21181,PLEASE ONE PERSON METAL SIGN,12,2011-12-01 15:42:00,2.1,14440,United Kingdom,False
569234,22774,RED DRAWER KNOB ACRYLIC EDWARDIAN,12,2011-10-02 15:33:00,1.25,17841,United Kingdom,False
571308,23126,FELTCRAFT GIRL AMELIE KIT,4,2011-10-17 10:10:00,4.95,12475,Germany,False
561222,21786,POLKADOT RAIN HAT,24,2011-07-26 09:27:00,0.42,13588,United Kingdom,False
578921,22499,WOODEN UNION JACK BUNTING,1,2011-11-27 11:57:00,5.95,13596,United Kingdom,False
572550,22805,BLUE DRAWER KNOB ACRYLIC EDWARDIAN,2,2011-10-24 17:06:00,2.46,,United Kingdom,False
567615,22705,WRAP GREEN PEARS,25,2011-09-21 12:14:00,0.42,13316,United Kingdom,False
539631,84031A,CHARLIE+LOLA RED HOT WATER BOTTLE,1,2010-12-20 15:03:00,4.21,,United Kingdom,False
536759,21844,RED RETROSPOT MUG,6,2010-12-02 14:26:00,2.95,16781,United Kingdom,False
578309,22593,CHRISTMAS GINGHAM STAR,24,2011-11-23 16:20:00,0.85,15253,United Kingdom,False
569887,23223,CHRISTMAS TREE HANGING SILVER,12,2011-10-06 15:28:00,0.83,13882,United Kingdom,False
581492,23196,VINTAGE LEAF MAGNETIC NOTEPAD,1,2011-12-09 10:03:00,3.29,,United Kingdom,False
537301,21034,REX CASH+CARRY JUMBO SHOPPER,1,2010-12-06 11:38:00,0.95,15860,United Kingdom,False
537176,22555,PLASTERS IN TIN STRONGMAN,6,2010-12-05 13:26:00,1.65,16411,United Kingdom,False
574336,22728,ALARM CLOCK BAKELIKE PINK,4,2011-11-04 09:52:00,3.75,12397,Belgium,False
559929,22051,BLUE SCANDINAVIAN PAISLEY WRAP,25,2011-07-14 09:10:00,0.42,14265,Unspecified,False
571082,21215,IVORY PAPER CUP CAKE CASES,3,2011-10-13 15:25:00,1.25,,United Kingdom,False
552963,22417,PACK OF 60 SPACEBOY CAKE CASES,12,2011-05-12 12:57:00,0.55,16743,United Kingdom,False
539451,22184,CAKE STAND VICTORIAN FILIGREE LARGE,1,2010-12-17 16:59:00,8.47,,United Kingdom,False
574740,35598B,BLACK CHRISTMAS TREE 60CM,24,2011-11-06 16:07:00,0.65,12357,Switzerland,False
537365,20914,SET/5 RED RETROSPOT LID GLASS BOWLS,6,2010-12-06 12:38:00,2.95,15078,United Kingdom,False
564835,21080,SET/20 RED RETROSPOT PAPER NAPKINS,5,2011-08-30 12:31:00,1.63,,United Kingdom,False
580759,20725,LUNCH BAG RED RETROSPOT,10,2011-12-06 10:30:00,1.65,17593,United Kingdom,False
579846,22632,HAND WARMER RED RETROSPOT,12,2011-11-30 16:22:00,2.1,12921,United Kingdom,False
557407,23301,GARDENERS KNEELING PAD KEEP CALM,1,2011-06-20 11:33:00,1.65,14701,United Kingdom,False
554645,21563,RED HEART SHAPE LOVE BUCKET,5,2011-05-25 12:34:00,2.95,17770,United Kingdom,False
552563,22120,WELCOME  WOODEN BLOCK LETTERS,12,2011-05-10 11:54:00,8.5,17597,United Kingdom,False
574352,23536,WALL ART VILLAGE SHOW,72,2011-11-04 10:38:00,3.88,18102,United Kingdom,False
580882,22086,PAPER CHAIN KIT 50'S CHRISTMAS,24,2011-12-06 12:20:00,2.95,12971,United Kingdom,False
568326,22139,RETROSPOT TEA SET CERAMIC 11 PC,3,2011-09-26 14:00:00,4.95,13200,United Kingdom,False
550474,22182,CAKE STAND VICTORIAN FILIGREE SMALL,1,2011-04-18 13:58:00,4.13,,United Kingdom,False
546091,22191,IVORY DINER WALL CLOCK,2,2011-03-09 11:53:00,8.5,14936,Channel Islands,False
580730,23193,BUFFALO BILL TREASURE BOOK BOX,2,2011-12-05 17:28:00,4.58,,United Kingdom,False
575491,23198,PANTRY MAGNETIC  SHOPPING LIST,12,2011-11-09 17:47:00,1.45,15531,United Kingdom,False
556058,22629,SPACEBOY LUNCH BOX,12,2011-06-08 13:54:00,1.95,13985,United Kingdom,False
568346,21977,PACK OF 60 PINK PAISLEY CAKE CASES,5,2011-09-26 15:28:00,1.25,14096,United Kingdom,False
551428,22251,BIRDHOUSE DECORATION MAGIC GARDEN,24,2011-04-28 14:59:00,1.25,13499,United Kingdom,False
569518,23209,LUNCH BAG VINTAGE DOILY,5,2011-10-04 14:28:00,1.65,13263,United Kingdom,False
579508,84832,ZINC WILLIE WINKIE  CANDLE STICK,1,2011-11-29 16:33:00,1.63,,United Kingdom,False
549693,78033,FLAG OF ST GEORGE CHAIR,12,2011-04-11 13:43:00,4.25,14696,United Kingdom,False
580757,23498,CLASSIC BICYCLE CLIPS,12,2011-12-06 10:27:00,1.45,13709,United Kingdom,False
571728,23355,HOT WATER BOTTLE KEEP CALM,8,2011-10-19 09:18:00,4.95,16123,United Kingdom,False
577723,82483,WOOD 2 DRAWER CABINET WHITE FINISH,4,2011-11-21 12:36:00,6.95,16713,United Kingdom,False
576255,22158,3 HEARTS HANGING DECORATION RUSTIC,3,2011-11-14 14:09:00,2.95,15993,United Kingdom,False
561355,23009,I LOVE LONDON BABY GIFT SET,6,2011-07-26 14:51:00,14.95,13090,United Kingdom,False
577536,21891,TRADITIONAL WOODEN SKIPPING ROPE,1,2011-11-20 14:14:00,1.45,15850,United Kingdom,False
541795,22721,SET OF 3 CAKE TINS SKETCHBOOK,2,2011-01-21 13:47:00,4.95,14692,United Kingdom,False
580752,20982,12 PENCILS TALL TUBE SKULLS,12,2011-12-06 09:56:00,0.85,12478,Greece,False
575138,21731,RED TOADSTOOL LED NIGHT LIGHT,5,2011-11-08 15:24:00,4.13,,United Kingdom,False
576255,20751,FUNKY WASHING UP GLOVES ASSORTED,1,2011-11-14 14:09:00,2.1,15993,United Kingdom,False
556243,21544,SKULLS  WATER TRANSFER TATTOOS,1,2011-06-09 16:07:00,1.63,,United Kingdom,False
580608,22326,ROUND SNACK BOXES SET OF4 WOODLAND,12,2011-12-05 11:39:00,2.95,16811,United Kingdom,False
546888,22681,FRENCH BLUE METAL DOOR SIGN 6,1,2011-03-17 18:15:00,2.46,,United Kingdom,False
541424,21947,SET OF 6 HEART CHOPSTICKS,6,2011-01-17 17:57:00,1.25,,United Kingdom,False
580907,22757,LARGE RED BABUSHKA NOTEBOOK,12,2011-12-06 13:13:00,0.39,13507,United Kingdom,False
580115,23351,ROLL WRAP 50'S CHRISTMAS,2,2011-12-01 16:22:00,2.46,,United Kingdom,False
564722,84806B,WHITE CANDYSTUFT ARTIFICIAL FLOWER,3,2011-08-28 12:06:00,1.45,16456,United Kingdom,False
563189,20750,RED RETROSPOT MINI CASES,2,2011-08-12 15:22:00,7.95,12682,France,False
540019,21900,"KEY FOB , SHED",24,2011-01-04 12:18:00,0.65,12957,United Kingdom,False
558316,20718,RED RETROSPOT SHOPPER BAG,1,2011-06-28 11:45:00,3.29,,United Kingdom,False
552978,20723,STRAWBERRY CHARLOTTE BAG,100,2011-05-12 14:46:00,0.72,12590,Germany,False
578817,23025,DRAWER KNOB VINTAGE GLASS BALL,1,2011-11-25 13:45:00,2.08,16764,United Kingdom,False
580730,22995,TRAVEL CARD WALLET SUKI,1,2011-12-05 17:28:00,0.83,,United Kingdom,False
537240,22748,POPPY'S PLAYHOUSE KITCHEN,1,2010-12-06 10:08:00,4.21,,United Kingdom,False
539659,21086,SET/6 RED SPOTTY PAPER CUPS,5,2010-12-21 09:47:00,0.65,15034,United Kingdom,False
564857,21621,VINTAGE UNION JACK BUNTING,3,2011-08-31 09:23:00,12.46,,United Kingdom,False
541113,22072,RED RETROSPOT TEA CUP AND SAUCER,2,2011-01-13 15:18:00,3.75,16775,United Kingdom,False
577319,23309,SET OF 60 I LOVE LONDON CAKE CASES,2,2011-11-18 13:43:00,0.55,17301,United Kingdom,False
540247,22629,SPACEBOY LUNCH BOX,2,2011-01-05 15:56:00,1.95,15464,United Kingdom,False
571662,35819B,"ACRYLIC HANGING JEWEL,BLUE",24,2011-10-18 12:54:00,0.38,14861,United Kingdom,False
570557,22570,FELTCRAFT CUSHION RABBIT,240,2011-10-11 11:15:00,3.39,16029,United Kingdom,False
551192,21773,DECORATIVE ROSE BATHROOM BOTTLE,12,2011-04-27 10:54:00,1.25,16188,United Kingdom,False
537237,22924,FRIDGE MAGNETS LA VIE EN ROSE,1,2010-12-06 09:58:00,11.02,,United Kingdom,False
556413,48129,DOORMAT TOPIARY,1,2011-06-10 12:01:00,7.95,16005,United Kingdom,False
545031,22514,CHILDS GARDEN SPADE BLUE,6,2011-02-25 15:35:00,2.1,15990,United Kingdom,False
564093,23026,DRAWER KNOB VINTAGE GLASS STAR,6,2011-08-23 10:29:00,2.08,14930,Channel Islands,False
555277,15036,ASSORTED COLOURS SILK FAN,2,2011-06-01 17:30:00,1.63,,United Kingdom,False
569374,22452,MEASURING TAPE BABUSHKA PINK,14,2011-10-03 16:14:00,1.63,,United Kingdom,False
558195,85099B,JUMBO BAG RED RETROSPOT,10,2011-06-27 12:32:00,2.08,17735,United Kingdom,False
556515,22876,NUMBER TILE COTTAGE GARDEN 8,1,2011-06-13 10:45:00,4.13,,United Kingdom,False
558536,22812,PACK 3 BOXES CHRISTMAS PANNETONE,48,2011-06-30 12:06:00,1.95,12424,Australia,False
562258,22197,POPCORN HOLDER,2,2011-08-03 15:28:00,0.85,16348,United Kingdom,False
566979,22382,LUNCH BAG SPACEBOY DESIGN,10,2011-09-16 09:54:00,1.65,13141,United Kingdom,False
544207,22197,SMALL POPCORN HOLDER,3,2011-02-17 10:34:00,1.63,,United Kingdom,False
571828,20956,PORCELAIN T-LIGHT HOLDERS ASSORTED,12,2011-10-19 11:52:00,1.25,16440,United Kingdom,False
570418,22427,ENAMEL FLOWER JUG CREAM,3,2011-10-10 13:31:00,5.95,15211,United Kingdom,False
560394,20718,RED RETROSPOT SHOPPER BAG,10,2011-07-18 13:35:00,1.25,14390,United Kingdom,False
563439,22805,BLUE DRAWER KNOB ACRYLIC EDWARDIAN,1,2011-08-16 13:05:00,2.46,,United Kingdom,False
536885,22632,HAND WARMER RED RETROSPOT,12,2010-12-03 11:42:00,2.1,,EIRE,False
557570,23206,LUNCH BAG APPLE DESIGN,2,2011-06-21 10:48:00,1.65,15998,United Kingdom,False
577329,22617,BAKING SET SPACEBOY DESIGN,2,2011-11-18 14:15:00,4.95,17779,United Kingdom,False
545034,22222,CAKE PLATE LOVEBIRD WHITE,3,2011-02-25 16:42:00,4.95,13493,Switzerland,False
543530,22952,60 CAKE CASES VINTAGE CHRISTMAS,1,2011-02-09 12:46:00,1.25,,United Kingdom,False
541518,21429,RED GINGHAM ROSE JEWELLERY BOX,10,2011-01-19 09:05:00,1.65,12451,Switzerland,False
574528,21425,SKULLS STORAGE BOX LARGE,6,2011-11-04 14:03:00,2.95,16782,United Kingdom,False
540999,37327,ASSTD MULTICOLOUR CIRCLES MUG,48,2011-01-13 10:08:00,0.42,13694,United Kingdom,False
566199,85099B,JUMBO BAG RED RETROSPOT,30,2011-09-09 14:12:00,2.08,14824,United Kingdom,False
536592,85017A,ENVELOPE 50 ROMANTIC IMAGES,1,2010-12-01 17:06:00,0.85,,United Kingdom,False
565226,23301,GARDENERS KNEELING PAD KEEP CALM,12,2011-09-02 08:50:00,1.65,16992,United Kingdom,False
568999,85199S,SMALL HANGING IVORY/RED WOOD BIRD,24,2011-09-29 17:34:00,0.42,15949,United Kingdom,False
559120,21931,JUMBO STORAGE BAG SUKI,5,2011-07-06 12:18:00,2.08,16393,United Kingdom,False
579269,85034B,3 WHITE CHOC MORRIS BOXED CANDLES,24,2011-11-29 09:48:00,1.25,14601,United Kingdom,False
570223,22576,SWALLOW WOODEN CHRISTMAS DECORATION,3,2011-10-09 13:11:00,0.85,15787,United Kingdom,False
540561,85059,FRENCH ENAMEL WATER BASIN,16,2011-01-10 10:32:00,1.25,13004,United Kingdom,False
543826,21790,VINTAGE SNAP CARDS,1,2011-02-14 09:41:00,1.63,,United Kingdom,False
577358,22909,SET OF 20 VINTAGE CHRISTMAS NAPKINS,2,2011-11-18 15:59:00,1.63,,United Kingdom,False
558335,23251,VINTAGE RED ENAMEL TRIM MUG,12,2011-06-28 13:16:00,1.25,17442,United Kingdom,False
C545511,21987,PACK OF 6 SKULL PAPER CUPS,-1,2011-03-03 11:57:00,0.65,18198,United Kingdom,True
574881,23534,WALL ART STOP FOR TEA,3,2011-11-07 13:30:00,5.95,12832,United Kingdom,False
581425,22118,JOY WOODEN BLOCK LETTERS,2,2011-12-08 15:31:00,1.25,14796,United Kingdom,False
572058,23053,RECYCLED ACAPULCO MAT PINK,1,2011-10-20 12:43:00,8.25,18252,United Kingdom,False
575176,22972,CHILDREN'S SPACEBOY MUG,1,2011-11-08 18:29:00,3.29,,United Kingdom,False
568792,48138,DOORMAT UNION FLAG,2,2011-09-29 09:53:00,8.25,18192,United Kingdom,False
575070,23322,LARGE WHITE HEART OF WICKER,1,2011-11-08 12:58:00,2.95,17841,United Kingdom,False
540827,35265,COLOURFUL FLOWER FRUIT BOWL,4,2011-01-11 14:15:00,6.95,17569,United Kingdom,False
548516,22193,RED DINER WALL CLOCK,1,2011-03-31 16:28:00,16.63,,United Kingdom,False
576081,22037,ROBOT BIRTHDAY CARD,12,2011-11-14 08:16:00,0.42,15203,United Kingdom,False
547358,22297,HEART IVORY TRELLIS SMALL,4,2011-03-22 12:25:00,1.25,15998,United Kingdom,False
565150,23356,LOVE HOT WATER BOTTLE,24,2011-09-01 14:26:00,4.95,14298,United Kingdom,False
558237,22356,CHARLOTTE BAG PINK POLKADOT,2,2011-06-27 15:04:00,0.85,12867,United Kingdom,False
541576,22895,SET OF 2 TEA TOWELS APPLE AND PEARS,2,2011-01-19 13:32:00,2.95,17097,Spain,False
580730,23559,WOODLAND BUNNIES LOLLY MAKERS,2,2011-12-05 17:28:00,4.13,,United Kingdom,False
550997,20727,LUNCH BAG  BLACK SKULL.,20,2011-04-26 09:04:00,1.65,17735,United Kingdom,False
542735,22452,MEASURING TAPE BABUSHKA PINK,6,2011-01-31 15:36:00,2.95,12681,France,False
567656,21914,BLUE HARMONICA IN BOX,2,2011-09-21 14:40:00,2.46,14096,United Kingdom,False
547870,21756,BATH BUILDING BLOCK WORD,4,2011-03-27 14:18:00,5.95,13668,United Kingdom,False
565234,22847,BREAD BIN DINER STYLE IVORY,1,2011-09-02 09:38:00,33.29,,United Kingdom,False
580615,23314,VINTAGE CHRISTMAS TABLECLOTH,4,2011-12-05 12:05:00,12.5,16873,United Kingdom,False
564627,23225,CHERUB HEART DECORATION SILVER,12,2011-08-26 11:47:00,0.83,15132,United Kingdom,False
536592,22619,SET OF 6 SOLDIER SKITTLES,1,2010-12-01 17:06:00,7.62,,United Kingdom,False
553386,22138,BAKING SET 9 PIECE RETROSPOT,6,2011-05-16 16:22:00,4.95,13381,United Kingdom,False
572836,22112,CHOCOLATE HOT WATER BOTTLE,2,2011-10-26 11:51:00,4.95,15568,United Kingdom,False
542998,82494l,WOODEN FRAME ANTIQUE WHITE,1,2011-02-02 12:16:00,8.29,,United Kingdom,False
553220,23145,ZINC T-LIGHT HOLDER STAR LARGE,12,2011-05-16 09:57:00,0.95,13319,United Kingdom,False
581383,23206,LUNCH BAG APPLE DESIGN,10,2011-12-08 13:04:00,1.65,15399,United Kingdom,False
579168,23497,CLASSIC CHROME BICYCLE BELL,12,2011-11-28 14:12:00,1.45,17806,United Kingdom,False
579690,21592,RETROSPOT CIGAR BOX MATCHES,3,2011-11-30 14:03:00,1.25,15060,United Kingdom,False
560228,22998,TRAVEL CARD WALLET KEEP CALM,48,2011-07-15 17:29:00,0.42,17750,United Kingdom,False
564167,22385,JUMBO BAG SPACEBOY DESIGN,10,2011-08-23 13:50:00,2.08,17735,United Kingdom,False
543040,21875,KINGS CHOICE MUG,1,2011-02-02 17:06:00,1.25,17337,United Kingdom,False
580675,85099B,JUMBO BAG RED RETROSPOT,10,2011-12-05 14:35:00,2.08,15640,United Kingdom,False
575886,23199,JUMBO BAG APPLES,3,2011-11-11 13:57:00,2.08,12517,Germany,False
574023,23355,HOT WATER BOTTLE KEEP CALM,12,2011-11-02 12:20:00,4.95,14390,United Kingdom,False
566952,90170,DAISY HAIR BAND,1,2011-09-15 16:37:00,1.65,,United Kingdom,False
580115,22487,WHITE WOOD GARDEN PLANT LADDER,1,2011-12-01 16:22:00,19.96,,United Kingdom,False
560433,22250,DECORATION  BUTTERFLY  MAGIC GARDEN,2,2011-07-18 15:49:00,0.83,,United Kingdom,False
542617,72802A,ROSE SCENT CANDLE IN JEWELLED BOX,3,2011-01-30 15:48:00,4.25,17463,United Kingdom,False
574561,22668,PINK BABY BUNTING,1,2011-11-04 15:52:00,5.79,,United Kingdom,False
537666,22732,3D VINTAGE CHRISTMAS STICKERS,1,2010-12-07 18:36:00,2.51,,United Kingdom,False
559897,21946,PARTY TIME DESIGN FLANNEL,12,2011-07-13 12:18:00,0.85,16779,United Kingdom,False
552180,21509,COWBOYS AND INDIANS BIRTHDAY CARD,12,2011-05-06 13:35:00,0.42,18235,United Kingdom,False
576644,20676,RED RETROSPOT BOWL,4,2011-11-16 10:01:00,2.46,,United Kingdom,False
580136,22766,PHOTO FRAME CORNICE,1,2011-12-01 19:42:00,2.95,17841,United Kingdom,False
570491,22173,METAL 4 HOOK HANGER FRENCH CHATEAU,4,2011-10-10 17:26:00,3.29,14395,United Kingdom,False
556816,POST,POSTAGE,3,2011-06-15 09:01:00,18.0,12437,France,False
567668,21356,TOAST ITS - FAIRY FLOWER,4,2011-09-21 15:29:00,0.83,,United Kingdom,False
553679,22435,SET OF 9 HEART SHAPED BALLOONS,12,2011-05-18 13:09:00,1.25,14565,United Kingdom,False
540529,21928,JUMBO BAG SCANDINAVIAN PAISLEY,10,2011-01-09 13:50:00,1.95,16748,United Kingdom,False
557671,22895,SET OF 2 TEA TOWELS APPLE AND PEARS,6,2011-06-22 10:11:00,3.25,13849,United Kingdom,False
573585,22713,CARD I LOVE LONDON,1,2011-10-31 14:41:00,0.83,,United Kingdom,False
537240,22457,NATURAL SLATE HEART CHALKBOARD,5,2010-12-06 10:08:00,5.91,,United Kingdom,False
575748,21485,RETROSPOT HEART HOT WATER BOTTLE,1,2011-11-11 10:21:00,12.21,,United Kingdom,False
566434,21714,CITRONELLA CANDLE GARDEN POT,26,2011-09-12 15:01:00,1.25,17090,United Kingdom,False
539708,37479P,CUBIC MUG FLOCK PINK ON BROWN,1,2010-12-21 12:18:00,16.98,,United Kingdom,False
576071,23209,LUNCH BAG VINTAGE DOILY,1,2011-11-13 16:03:00,1.65,18069,United Kingdom,False
564840,84598,BOYS ALPHABET IRON ON PATCHES,4,2011-08-30 12:49:00,0.42,,United Kingdom,False
559146,23298,SPOTTY BUNTING,27,2011-07-06 14:18:00,4.95,12921,United Kingdom,False
571508,90206C,CRYSTAL DIAMANTE STAR BROOCH,1,2011-10-17 15:27:00,4.98,,United Kingdom,False
568013,22734,SET OF 6 RIBBONS VINTAGE CHRISTMAS,6,2011-09-23 11:39:00,2.89,17480,United Kingdom,False
569843,22398,MAGNETS PACK OF 4 SWALLOWS,12,2011-10-06 13:29:00,0.39,14449,United Kingdom,False
553766,22840,ROUND CAKE TIN VINTAGE RED,1,2011-05-19 10:44:00,15.79,,United Kingdom,False
559923,20866,BLUE ROSE FABRIC MIRROR,4,2011-07-13 16:07:00,2.46,,United Kingdom,False
546891,15036,ASSORTED COLOURS SILK FAN,12,2011-03-17 18:18:00,1.63,,United Kingdom,False
544495,21915,RED  HARMONICA IN BOX,12,2011-02-21 11:42:00,1.25,12766,Portugal,False
555095,23080,RED METAL BOX TOP SECRET,4,2011-05-31 13:32:00,8.25,12540,Spain,False
545216,21733,RED HANGING HEART T-LIGHT HOLDER,1,2011-02-28 16:50:00,5.79,,United Kingdom,False
537666,85062,PEARL CRYSTAL PUMPKIN T-LIGHT HLDR,2,2010-12-07 18:36:00,2.51,,United Kingdom,False
539446,21731,RED TOADSTOOL LED NIGHT LIGHT,12,2010-12-17 15:58:00,1.65,12705,Germany,False
551147,21523,DOORMAT FANCY FONT HOME SWEET HOME,2,2011-04-26 14:07:00,7.95,14210,United Kingdom,False
545681,21259,VICTORIAN SEWING BOX SMALL,2,2011-03-06 11:28:00,5.95,16923,United Kingdom,False
572863,23103,JINGLE BELL HEART DECORATION,10,2011-10-26 12:53:00,1.65,17841,United Kingdom,False
536876,21704,BAG 250G SWIRLY MARBLES,2,2010-12-03 11:36:00,1.66,,United Kingdom,False
549589,22777,GLASS CLOCHE LARGE,12,2011-04-11 10:04:00,7.65,16552,United Kingdom,False
548987,21212,PACK OF 72 RETROSPOT CAKE CASES,2,2011-04-05 12:50:00,0.55,14535,United Kingdom,False
577093,23014,GLASS APOTHECARY BOTTLE ELIXIR,4,2011-11-17 16:37:00,3.95,13089,United Kingdom,False
568547,22902,TOTE BAG I LOVE LONDON,6,2011-09-27 14:37:00,2.1,15568,United Kingdom,False
559674,21172,PARTY METAL SIGN,4,2011-07-11 14:16:00,1.45,15856,United Kingdom,False
576412,22423,REGENCY CAKESTAND 3 TIER,4,2011-11-15 11:21:00,12.75,13455,United Kingdom,False
547506,21538,,-2,2011-03-23 13:38:00,0.0,,United Kingdom,False
567944,22835,HOT WATER BOTTLE I AM SO POORLY,6,2011-09-22 19:54:00,4.95,14562,United Kingdom,False
551719,22082,RIBBON REEL STRIPES DESIGN,1,2011-05-03 16:09:00,3.29,,United Kingdom,False
580511,23235,STORAGE TIN VINTAGE LEAF,6,2011-12-04 13:54:00,2.89,12560,Germany,False
574298,20983,12 PENCILS TALL TUBE RED RETROSPOT,1,2011-11-03 15:56:00,1.63,,United Kingdom,False
555278,22804,CANDLEHOLDER PINK HANGING HEART,1,2011-06-01 17:33:00,5.79,,United Kingdom,False
577500,23320,GIANT 50'S CHRISTMAS CRACKER,2,2011-11-20 12:30:00,2.89,14052,United Kingdom,False
550124,22904,CALENDAR PAPER CUT DESIGN,6,2011-04-14 12:41:00,2.95,12853,United Kingdom,False
560273,22027,TEA PARTY BIRTHDAY CARD,12,2011-07-17 14:59:00,0.42,14895,United Kingdom,False
539714,85084,HOLLY TOP CHRISTMAS STOCKING,3,2010-12-21 12:44:00,0.85,,United Kingdom,False
553002,82552,WASHROOM METAL SIGN,2,2011-05-12 15:26:00,1.45,13263,United Kingdom,False
554036,84946,ANTIQUE SILVER T-LIGHT GLASS,42,2011-05-20 14:11:00,1.25,13767,United Kingdom,False
569897,22759,SET OF 3 NOTEBOOKS IN PARCEL,1,2011-10-06 16:01:00,1.65,17813,United Kingdom,False
580304,22423,REGENCY CAKESTAND 3 TIER,4,2011-12-02 14:25:00,12.75,18055,United Kingdom,False
574311,21212,PACK OF 72 RETROSPOT CAKE CASES,24,2011-11-03 16:56:00,0.55,15640,United Kingdom,False
552198,22250,DECORATION  BUTTERFLY  MAGIC GARDEN,2,2011-05-06 14:47:00,0.85,15552,United Kingdom,False
555324,20712,JUMBO BAG WOODLAND ANIMALS,7,2011-06-02 11:02:00,4.13,,United Kingdom,False
547243,21908,CHOCOLATE THIS WAY METAL SIGN,1,2011-03-21 16:59:00,2.1,17231,United Kingdom,False
554663,22837,HOT WATER BOTTLE BABUSHKA,1,2011-05-25 14:29:00,4.65,14985,United Kingdom,False
544681,82600,NO SINGING METAL SIGN,1,2011-02-22 16:28:00,4.13,,United Kingdom,False
565150,84992,72 SWEETHEART FAIRY CAKE CASES,48,2011-09-01 14:26:00,0.42,14298,United Kingdom,False
576837,23236,STORAGE TIN VINTAGE DOILY,2,2011-11-16 15:16:00,5.79,,United Kingdom,False
548663,21868,POTTING SHED TEA MUG,2,2011-04-01 14:44:00,3.29,,United Kingdom,False
565386,21179,NO JUNK MAIL METAL SIGN,10,2011-09-02 15:48:00,0.39,17997,United Kingdom,False
565919,21932,SCANDINAVIAN PAISLEY PICNIC BAG,2,2011-09-07 16:48:00,2.46,,United Kingdom,False
560693,23245,SET OF 3 REGENCY CAKE TINS,4,2011-07-20 12:01:00,4.95,13136,United Kingdom,False
547386,22355,CHARLOTTE BAG SUKI DESIGN,1,2011-03-22 15:52:00,1.63,,United Kingdom,False
578347,22735,RIBBON REEL SOCKS AND MITTENS,1,2011-11-24 09:26:00,3.29,,United Kingdom,False
573866,22086,PAPER CHAIN KIT 50'S CHRISTMAS,6,2011-11-01 12:06:00,2.95,17495,United Kingdom,False
537193,84406B,CREAM CUPID HEARTS COAT HANGER,1,2010-12-05 13:49:00,3.25,15023,United Kingdom,False
572122,23485,BOTANICAL GARDENS WALL CLOCK,4,2011-10-21 08:24:00,20.8,15969,United Kingdom,False
564434,23147,SINGLE ANTIQUE ROSE HOOK IVORY,12,2011-08-25 11:59:00,1.45,14687,United Kingdom,False
575755,23434,3 RAFFIA RIBBONS 50'S CHRISTMAS,10,2011-11-11 10:45:00,0.79,17015,United Kingdom,False
550157,21936,RED RETROSPOT PICNIC BAG,6,2011-04-14 15:26:00,2.95,16393,United Kingdom,False
570964,22601,CHRISTMAS RETROSPOT ANGEL WOOD,12,2011-10-13 11:50:00,0.85,12766,Portugal,False
545059,84836,ZINC METAL HEART DECORATION,4,2011-02-27 13:04:00,1.25,14157,United Kingdom,False
568491,85150,LADIES & GENTLEMEN METAL SIGN,3,2011-09-27 11:58:00,2.55,15443,United Kingdom,False
537057,22474,SPACEBOY TV DINNER TRAY,1,2010-12-05 11:49:00,4.95,15351,United Kingdom,False
560839,48194,DOORMAT HEARTS,1,2011-07-21 12:23:00,7.95,14527,United Kingdom,False
572224,22910,PAPER CHAIN KIT VINTAGE CHRISTMAS,40,2011-10-21 13:46:00,2.55,16558,United Kingdom,False
552703,84673B,BLUE FLY SWAT,1,2011-05-10 16:00:00,0.65,14462,United Kingdom,False
571710,23355,HOT WATER BOTTLE KEEP CALM,4,2011-10-18 15:54:00,4.95,13032,United Kingdom,False
560926,21555,CERAMIC STRAWBERRY TRINKET TRAY,1,2011-07-22 09:20:00,2.46,,United Kingdom,False
559796,22377,BOTTLE BAG RETROSPOT,1,2011-07-12 13:30:00,4.13,,United Kingdom,False
543555,22178,VICTORIAN GLASS HANGING T-LIGHT,12,2011-02-10 10:18:00,1.25,17686,United Kingdom,False
569123,21647,ASSORTED TUTTI FRUTTI LARGE PURSE,2,2011-09-30 13:09:00,2.1,12748,United Kingdom,False
540026,20696,FLORAL SOFT CAR TOY,1,2011-01-04 13:25:00,3.36,,United Kingdom,False
544108,22431,WATERING CAN BLUE ELEPHANT,12,2011-02-16 10:53:00,1.95,12653,Israel,False
547389,35471D,SET OF 3 BIRD LIGHT PINK FEATHER,2,2011-03-22 16:08:00,1.25,16721,United Kingdom,False
569660,85088,CANDY SPOT HAND BAG,24,2011-10-05 13:05:00,2.1,17382,United Kingdom,False
565917,21991,BOHEMIAN COLLAGE STATIONERY SET,1,2011-09-07 16:15:00,2.46,,United Kingdom,False
556238,22384,LUNCH BAG PINK POLKADOT,10,2011-06-09 15:35:00,1.65,13397,United Kingdom,False
551142,21932,SCANDINAVIAN PAISLEY PICNIC BAG,4,2011-04-26 13:22:00,1.65,17613,United Kingdom,False
554643,23172,REGENCY TEA PLATE PINK,48,2011-05-25 12:28:00,1.45,16133,United Kingdom,False
547920,21031,SPACE CADET BLACK,1,2011-03-28 12:52:00,1.25,14730,United Kingdom,False
540551,22032,BOTANICAL LILY GREETING CARD,1,2011-01-10 09:43:00,0.43,,United Kingdom,False
573581,23308,SET OF 60 VINTAGE LEAF CAKE CASES,24,2011-10-31 14:22:00,0.55,14911,EIRE,False
566173,22028,PENNY FARTHING BIRTHDAY CARD,24,2011-09-09 12:24:00,0.42,12787,Netherlands,False
570703,21175,GIN + TONIC DIET METAL SIGN,12,2011-10-12 09:50:00,2.55,14911,EIRE,False
549028,84569A,,-18,2011-04-05 17:02:00,0.0,,United Kingdom,False
553194,22992,REVOLVER WOODEN RULER,3,2011-05-15 13:37:00,1.95,16283,United Kingdom,False
544495,21914,BLUE HARMONICA IN BOX,12,2011-02-21 11:42:00,1.25,12766,Portugal,False
545464,84969,BOX OF 6 ASSORTED COLOUR TEASPOONS,2,2011-03-03 09:10:00,3.29,,United Kingdom,False
578852,37446,MINI CAKE STAND WITH HANGING CAKES,6,2011-11-27 11:12:00,1.45,17841,United Kingdom,False
537653,84596L,BISCUITS SMALL BOWL LIGHT BLUE,1,2010-12-07 15:54:00,1.25,17897,United Kingdom,False
568954,21754,HOME BUILDING BLOCK WORD,3,2011-09-29 15:32:00,6.25,13576,United Kingdom,False
571183,23243,SET OF TEA COFFEE SUGAR TINS PANTRY,1,2011-10-14 11:08:00,4.95,14796,United Kingdom,False
552651,84879,ASSORTED COLOUR BIRD ORNAMENT,16,2011-05-10 14:09:00,1.69,16431,United Kingdom,False
572912,23341,PINK DINER WALL CLOCK,1,2011-10-26 16:07:00,8.5,16915,United Kingdom,False
559898,84818,DANISH ROSE PHOTO FRAME,2,2011-07-13 12:18:00,0.79,16225,United Kingdom,False
546136,22998,TRAVEL CARD WALLET KEEP CALM,2,2011-03-09 16:32:00,0.83,,United Kingdom,False
558993,22727,ALARM CLOCK BAKELIKE RED,4,2011-07-05 11:49:00,3.75,16729,United Kingdom,False
574298,23570,TRADITIONAL PICK UP STICKS GAME,2,2011-11-03 15:56:00,2.46,,United Kingdom,False
556102,21061,PARTY INVITES FOOTBALL,12,2011-06-08 16:15:00,0.85,13115,United Kingdom,False
568054,84509A,SET OF 4 ENGLISH ROSE PLACEMATS,4,2011-09-23 12:50:00,3.75,16978,United Kingdom,False
539492,21429,RED GINGHAM ROSE JEWELLERY BOX,1,2010-12-20 10:14:00,3.36,,United Kingdom,False
578316,22193,RED DINER WALL CLOCK,2,2011-11-23 16:43:00,8.5,14189,United Kingdom,False
577694,22597,MUSICAL ZINC HEART DECORATION,10,2011-11-21 11:50:00,0.29,14702,United Kingdom,False
542898,22841,ROUND CAKE TIN VINTAGE GREEN,1,2011-02-01 14:01:00,7.95,16110,United Kingdom,False
555275,21439,BASKET OF TOADSTOOLS,1,2011-06-01 17:18:00,2.46,,United Kingdom,False
571169,23469,CARD HOLDER LOVE BIRD SMALL,6,2011-10-14 10:28:00,4.15,16168,United Kingdom,False
550149,21937,STRAWBERRY   PICNIC BAG,5,2011-04-14 14:37:00,2.95,13069,United Kingdom,False
544919,20728,LUNCH BAG CARS BLUE,10,2011-02-24 16:31:00,1.65,13725,United Kingdom,False
581101,23137,ZINC WIRE SWEETHEART LETTER TRAY,5,2011-12-07 11:48:00,1.25,17835,United Kingdom,False
576396,22379,RECYCLING BAG RETROSPOT,5,2011-11-15 10:41:00,2.1,16164,United Kingdom,False
568095,90185C,BLACK DIAMANTE EXPANDABLE RING,6,2011-09-23 14:49:00,4.25,14911,EIRE,False
555488,23301,GARDENERS KNEELING PAD KEEP CALM,2,2011-06-03 13:43:00,1.65,16942,United Kingdom,False
576665,22995,TRAVEL CARD WALLET SUKI,2,2011-11-16 11:46:00,0.42,17841,United Kingdom,False
574056,22328,ROUND SNACK BOXES SET OF 4 FRUITS,48,2011-11-02 14:09:00,2.55,14646,Netherlands,False
558874,16046,TEATIME PEN CASE & PENS,1,2011-07-04 13:29:00,0.85,,United Kingdom,False
552631,22557,PLASTERS IN TIN VINTAGE PAISLEY,12,2011-05-10 12:55:00,1.65,12684,France,False
564818,22383,LUNCH BAG SUKI DESIGN,2,2011-08-30 12:10:00,4.13,,United Kingdom,False
551954,48188,DOORMAT WELCOME PUPPIES,5,2011-05-05 12:13:00,7.95,14515,United Kingdom,False
571034,23013,GLASS APOTHECARY BOTTLE TONIC,4,2011-10-13 12:47:00,3.95,12359,Cyprus,False
549944,21913,VINTAGE SEASIDE JIGSAW PUZZLES,4,2011-04-13 12:23:00,3.75,14262,United Kingdom,False
578251,22577,WOODEN HEART CHRISTMAS SCANDINAVIAN,11,2011-11-23 12:45:00,0.29,15993,United Kingdom,False
550298,85199S,SMALL HANGING IVORY/RED WOOD BIRD,1,2011-04-15 16:11:00,0.42,17346,United Kingdom,False
580120,22435,SET OF 9 HEART SHAPED BALLOONS,12,2011-12-01 16:38:00,1.25,12553,France,False
566864,22384,LUNCH BAG PINK POLKADOT,1,2011-09-15 12:51:00,1.65,17786,United Kingdom,False
548522,20975,12 PENCILS SMALL TUBE RED RETROSPOT,1,2011-03-31 16:43:00,1.25,,United Kingdom,False
564817,20700,GREEN CAT FLORAL CUSHION COVER,1,2011-08-30 12:02:00,4.13,,United Kingdom,False
550129,22386,JUMBO BAG PINK POLKADOT,10,2011-04-14 13:17:00,2.08,13001,United Kingdom,False
578067,84792,ENCHANTED BIRD COATHANGER 5 HOOK,1,2011-11-22 15:43:00,9.13,,United Kingdom,False
574956,23534,STOP FOR TEA WALL ART,12,2011-11-08 09:54:00,5.35,16732,United Kingdom,False
543096,20727,LUNCH BAG  BLACK SKULL.,3,2011-02-03 11:39:00,1.65,14044,United Kingdom,False
578317,21484,CHICK GREY HOT WATER BOTTLE,4,2011-11-23 16:47:00,4.25,15398,United Kingdom,False
543530,21928,JUMBO BAG SCANDINAVIAN PAISLEY,2,2011-02-09 12:46:00,4.13,,United Kingdom,False
579777,47559B,TEA TIME OVEN GLOVE,1,2011-11-30 15:13:00,2.46,,United Kingdom,False
573585,22357,KINGS CHOICE BISCUIT TIN,1,2011-10-31 14:41:00,4.13,,United Kingdom,False
562939,47566,PARTY BUNTING,4,2011-08-11 08:37:00,4.95,15498,United Kingdom,False
563012,22734,SET OF 6 RIBBONS VINTAGE CHRISTMAS,6,2011-08-11 12:00:00,2.89,17284,United Kingdom,False
567179,23175,REGENCY MILK JUG PINK,1,2011-09-18 14:27:00,3.25,15547,United Kingdom,False
581191,21408,SPOTTY PINK DUCK DOORSTOP,1,2011-12-07 16:56:00,1.95,17449,United Kingdom,False
559337,21524,DOORMAT SPOTTY HOME SWEET HOME,1,2011-07-07 16:27:00,16.63,,United Kingdom,False
569467,23389,SPACEBOY MINI BACKPACK,4,2011-10-04 11:44:00,4.15,14291,United Kingdom,False
548405,22666,RECIPE BOX PANTRY YELLOW DESIGN,6,2011-03-31 09:48:00,2.95,17088,United Kingdom,False
555492,22549,PICTURE DOMINOES,24,2011-06-03 14:24:00,1.45,16967,United Kingdom,False
541130,22219,LOVEBIRD HANGING DECORATION WHITE,1,2011-01-14 10:15:00,1.63,,United Kingdom,False
579002,22123,PING MICROWAVE APRON,4,2011-11-27 16:27:00,1.95,14093,United Kingdom,False
555324,85099B,JUMBO BAG RED RETROSPOT,3,2011-06-02 11:02:00,4.13,,United Kingdom,False
544177,20658,RED RETROSPOT LUGGAGE TAG,12,2011-02-16 14:27:00,1.25,13001,United Kingdom,False
559809,21288,STRIPEY CHOCOLATE NESTING BOXES,2,2011-07-12 14:57:00,2.95,16409,United Kingdom,False
555095,21918,SET 12 KIDS COLOUR  CHALK STICKS,24,2011-05-31 13:32:00,0.42,12540,Spain,False
544406,17003,BROCADE RING PURSE,36,2011-02-18 13:26:00,0.29,16726,United Kingdom,False
559302,20675,BLUE POLKADOT BOWL,2,2011-07-07 12:47:00,1.25,14527,United Kingdom,False
568531,22383,LUNCH BAG SUKI DESIGN,2,2011-09-27 13:49:00,1.65,16713,United Kingdom,False
554114,21619,4 VANILLA BOTANICAL CANDLES,1,2011-05-22 15:00:00,3.75,15292,United Kingdom,False
573585,22945,CHRISTMAS METAL TAGS ASSORTED,6,2011-10-31 14:41:00,1.8,,United Kingdom,False
555327,22844,VINTAGE CREAM DOG FOOD CONTAINER,1,2011-06-02 11:03:00,16.63,,United Kingdom,False
564734,23198,PANTRY MAGNETIC  SHOPPING LIST,2,2011-08-28 13:32:00,1.45,12484,Spain,False
577230,84992,72 SWEETHEART FAIRY CAKE CASES,1,2011-11-18 12:08:00,0.55,18034,United Kingdom,False
540848,22940,FELTCRAFT CHRISTMAS FAIRY,1,2011-01-12 09:26:00,8.47,,United Kingdom,False
558754,22900,SET 2 TEA TOWELS I LOVE LONDON,6,2011-07-03 12:10:00,3.25,15518,United Kingdom,False
565413,23240,SET OF 4 KNICK KNACK TINS DOILY,6,2011-09-04 11:49:00,4.15,18223,United Kingdom,False
580615,21917,SET 12 KIDS  WHITE CHALK STICKS,24,2011-12-05 12:05:00,0.42,16873,United Kingdom,False
562213,47504K,ENGLISH ROSE GARDEN SECATEURS,2,2011-08-03 13:39:00,0.79,13975,United Kingdom,False
577358,85199S,SMALL HANGING IVORY/RED WOOD BIRD,6,2011-11-18 15:59:00,0.83,,United Kingdom,False
554160,22653,BUTTON BOX,1,2011-05-23 11:49:00,1.95,17841,United Kingdom,False
564552,21498,RED RETROSPOT WRAP,25,2011-08-25 17:22:00,0.42,16670,United Kingdom,False
557021,23084,RABBIT NIGHT LIGHT,6,2011-06-16 12:55:00,2.08,17642,United Kingdom,False
565397,84032A,CHARLIE+LOLA PINK HOT WATER BOTTLE,4,2011-09-02 16:43:00,2.95,14171,United Kingdom,False
579980,22114,HOT WATER BOTTLE TEA AND SYMPATHY,2,2011-12-01 11:16:00,4.25,13263,United Kingdom,False
557472,21749,LARGE RED RETROSPOT WINDMILL,48,2011-06-20 13:27:00,1.85,12432,Norway,False
550986,22264,FELT FARM ANIMAL WHITE BUNNY,3,2011-04-21 18:06:00,1.63,,United Kingdom,False
579103,21892,TRADITIONAL WOODEN CATCH CUP GAME,1,2011-11-28 11:39:00,1.25,18041,United Kingdom,False
572969,21494,ROTATING LEAVES T-LIGHT HOLDER,12,2011-10-27 10:46:00,1.25,13363,United Kingdom,False
573585,22866,HAND WARMER SCOTTY DOG DESIGN,4,2011-10-31 14:41:00,4.13,,United Kingdom,False
541421,22376,AIRLINE BAG VINTAGE JET SET WHITE,3,2011-01-17 17:44:00,4.13,,United Kingdom,False
572655,23170,REGENCY TEA PLATE ROSES,12,2011-10-25 12:20:00,1.65,16708,United Kingdom,False
561889,23049,RECYCLED ACAPULCO MAT RED,2,2011-07-31 13:37:00,8.25,15804,United Kingdom,False
550938,21497,FANCY FONTS BIRTHDAY WRAP,25,2011-04-21 15:16:00,0.42,16019,United Kingdom,False
578067,22026,BANQUET BIRTHDAY  CARD,2,2011-11-22 15:43:00,0.83,,United Kingdom,False
545830,22845,VINTAGE CREAM CAT FOOD CONTAINER,1,2011-03-07 13:10:00,6.35,17634,United Kingdom,False
553888,82580,BATHROOM METAL SIGN,24,2011-05-19 16:09:00,0.55,15201,United Kingdom,False
579555,84836,ZINC METAL HEART DECORATION,1,2011-11-30 11:08:00,1.25,16241,United Kingdom,False
537638,21481,FAWN BLUE HOT WATER BOTTLE,3,2010-12-07 15:28:00,5.91,,United Kingdom,False
545475,22029,SPACEBOY BIRTHDAY CARD,72,2011-03-03 10:59:00,0.36,12415,Australia,False
555278,16207A,PINK STRAWBERRY HANDBAG,1,2011-06-01 17:33:00,2.46,,United Kingdom,False
565303,22543,MINI JIGSAW BAKE A CAKE,2,2011-09-02 12:17:00,0.42,,Unspecified,False
575490,22816,CARD MOTORBIKE SANTA,12,2011-11-09 17:44:00,0.42,15031,United Kingdom,False
561651,90209C,PINK ENAMEL+GLASS HAIR COMB,1,2011-07-28 15:36:00,2.07,,United Kingdom,False
567653,22668,PINK BABY BUNTING,5,2011-09-21 14:35:00,2.95,12550,Spain,False
576841,21591,COSY HOUR CIGAR BOX MATCHES,3,2011-11-16 15:26:00,1.25,17368,United Kingdom,False
538008,21123,SET/10 IVORY POLKADOT PARTY CANDLES,24,2010-12-09 12:17:00,1.25,12683,France,False
540566,22441,GROW YOUR OWN BASIL IN ENAMEL MUG,2,2011-01-10 10:58:00,2.1,17811,United Kingdom,False
543351,22681,FRENCH BLUE METAL DOOR SIGN 6,10,2011-02-07 13:18:00,1.25,15407,United Kingdom,False
566875,23209,LUNCH BAG VINTAGE DOILY,10,2011-09-15 13:43:00,1.65,17669,United Kingdom,False
563024,23041,PAPER LANTERN 6 POINT SNOW STAR,4,2011-08-11 13:41:00,4.15,14639,United Kingdom,False
580367,23050,RECYCLED ACAPULCO MAT GREEN,1,2011-12-02 16:39:00,16.63,,United Kingdom,False
563920,22681,FRENCH BLUE METAL DOOR SIGN 6,3,2011-08-21 14:00:00,1.25,16407,United Kingdom,False
548612,21212,PACK OF 72 RETROSPOT CAKE CASES,1,2011-04-01 11:34:00,0.55,13137,United Kingdom,False
570333,23103,JINGLE BELL HEART DECORATION,2,2011-10-10 12:19:00,1.65,18126,United Kingdom,False
556280,21179,NO JUNK MAIL METAL SIGN,6,2011-06-09 20:03:00,1.25,14584,United Kingdom,False
572553,21383,PACK OF 12 STICKY BUNNIES,1,2011-10-24 17:09:00,1.25,,United Kingdom,False
569555,23029,DRAWER KNOB CRACKLE GLAZE GREEN,6,2011-10-05 08:17:00,1.65,17728,United Kingdom,False
575855,21624,VINTAGE UNION JACK DOORSTOP,1,2011-11-11 12:24:00,5.95,14527,United Kingdom,False
569898,82552,WASHROOM METAL SIGN,2,2011-10-06 16:08:00,2.46,,United Kingdom,False
569231,21034,REX CASH+CARRY JUMBO SHOPPER,1,2011-10-02 15:18:00,0.95,13379,United Kingdom,False
571937,22232,JIGSAW TOADSTOOLS 3 PIECE,16,2011-10-20 09:28:00,0.59,14911,EIRE,False
578998,22551,PLASTERS IN TIN SPACEBOY,3,2011-11-27 16:05:00,1.65,15436,United Kingdom,False
574348,22865,HAND WARMER OWL DESIGN,36,2011-11-04 10:28:00,2.1,13756,United Kingdom,False
571441,22809,SET OF 6 T-LIGHTS SANTA,1,2011-10-17 13:31:00,5.79,14096,United Kingdom,False
542728,21232,STRAWBERRY CERAMIC TRINKET BOX,72,2011-01-31 15:11:00,1.06,14006,United Kingdom,False
563353,22818,CARD CHRISTMAS VILLAGE,12,2011-08-15 14:32:00,0.42,15480,Malta,False
540469,21485,RETROSPOT HEART HOT WATER BOTTLE,2,2011-01-07 14:04:00,4.95,12484,Spain,False
549561,21034,REX CASH+CARRY JUMBO SHOPPER,2,2011-04-10 13:36:00,0.95,13570,United Kingdom,False
573338,22113,GREY HEART HOT WATER BOTTLE,1,2011-10-30 11:47:00,4.25,14546,United Kingdom,False
572552,23131,MISTLETOE HEART WREATH CREAM,1,2011-10-24 17:07:00,8.29,14096,United Kingdom,False
566001,22563,HAPPY STENCIL CRAFT,3,2011-09-08 11:53:00,1.25,13700,United Kingdom,False
546376,84879,ASSORTED COLOUR BIRD ORNAMENT,8,2011-03-11 12:11:00,1.69,13842,United Kingdom,False
566042,22670,FRENCH WC SIGN BLUE METAL,1,2011-09-08 13:53:00,1.25,17811,United Kingdom,False
544684,16236,KITTY PENCIL ERASERS,8,2011-02-22 16:32:00,0.42,,United Kingdom,False
540551,22161,HEART DECORATION RUSTIC HANGING,1,2011-01-10 09:43:00,0.81,,United Kingdom,False
579508,23435,3 RAFFIA RIBBONS VINTAGE CHRISTMAS,8,2011-11-29 16:33:00,0.83,,United Kingdom,False
543826,21888,BINGO SET,2,2011-02-14 09:41:00,7.46,,United Kingdom,False
569215,22355,CHARLOTTE BAG SUKI DESIGN,6,2011-10-02 12:30:00,0.85,13571,United Kingdom,False
552239,23049,RECYCLED ACAPULCO MAT RED,1,2011-05-06 16:54:00,8.25,14056,United Kingdom,False
569700,85087,CANDY SPOT CUSHION COVER,1,2011-10-05 15:56:00,3.29,,United Kingdom,False
538104,22174,PHOTO CUBE,6,2010-12-09 15:16:00,1.65,17950,United Kingdom,False
577127,22867,HAND WARMER BIRD DESIGN,12,2011-11-17 19:27:00,2.1,16871,United Kingdom,False
538652,21684,SMALL MEDINA STAMPED METAL BOWL,12,2010-12-13 15:12:00,0.85,17890,United Kingdom,False
557112,22061,LARGE CAKE STAND  HANGING STRAWBERY,1,2011-06-16 16:31:00,20.79,,United Kingdom,False
571105,22544,MINI JIGSAW SPACEBOY,3,2011-10-13 16:01:00,0.42,17614,United Kingdom,False
559609,21210,SET OF 72 RETROSPOT PAPER  DOILIES,12,2011-07-11 11:51:00,1.45,13754,United Kingdom,False
573066,22546,MINI JIGSAW PURDEY,13,2011-10-27 13:53:00,0.42,16026,United Kingdom,False
578678,20982,12 PENCILS TALL TUBE SKULLS,2,2011-11-24 19:59:00,0.85,17841,United Kingdom,False
561631,22189,CREAM HEART CARD HOLDER,4,2011-07-28 14:27:00,3.95,14911,EIRE,False
536993,20828,GLITTER BUTTERFLY CLIPS,1,2010-12-03 15:19:00,2.55,14396,United Kingdom,False
570249,22077,6 RIBBONS RUSTIC CHARM,12,2011-10-10 08:58:00,1.95,17509,United Kingdom,False
558904,21731,RED TOADSTOOL LED NIGHT LIGHT,1,2011-07-04 16:18:00,3.29,,United Kingdom,False
539421,22423,REGENCY CAKESTAND 3 TIER,4,2010-12-17 14:21:00,12.75,14016,EIRE,False
540506,22728,ALARM CLOCK BAKELIKE PINK,2,2011-01-09 11:12:00,3.75,17796,United Kingdom,False
543309,21232,STRAWBERRY CERAMIC TRINKET BOX,4,2011-02-07 12:05:00,1.25,18118,United Kingdom,False
565224,22383,LUNCH BAG SUKI DESIGN,3,2011-09-01 19:11:00,1.65,14713,United Kingdom,False
565767,23168,CLASSIC CAFE SUGAR DISPENSER,4,2011-09-06 14:28:00,3.29,,United Kingdom,False
566603,21915,RED  HARMONICA IN BOX,1,2011-09-13 16:12:00,2.46,,United Kingdom,False
578270,23056,FLOWERS CHANDELIER T-LIGHT HOLDER,1,2011-11-23 13:39:00,12.46,14096,United Kingdom,False
553546,48138,DOORMAT UNION FLAG,10,2011-05-17 15:42:00,6.75,12415,Australia,False
541849,22212,FOUR HOOK  WHITE LOVEBIRDS,1,2011-01-23 13:34:00,2.1,13230,United Kingdom,False
561646,22174,PHOTO CUBE,24,2011-07-28 15:19:00,1.65,16029,United Kingdom,False
557644,21504,SKULLS GREETING CARD,1,2011-06-21 17:06:00,0.83,,United Kingdom,False
577358,84692,BOX OF 24 COCKTAIL PARASOLS,5,2011-11-18 15:59:00,0.83,,United Kingdom,False
561893,21034,REX CASH+CARRY JUMBO SHOPPER,1,2011-07-31 14:39:00,0.95,12942,United Kingdom,False
553385,23163,REGENCY SUGAR TONGS,1,2011-05-16 15:53:00,2.49,16710,United Kingdom,False
559692,22561,WOODEN SCHOOL COLOURING SET,2,2011-07-11 15:52:00,1.65,,United Kingdom,False
581021,22989,SET 2 PANTRY DESIGN TEA TOWELS,6,2011-12-07 10:24:00,3.25,14769,United Kingdom,False
555941,21207,SKULL AND CROSSBONES  GARLAND,12,2011-06-08 10:10:00,1.65,12726,France,False
580676,22474,SPACEBOY TV DINNER TRAY,1,2011-12-05 14:39:00,1.95,17817,United Kingdom,False
580029,23181,BULL DOG BOTTLE TOP WALL CLOCK,8,2011-12-01 12:13:00,7.5,15380,United Kingdom,False
542255,84978,HANGING HEART JAR T-LIGHT HOLDER,14,2011-01-26 16:43:00,2.46,,United Kingdom,False
562106,21677,HEARTS  STICKERS,6,2011-08-02 15:19:00,0.85,14076,United Kingdom,False
550155,82482,WOODEN PICTURE FRAME WHITE FINISH,6,2011-04-14 14:54:00,2.55,14198,United Kingdom,False
568369,22632,HAND WARMER RED RETROSPOT,2,2011-09-26 16:15:00,2.1,16710,United Kingdom,False
544449,22720,SET OF 3 CAKE TINS PANTRY DESIGN,2,2011-02-20 12:14:00,4.95,16115,United Kingdom,False
553942,82486,WOOD S/3 CABINET ANT WHITE FINISH,4,2011-05-20 10:37:00,8.95,18055,United Kingdom,False
555931,22149,FELTCRAFT 6 FLOWER FRIENDS,6,2011-06-08 08:31:00,2.1,17828,Malta,False
547906,82567,"AIRLINE LOUNGE,METAL SIGN",1,2011-03-28 12:13:00,2.1,14410,United Kingdom,False
579159,23352,ROLL WRAP 50'S RED CHRISTMAS,12,2011-11-28 13:53:00,1.25,13196,United Kingdom,False
549568,20723,STRAWBERRY CHARLOTTE BAG,6,2011-04-10 15:09:00,0.85,15665,United Kingdom,False
570679,22271,FELTCRAFT DOLL ROSIE,6,2011-10-11 15:26:00,2.95,17769,United Kingdom,False
553921,20914,SET/5 RED RETROSPOT LID GLASS BOWLS,12,2011-05-20 09:08:00,2.95,13376,United Kingdom,False
574740,35599D,PINK AND WHITE CHRISTMAS TREE 120CM,24,2011-11-06 16:07:00,1.95,12357,Switzerland,False
552857,90214D,"LETTER ""D"" BLING KEY RING",1,2011-05-11 15:34:00,0.83,,United Kingdom,False
561098,22423,REGENCY CAKESTAND 3 TIER,1,2011-07-25 10:56:00,12.75,14194,United Kingdom,False
576852,22079,RIBBON REEL HEARTS DESIGN,5,2011-11-16 15:45:00,1.65,16809,United Kingdom,False
580729,84509C,SET OF 4 POLKADOT PLACEMATS,2,2011-12-05 17:24:00,7.46,,United Kingdom,False
570036,22621,TRADITIONAL KNITTING NANCY,12,2011-10-07 10:50:00,1.65,16358,United Kingdom,False
555249,85123A,WHITE HANGING HEART T-LIGHT HOLDER,3,2011-06-01 14:57:00,2.95,17472,United Kingdom,False
559289,21328,BALLOONS  WRITING SET,1,2011-07-07 12:22:00,1.65,15719,United Kingdom,False
578521,23333,IVORY WICKER HEART MEDIUM,1,2011-11-24 14:06:00,1.25,17812,United Kingdom,False
562104,22081,RIBBON REEL FLORA + FAUNA,1,2011-08-02 14:31:00,3.29,,United Kingdom,False
563566,21935,SUKI  SHOULDER BAG,10,2011-08-17 14:25:00,1.65,13655,United Kingdom,False
541969,21829,DINOSAUR KEYRINGS ASSORTED,1,2011-01-24 13:46:00,0.42,,United Kingdom,False
556671,22754,SMALL RED BABUSHKA NOTEBOOK,1,2011-06-13 16:33:00,0.85,17841,United Kingdom,False
578344,21064,BOOM BOX SPEAKER BOYS,2,2011-11-24 09:21:00,4.13,,United Kingdom,False
540238,22074,6 RIBBONS SHIMMERING PINKS,1,2011-01-05 14:44:00,0.85,,United Kingdom,False
575607,23056,FLOWERS CHANDELIER T-LIGHT HOLDER,1,2011-11-10 12:37:00,12.46,14096,United Kingdom,False
558904,21581,SKULLS  DESIGN  COTTON TOTE BAG,5,2011-07-04 16:18:00,1.63,,United Kingdom,False
538507,22796,PHOTO FRAME 3 CLASSIC HANGING,2,2010-12-12 13:26:00,9.95,15547,United Kingdom,False
545719,21166,COOK WITH WINE METAL SIGN,12,2011-03-07 10:28:00,2.08,13344,United Kingdom,False
562044,22091,EMPIRE TISSUE BOX,36,2011-08-02 10:24:00,0.39,16607,United Kingdom,False
574722,21915,RED  HARMONICA IN BOX,1,2011-11-06 14:45:00,1.25,14502,United Kingdom,False
546689,72807C,SET/3 VANILLA SCENTED CANDLE IN BOX,8,2011-03-16 10:24:00,4.25,16985,United Kingdom,False
570690,84596G,SMALL CHOCOLATES PINK BOWL,1,2011-10-11 16:37:00,0.83,,United Kingdom,False
580504,23575,SNACK TRAY PAISLEY PARK,1,2011-12-04 13:32:00,1.95,17936,United Kingdom,False
551546,22554,PLASTERS IN TIN WOODLAND ANIMALS,12,2011-05-03 09:34:00,1.65,18062,United Kingdom,False
572897,23404,HOME SWEET HOME BLACKBOARD,2,2011-10-26 14:42:00,10.79,,United Kingdom,False
559298,23264,SET OF 3 WOODEN SLEIGH DECORATIONS,12,2011-07-07 12:38:00,1.25,12471,Germany,False
547097,22149,FELTCRAFT 6 FLOWER FRIENDS,6,2011-03-21 09:33:00,2.1,13021,United Kingdom,False
568801,23201,JUMBO BAG ALPHABET,10,2011-09-29 10:46:00,2.08,14475,United Kingdom,False
548373,22621,TRADITIONAL KNITTING NANCY,1,2011-03-30 16:34:00,3.29,,United Kingdom,False
572897,22666,RECIPE BOX PANTRY YELLOW DESIGN,2,2011-10-26 14:42:00,5.79,,United Kingdom,False
580115,22617,BAKING SET SPACEBOY DESIGN,2,2011-12-01 16:22:00,10.79,,United Kingdom,False
564635,21929,JUMBO BAG PINK VINTAGE PAISLEY,10,2011-08-26 12:41:00,2.08,15615,United Kingdom,False
570195,22575,METAL MERRY CHRISTMAS WREATH,8,2011-10-07 15:38:00,1.95,14825,United Kingdom,False
562024,21166,COOK WITH WINE METAL SIGN,1,2011-08-01 16:07:00,4.13,,United Kingdom,False
564565,23245,SET OF 3 REGENCY CAKE TINS,8,2011-08-26 10:50:00,4.95,14911,EIRE,False
564716,82482,WOODEN PICTURE FRAME WHITE FINISH,6,2011-08-28 11:02:00,2.55,14810,United Kingdom,False
579183,85123A,WHITE HANGING HEART T-LIGHT HOLDER,64,2011-11-28 15:16:00,2.55,15621,United Kingdom,False
574676,21169,YOU'RE CONFUSING ME METAL SIGN,1,2011-11-06 12:32:00,1.69,16243,United Kingdom,False
538862,22630,DOLLY GIRL LUNCH BOX,1,2010-12-14 14:11:00,1.95,16710,United Kingdom,False
558774,90170,DAISY HAIR BAND,1,2011-07-04 10:17:00,1.65,,United Kingdom,False
C567198,21530,DAIRY MAID TOASTRACK,-1,2011-09-19 10:11:00,0.79,14159,United Kingdom,True
560772,23171,REGENCY TEA PLATE GREEN,4,2011-07-20 16:12:00,3.29,,United Kingdom,False
566033,22907,PACK OF 20 NAPKINS PANTRY DESIGN,2,2011-09-08 13:07:00,0.85,16031,United Kingdom,False
549557,20754,RETROSPOT RED WASHING UP GLOVES,4,2011-04-10 12:59:00,2.1,14450,United Kingdom,False
551995,22161,HEART DECORATION RUSTIC HANGING,1,2011-05-05 15:42:00,0.79,,United Kingdom,False
554974,23171,REGENCY TEA PLATE GREEN,12,2011-05-27 17:14:00,1.65,14031,United Kingdom,False
575305,22603,CHRISTMAS RETROSPOT TREE WOOD,12,2011-11-09 12:45:00,0.85,14188,United Kingdom,False
554071,47566B,TEA TIME PARTY BUNTING,50,2011-05-22 11:17:00,4.15,13113,United Kingdom,False
560209,22538,MINI JIGSAW GO TO THE FAIR,2,2011-07-15 14:05:00,0.42,15004,United Kingdom,False
537823,22428,ENAMEL FIRE BUCKET CREAM,1,2010-12-08 14:25:00,14.43,,United Kingdom,False
538071,20724,RED RETROSPOT CHARLOTTE BAG,1,2010-12-09 14:09:00,1.66,,United Kingdom,False
560188,23316,RED REFECTORY CLOCK,2,2011-07-15 12:10:00,9.95,18229,United Kingdom,False
C575035,22197,POPCORN HOLDER,-1,2011-11-08 11:38:00,0.85,15005,United Kingdom,True
548978,22720,SET OF 3 CAKE TINS PANTRY DESIGN,6,2011-04-05 12:08:00,4.95,15727,United Kingdom,False
536865,21174,POTTERING IN THE SHED METAL SIGN,1,2010-12-03 11:28:00,4.21,,United Kingdom,False
553676,85175,CACTI T-LIGHT CANDLES,256,2011-05-18 12:57:00,0.36,16553,United Kingdom,False
536592,84536B,FAIRY CAKES NOTEBOOK A7 SIZE,1,2010-12-01 17:06:00,0.85,,United Kingdom,False
573762,23581,JUMBO BAG PAISLEY PARK,10,2011-11-01 09:56:00,2.08,13758,United Kingdom,False
546008,22684,FRENCH BLUE METAL DOOR SIGN 9,1,2011-03-08 15:43:00,2.46,,United Kingdom,False
540365,21936,RED RETROSPOT PICNIC BAG,5,2011-01-06 16:12:00,2.95,12413,France,False
567915,16161P,WRAP ENGLISH ROSE,25,2011-09-22 17:15:00,0.42,12579,France,False
570672,22945,CHRISTMAS METAL TAGS ASSORTED,12,2011-10-11 14:52:00,0.85,12536,France,False
579777,23301,GARDENERS KNEELING PAD KEEP CALM,7,2011-11-30 15:13:00,3.29,,United Kingdom,False
576875,85099B,JUMBO BAG RED RETROSPOT,10,2011-11-16 16:32:00,2.08,15805,United Kingdom,False
573405,23331,DECORATIVE WICKER HEART SMALL,3,2011-10-30 15:55:00,0.63,13822,United Kingdom,False
547092,22147,FELTCRAFT BUTTERFLY HEARTS,12,2011-03-21 08:18:00,1.45,16619,United Kingdom,False
565366,23203,JUMBO BAG VINTAGE DOILY,10,2011-09-02 14:56:00,2.08,17091,United Kingdom,False
550298,47421,ASSORTED COLOUR LIZARD SUCTION HOOK,1,2011-04-15 16:11:00,0.42,17346,United Kingdom,False
578534,22910,PAPER CHAIN KIT VINTAGE CHRISTMAS,2,2011-11-24 14:51:00,2.95,15725,United Kingdom,False
540468,21200,MULTICOLOUR HONEYCOMB PAPER GARLAND,2,2011-01-07 13:55:00,1.66,,United Kingdom,False
537773,22627,MINT KITCHEN SCALES,1,2010-12-08 12:36:00,8.5,16016,United Kingdom,False
571284,21154,RED RETROSPOT OVEN GLOVE,5,2011-10-16 14:07:00,1.25,14562,United Kingdom,False
571456,21172,PARTY METAL SIGN,2,2011-10-17 13:57:00,1.45,16729,United Kingdom,False
568576,22197,POPCORN HOLDER,100,2011-09-28 09:40:00,0.72,17017,United Kingdom,False
563018,23326,HANGING MINI COLOURED BOTTLES,48,2011-08-11 12:53:00,0.63,13427,United Kingdom,False
552285,23256,CHILDRENS CUTLERY SPACEBOY,1,2011-05-08 12:58:00,4.15,14684,United Kingdom,False
578009,20982,12 PENCILS TALL TUBE SKULLS,3,2011-11-22 12:48:00,0.85,14467,United Kingdom,False
569700,85231B,CINAMMON SET OF 9 T-LIGHTS,1,2011-10-05 15:56:00,1.63,,United Kingdom,False
576830,84879,ASSORTED COLOUR BIRD ORNAMENT,24,2011-11-16 14:54:00,1.69,14898,United Kingdom,False
C561227,84978,HANGING HEART JAR T-LIGHT HOLDER,-36,2011-07-26 10:15:00,1.06,12431,Australia,True
537897,22752,SET 7 BABUSHKA NESTING BOXES,2,2010-12-09 10:37:00,8.5,12683,France,False
580115,23113,PANTRY CHOPPING BOARD,1,2011-12-01 16:22:00,10.79,,United Kingdom,False
547785,21868,POTTING SHED TEA MUG,12,2011-03-25 11:41:00,1.25,13097,United Kingdom,False
575742,22748,POPPY'S PLAYHOUSE KITCHEN,12,2011-11-11 09:46:00,2.1,14309,United Kingdom,False
567673,22668,PINK BABY BUNTING,3,2011-09-21 15:43:00,5.79,,United Kingdom,False
544468,22169,FAMILY ALBUM WHITE PICTURE FRAME,2,2011-02-21 08:33:00,8.5,,EIRE,False
536569,22641,SET OF 4 NAPKIN CHARMS INSTRUMENT,2,2010-12-01 15:35:00,2.55,16274,United Kingdom,False
566420,23254,CHILDRENS CUTLERY DOLLY GIRL,3,2011-09-12 13:50:00,4.15,16360,United Kingdom,False
558888,23207,LUNCH BAG ALPHABET DESIGN,6,2011-07-04 15:29:00,1.65,14056,United Kingdom,False
581023,23197,SKETCHBOOK MAGNETIC SHOPPING LIST,1,2011-12-07 10:35:00,3.29,,United Kingdom,False
542648,21484,CHICK GREY HOT WATER BOTTLE,4,2011-01-31 11:46:00,3.45,12476,Germany,False
542125,22799,SWEETHEART WIRE FRUIT BOWL,2,2011-01-25 14:47:00,8.5,16497,United Kingdom,False
553000,23107,WHITE WIRE PLANT POT HOLDER,8,2011-05-12 15:21:00,2.89,17667,United Kingdom,False
566721,23340,VINTAGE CHRISTMAS CAKE FRILL,12,2011-09-14 12:50:00,1.65,12921,United Kingdom,False
555201,21640,ASSORTED TUTTI FRUTTI  FOB NOTEBOOK,24,2011-06-01 12:10:00,0.85,16969,United Kingdom,False
543398,84406B,CREAM CUPID HEARTS COAT HANGER,4,2011-02-08 10:47:00,4.15,16458,United Kingdom,False
554151,11001,ASSTD DESIGN RACING CAR PEN,16,2011-05-23 11:07:00,1.69,14049,United Kingdom,False
543274,79163,BLACK CHAMPAGNE GLASS,4,2011-02-06 12:48:00,1.65,17392,United Kingdom,False
560504,23297,SET 40 HEART SHAPE PETIT FOUR CASES,16,2011-07-19 11:47:00,1.65,13081,United Kingdom,False
556237,23284,DOORMAT KEEP CALM AND COME IN,1,2011-06-09 15:34:00,16.63,,United Kingdom,False
545148,85152,HAND OVER THE CHOCOLATE   SIGN,12,2011-02-28 12:14:00,2.1,13675,United Kingdom,False
552313,23053,RECYCLED ACAPULCO MAT PINK,2,2011-05-08 16:03:00,8.25,13139,United Kingdom,False
573020,22693,GROW A FLYTRAP OR SUNFLOWER IN TIN,24,2011-10-27 12:37:00,1.25,14842,United Kingdom,False
543713,22729,ALARM CLOCK BAKELIKE ORANGE,1,2011-02-11 11:46:00,8.29,,United Kingdom,False
575735,71477,COLOUR GLASS. STAR T-LIGHT HOLDER,12,2011-11-11 08:46:00,3.95,14156,EIRE,False
573008,22935,BAKING MOULD ROSE MILK CHOCOLATE,2,2011-10-27 12:26:00,2.75,12901,United Kingdom,False
560434,82567,"AIRLINE LOUNGE,METAL SIGN",1,2011-07-18 15:56:00,1.63,,United Kingdom,False
579161,23103,JINGLE BELL HEART DECORATION,3,2011-11-28 13:56:00,1.65,17379,United Kingdom,False
548148,21439,BASKET OF TOADSTOOLS,1,2011-03-29 12:31:00,1.25,17931,United Kingdom,False
543530,22870,NUMBER TILE COTTAGE GARDEN 2,1,2011-02-09 12:46:00,4.13,,United Kingdom,False
570258,84032A,CHARLIE+LOLA PINK HOT WATER BOTTLE,2,2011-10-10 09:56:00,5.79,,United Kingdom,False
562024,21200,MULTICOLOUR HONEYCOMB PAPER GARLAND,4,2011-08-01 16:07:00,3.29,,United Kingdom,False
549690,21686,MEDINA STAMPED METAL STOOL,1,2011-04-11 13:41:00,39.95,17841,United Kingdom,False
572997,22735,RIBBON REEL SOCKS AND MITTENS,10,2011-10-27 11:24:00,1.65,17878,United Kingdom,False
571257,23301,GARDENERS KNEELING PAD KEEP CALM,2,2011-10-14 17:17:00,3.29,,United Kingdom,False
549155,21198,WHITE HEART CONFETTI IN TUBE,2,2011-04-06 17:08:00,3.29,,United Kingdom,False
564646,22732,3D VINTAGE CHRISTMAS STICKERS,3,2011-08-26 13:39:00,1.63,,United Kingdom,False
C552049,22926,IVORY GIANT GARDEN THERMOMETER,-4,2011-05-06 10:00:00,5.95,17548,United Kingdom,True
562553,21035,SET/2 RED RETROSPOT TEA TOWELS,2,2011-08-05 16:34:00,6.63,,United Kingdom,False
573415,23434,3 RAFFIA RIBBONS 50'S CHRISTMAS,20,2011-10-30 16:17:00,0.79,13607,United Kingdom,False
549999,22840,ROUND CAKE TIN VINTAGE RED,2,2011-04-14 09:09:00,7.95,15813,United Kingdom,False
536522,22739,RIBBON REEL CHRISTMAS SOCK BAUBLE,5,2010-12-01 12:49:00,1.65,15012,United Kingdom,False
580983,22699,ROSES REGENCY TEACUP AND SAUCER,1,2011-12-06 16:26:00,5.79,,United Kingdom,False
552453,20728,LUNCH BAG CARS BLUE,20,2011-05-09 14:10:00,1.65,12840,United Kingdom,False
537850,22564,ALPHABET STENCIL CRAFT,12,2010-12-08 15:38:00,1.25,16722,United Kingdom,False
568234,22727,ALARM CLOCK BAKELIKE RED,4,2011-09-26 11:38:00,3.75,17705,United Kingdom,False
547223,20719,WOODLAND CHARLOTTE BAG,3,2011-03-21 15:10:00,0.85,12867,United Kingdom,False
558105,21558,SKULL LUNCH BOX WITH CUTLERY,1,2011-06-26 14:54:00,2.55,15644,United Kingdom,False
543975,21713,CITRONELLA CANDLE FLOWERPOT,1,2011-02-14 15:23:00,2.1,17231,United Kingdom,False
545568,21981,PACK OF 12 WOODLAND TISSUES,2,2011-03-03 16:22:00,0.83,,United Kingdom,False
541843,22505,MEMO BOARD COTTAGE DESIGN,3,2011-01-23 12:08:00,4.95,13659,United Kingdom,False
569144,23309,SET OF 60 I LOVE LONDON CAKE CASES,23,2011-09-30 15:14:00,0.55,17227,United Kingdom,False
561863,22723,SET OF 6 HERB TINS SKETCHBOOK,4,2011-07-31 10:40:00,3.95,17695,United Kingdom,False
542613,21977,PACK OF 60 PINK PAISLEY CAKE CASES,1,2011-01-30 14:36:00,0.55,17431,United Kingdom,False
571737,22413,METAL SIGN TAKE IT OR LEAVE IT,6,2011-10-19 10:31:00,2.95,14367,United Kingdom,False
575919,84945,MULTI COLOUR SILVER T-LIGHT HOLDER,192,2011-11-11 17:00:00,0.72,15311,United Kingdom,False
536409,21823,PAINTED METAL HEART WITH HOLLY BELL,3,2010-12-01 11:45:00,1.45,17908,United Kingdom,False
561195,22851,SET 20 NAPKINS FAIRY CAKES DESIGN,2,2011-07-25 13:57:00,0.85,14796,United Kingdom,False
551136,85059,FRENCH ENAMEL WATER BASIN,4,2011-04-26 13:05:00,3.75,15301,United Kingdom,False
543467,84559B,3D SHEET OF CAT STICKERS,1,2011-02-08 14:35:00,1.66,,United Kingdom,False
574076,21356,TOAST ITS - FAIRY FLOWER,4,2011-11-02 15:38:00,0.83,,United Kingdom,False
541604,22753,SMALL YELLOW BABUSHKA NOTEBOOK,2,2011-01-19 17:23:00,0.85,14572,United Kingdom,False
559138,21523,DOORMAT FANCY FONT HOME SWEET HOME,1,2011-07-06 13:35:00,7.95,16919,United Kingdom,False
546739,22411,JUMBO SHOPPER VINTAGE RED PAISLEY,100,2011-03-16 12:12:00,1.65,17511,United Kingdom,False
546422,15056N,EDWARDIAN PARASOL NATURAL,4,2011-03-13 11:38:00,5.95,15547,United Kingdom,False
542303,22312,OFFICE MUG WARMER POLKADOT,6,2011-01-27 11:05:00,2.95,12539,Spain,False
576213,23295,SET OF 12 MINI LOAF BAKING CASES,1,2011-11-14 12:47:00,0.83,18117,United Kingdom,False
568066,23493,VINTAGE DOILY TRAVEL SEWING KIT,1,2011-09-23 13:48:00,1.95,14529,United Kingdom,False
561295,22467,GUMBALL COAT RACK,36,2011-07-26 12:28:00,2.1,15311,United Kingdom,False
568081,84663A,,-9,2011-09-23 14:36:00,0.0,,United Kingdom,False
580367,22196,SMALL HEART MEASURING SPOONS,2,2011-12-02 16:39:00,1.63,,United Kingdom,False
567170,23198,PANTRY MAGNETIC  SHOPPING LIST,2,2011-09-18 12:40:00,1.45,13566,United Kingdom,False
569845,23398,HANGING HEART BONHEUR,12,2011-10-06 13:41:00,0.85,14819,United Kingdom,False
541123,21508,VINTAGE KID DOLLY CARD,24,2011-01-14 09:52:00,0.42,13385,United Kingdom,False
573137,23564,EGG CUP MILKMAID INGRID,3,2011-10-27 17:15:00,2.46,,United Kingdom,False
568101,22795,SWEETHEART RECIPE BOOK STAND,4,2011-09-23 15:21:00,6.75,15978,United Kingdom,False
553653,23284,DOORMAT KEEP CALM AND COME IN,10,2011-05-18 11:08:00,6.75,16701,United Kingdom,False
556728,22919,HERB MARKER MINT,1,2011-06-14 11:36:00,0.65,15719,United Kingdom,False
560434,21509,COWBOYS AND INDIANS BIRTHDAY CARD,2,2011-07-18 15:56:00,0.83,,United Kingdom,False
571714,23534,WALL ART STOP FOR TEA,1,2011-10-18 17:00:00,12.46,,United Kingdom,False
544777,21110,LARGE CAKE TOWEL PINK SPOTS,1,2011-02-23 12:00:00,6.75,15311,United Kingdom,False
571505,85111,SILVER GLITTER FLOWER VOTIVE HOLDER,12,2011-10-17 15:19:00,0.29,17244,United Kingdom,False
570102,22080,RIBBON REEL POLKADOTS,10,2011-10-07 12:17:00,1.65,16455,United Kingdom,False
541570,22505,MEMO BOARD COTTAGE DESIGN,48,2011-01-19 12:34:00,4.25,14646,Netherlands,False
577690,22952,60 CAKE CASES VINTAGE CHRISTMAS,2,2011-11-21 11:34:00,0.55,12856,United Kingdom,False
578746,22725,ALARM CLOCK BAKELIKE CHOCOLATE,4,2011-11-25 11:36:00,8.29,,United Kingdom,False
539259,22154,ANGEL DECORATION 3 BUTTONS,48,2010-12-16 14:32:00,0.42,13050,United Kingdom,False
575317,22619,SET OF 6 SOLDIER SKITTLES,80,2011-11-09 13:12:00,3.39,17402,United Kingdom,False
571178,22085,PAPER CHAIN KIT SKULLS,10,2011-10-14 10:38:00,2.95,14089,United Kingdom,False
546778,21163,DO NOT TOUCH MY STUFF DOOR HANGER,2,2011-03-16 16:38:00,1.45,14572,United Kingdom,False
556768,23080,RED METAL BOX TOP SECRET,4,2011-06-14 12:21:00,8.25,17243,United Kingdom,False
561066,22900,SET 2 TEA TOWELS I LOVE LONDON,2,2011-07-24 14:21:00,3.25,16710,United Kingdom,False
564758,21791,VINTAGE HEADS AND TAILS CARD GAME,1,2011-08-30 10:39:00,2.46,,United Kingdom,False
551014,20726,LUNCH BAG WOODLAND,10,2011-04-26 11:04:00,1.65,13209,United Kingdom,False
550817,21386,IVORY HANGING DECORATION  EGG,6,2011-04-20 17:00:00,0.85,17946,United Kingdom,False
559876,22557,PLASTERS IN TIN VINTAGE PAISLEY,2,2011-07-13 11:09:00,1.65,15752,United Kingdom,False
555546,21930,JUMBO STORAGE BAG SKULLS,10,2011-06-05 13:09:00,2.08,17735,United Kingdom,False
577078,23247,BISCUIT TIN 50'S CHRISTMAS,1,2011-11-17 15:17:00,5.79,,United Kingdom,False
C565379,85099B,JUMBO BAG RED RETROSPOT,-1,2011-09-02 15:17:00,2.08,14415,United Kingdom,True
543272,82482,WOODEN PICTURE FRAME WHITE FINISH,2,2011-02-06 11:11:00,2.55,14810,United Kingdom,False
552654,20718,RED RETROSPOT SHOPPER BAG,1,2011-05-10 14:20:00,1.25,15756,United Kingdom,False
580673,21621,VINTAGE UNION JACK BUNTING,2,2011-12-05 14:30:00,8.5,13089,United Kingdom,False
565471,23293,SET OF 12 FAIRY CAKE BAKING CASES,12,2011-09-05 10:12:00,0.83,13931,United Kingdom,False
540821,85103,SILVER T-LIGHT SETTING,3,2011-01-11 13:16:00,5.91,,United Kingdom,False
552949,22853,CAT BOWL VINTAGE CREAM,5,2011-05-12 12:01:00,3.25,16033,United Kingdom,False
576077,20685,DOORMAT RED RETROSPOT,1,2011-11-13 16:22:00,8.25,16720,United Kingdom,False
575765,35971,ROSE FOLKART HEART DECORATIONS,24,2011-11-11 11:02:00,1.25,17730,United Kingdom,False
573387,21807,WHITE CHRISTMAS STAR DECORATION,3,2011-10-30 14:33:00,0.42,15054,United Kingdom,False
567482,84077,WORLD WAR 2 GLIDERS ASSTD DESIGNS,96,2011-09-20 13:42:00,0.29,16464,United Kingdom,False
580140,23089,GLASS BON BON JAR,24,2011-12-02 09:19:00,1.95,14895,United Kingdom,False
565643,23298,SPOTTY BUNTING,3,2011-09-05 15:56:00,4.95,13468,United Kingdom,False
569897,22955,36 FOIL STAR CAKE CASES,1,2011-10-06 16:01:00,2.1,17813,United Kingdom,False
540646,21012,ANTIQUE ALL GLASS CANDLESTICK,5,2011-01-10 14:32:00,2.51,,United Kingdom,False
563565,23241,TREASURE TIN GYMKHANA DESIGN,3,2011-08-17 14:22:00,2.08,17338,United Kingdom,False
563922,22733,3D TRADITIONAL CHRISTMAS STICKERS,1,2011-08-21 14:10:00,1.25,14529,United Kingdom,False
542057,22297,HEART IVORY TRELLIS SMALL,4,2011-01-25 11:57:00,1.25,15967,United Kingdom,False
537823,79067,CORONA MEXICAN TRAY,1,2010-12-08 14:25:00,8.47,,United Kingdom,False
569208,23393,HOME SWEET HOME CUSHION COVER,3,2011-10-02 11:10:00,3.75,16693,United Kingdom,False
556237,84997D,CHILDRENS CUTLERY POLKADOT PINK,1,2011-06-09 15:34:00,8.29,,United Kingdom,False
537354,22909,SET OF 20 VINTAGE CHRISTMAS NAPKINS,4,2010-12-06 12:23:00,0.85,12748,United Kingdom,False
557577,85071C,"CHARLIE+LOLA""EXTREMELY BUSY"" SIGN",1,2011-06-21 11:02:00,2.55,14606,United Kingdom,False
539434,21739,COSY SLIPPER SHOES SMALL GREEN,1,2010-12-17 14:41:00,5.91,,United Kingdom,False
548952,22926,IVORY GIANT GARDEN THERMOMETER,3,2011-04-05 10:46:00,5.95,15572,United Kingdom,False
541013,22505,MEMO BOARD COTTAGE DESIGN,4,2011-01-13 11:54:00,4.95,15694,United Kingdom,False
545057,22089,PAPER BUNTING VINTAGE PAISLEY,6,2011-02-27 12:49:00,2.95,13630,United Kingdom,False
579740,23489,VINTAGE BELLS GARLAND,1,2011-11-30 14:30:00,2.89,,United Kingdom,False
578153,21034,REX CASH+CARRY JUMBO SHOPPER,2,2011-11-23 11:22:00,0.95,12748,United Kingdom,False
573585,21197,MULTICOLOUR  CONFETTI IN TUBE,1,2011-10-31 14:41:00,1.63,,United Kingdom,False
539434,22837,HOT WATER BOTTLE BABUSHKA,1,2010-12-17 14:41:00,9.32,,United Kingdom,False
537409,22156,HEART DECORATION WITH PEARLS,24,2010-12-06 15:00:00,0.85,15194,United Kingdom,False
556495,84925D,LA PALMIERA WALL THERMOMETER,1,2011-06-12 15:14:00,2.55,18069,United Kingdom,False
541497,22988,SOLDIERS EGG CUP,4,2011-01-18 15:19:00,2.46,,United Kingdom,False
544075,22727,ALARM CLOCK BAKELIKE RED,50,2011-02-15 14:50:00,3.39,14156,EIRE,False
539471,84030E,ENGLISH ROSE HOT WATER BOTTLE,1,2010-12-19 14:16:00,4.25,17358,United Kingdom,False
555653,21439,BASKET OF TOADSTOOLS,4,2011-06-06 14:12:00,1.25,17673,United Kingdom,False
560937,22138,BAKING SET 9 PIECE RETROSPOT,1,2011-07-22 10:52:00,4.95,17920,United Kingdom,False
550289,22494,EMERGENCY FIRST AID TIN,12,2011-04-15 14:32:00,1.25,13880,United Kingdom,False
543660,22310,IVORY KNITTED MUG COSY,1,2011-02-11 10:40:00,3.29,,United Kingdom,False
573496,22753,SMALL YELLOW BABUSHKA NOTEBOOK,1,2011-10-31 11:59:00,0.85,17841,United Kingdom,False
556091,21931,JUMBO STORAGE BAG SUKI,6,2011-06-08 15:25:00,4.13,,United Kingdom,False
580153,22951,60 CAKE CASES DOLLY GIRL DESIGN,24,2011-12-02 10:23:00,0.55,12762,Portugal,False
540354,21231,SWEETHEART CERAMIC TRINKET BOX,12,2011-01-06 14:58:00,1.25,13576,United Kingdom,False
C548356,22467,GUMBALL COAT RACK,-9,2011-03-30 15:12:00,2.55,12472,Germany,True
537434,22952,60 CAKE CASES VINTAGE CHRISTMAS,6,2010-12-06 16:57:00,1.28,,United Kingdom,False
540532,22624,IVORY KITCHEN SCALES,2,2011-01-09 14:11:00,8.5,14702,United Kingdom,False
572653,20725,LUNCH BAG RED RETROSPOT,3,2011-10-25 12:12:00,1.65,15861,United Kingdom,False
551958,21243,PINK  POLKADOT PLATE,8,2011-05-05 12:37:00,1.69,13883,United Kingdom,False
537388,21888,BINGO SET,4,2010-12-06 13:35:00,3.75,17682,United Kingdom,False
566304,23272,TREE T-LIGHT HOLDER WILLIE WINKIE,12,2011-09-12 09:03:00,1.65,18158,United Kingdom,False
562809,21733,RED HANGING HEART T-LIGHT HOLDER,1,2011-08-09 15:12:00,2.95,16775,United Kingdom,False
544702,21625,VINTAGE UNION JACK APRON,3,2011-02-23 10:27:00,6.95,17135,United Kingdom,False
572738,23263,SET OF 3 WOODEN HEART DECORATIONS,12,2011-10-25 15:39:00,1.25,14234,United Kingdom,False
562779,21218,RED SPOTTY BISCUIT TIN,1,2011-08-09 12:58:00,3.75,17841,United Kingdom,False
550957,84991,60 TEATIME FAIRY CAKE CASES,2,2011-04-21 16:37:00,0.55,18283,United Kingdom,False
545571,84912B,GREEN ROSE WASHBAG,4,2011-03-03 16:34:00,3.75,17700,United Kingdom,False
580115,22776,SWEETHEART 3 TIER CAKE STAND,1,2011-12-01 16:22:00,19.96,,United Kingdom,False
557283,21725,SWEETIES  STICKERS,5,2011-06-19 12:26:00,0.85,16813,United Kingdom,False
568671,84978,HANGING HEART JAR T-LIGHT HOLDER,36,2011-09-28 13:13:00,1.06,13139,United Kingdom,False
572553,23611,SET 10 CARDS RED RIDING HOOD 17214,1,2011-10-24 17:09:00,2.49,,United Kingdom,False
575753,22309,TEA COSY RED  STRIPE,2,2011-11-11 10:41:00,2.55,17841,United Kingdom,False
551396,84879,ASSORTED COLOUR BIRD ORNAMENT,32,2011-04-28 12:49:00,1.69,17720,United Kingdom,False
540995,84030E,ENGLISH ROSE HOT WATER BOTTLE,1,2011-01-13 09:30:00,8.29,,United Kingdom,False
565971,85014A,BLACK/BLUE POLKADOT UMBRELLA,2,2011-09-08 11:27:00,5.95,13571,United Kingdom,False
548407,21984,PACK OF 12 PINK PAISLEY TISSUES,24,2011-03-31 10:07:00,0.29,16401,United Kingdom,False
550470,22569,FELTCRAFT CUSHION BUTTERFLY,1,2011-04-18 13:49:00,7.46,,United Kingdom,False
567678,22867,HAND WARMER BIRD DESIGN,12,2011-09-21 15:57:00,2.1,15399,United Kingdom,False
563638,22778,GLASS CLOCHE SMALL,48,2011-08-18 10:36:00,3.39,15311,United Kingdom,False
566446,23119,PACK OF 6 LARGE FRUIT STRAWS,2,2011-09-12 15:40:00,1.25,,United Kingdom,False
C543469,21896,POTTING SHED TWINE,-1,2011-02-08 14:55:00,1.85,12709,Germany,True
580746,22846,BREAD BIN DINER STYLE RED,1,2011-12-06 09:35:00,16.95,12584,Italy,False
563178,23029,DRAWER KNOB CRACKLE GLAZE GREEN,6,2011-08-12 14:12:00,1.65,16011,United Kingdom,False
552291,84997D,CHILDRENS CUTLERY POLKADOT PINK,4,2011-05-08 14:00:00,4.15,15421,United Kingdom,False
562445,23013,GLASS APOTHECARY BOTTLE TONIC,4,2011-08-04 18:51:00,3.95,12417,Belgium,False
545050,22832,BROCANTE SHELF WITH HOOKS,2,2011-02-27 11:57:00,10.75,15951,United Kingdom,False
537641,21249,WOODLAND  HEIGHT CHART STICKERS,1,2010-12-07 15:32:00,5.91,,United Kingdom,False
558057,21121,SET/10 RED POLKADOT PARTY CANDLES,24,2011-06-24 14:57:00,1.25,15665,United Kingdom,False
548522,21811,HANGING HEART WITH BELL,1,2011-03-31 16:43:00,2.46,,United Kingdom,False
578995,22116,METAL SIGN HIS DINNER IS SERVED,2,2011-11-27 15:59:00,0.79,15861,United Kingdom,False
548711,20754,RETROSPOT RED WASHING UP GLOVES,1,2011-04-03 14:24:00,2.1,18116,United Kingdom,False
556879,85178,VICTORIAN SEWING KIT,1,2011-06-15 12:07:00,1.25,16461,United Kingdom,False
578251,22536,MAGIC DRAWING SLATE PURDEY,6,2011-11-23 12:45:00,0.42,15993,United Kingdom,False
575726,22383,LUNCH BAG SUKI DESIGN,1,2011-11-10 19:12:00,1.65,16791,United Kingdom,False
560088,21975,PACK OF 60 DINOSAUR CAKE CASES,24,2011-07-14 16:42:00,0.55,15114,United Kingdom,False
576864,21328,BALLOONS  WRITING SET,1,2011-11-16 16:06:00,1.65,12748,United Kingdom,False
567193,21231,SWEETHEART CERAMIC TRINKET BOX,72,2011-09-19 09:27:00,1.06,18094,United Kingdom,False
569242,22734,SET OF 6 RIBBONS VINTAGE CHRISTMAS,6,2011-10-03 09:34:00,2.89,14193,United Kingdom,False
539492,21755,LOVE BUILDING BLOCK WORD,1,2010-12-20 10:14:00,11.87,,United Kingdom,False
537823,21195,PINK  HONEYCOMB PAPER BALL,1,2010-12-08 14:25:00,4.21,,United Kingdom,False
539630,22111,SCOTTIE DOG HOT WATER BOTTLE,12,2010-12-20 14:59:00,4.95,17230,United Kingdom,False
555620,22436,12 COLOURED PARTY BALLOONS,20,2011-06-06 11:46:00,0.65,12748,United Kingdom,False
573137,22469,HEART OF WICKER SMALL,1,2011-10-27 17:15:00,3.29,,United Kingdom,False
549118,22081,RIBBON REEL FLORA + FAUNA,10,2011-04-06 13:18:00,1.65,14911,EIRE,False
C542245,22726,ALARM CLOCK BAKELIKE GREEN,-2,2011-01-26 15:06:00,3.75,13098,United Kingdom,True
565918,21892,TRADITIONAL WOODEN CATCH CUP GAME,1,2011-09-07 16:27:00,1.25,13249,United Kingdom,False
549734,72351B,SET/6 PINK  BUTTERFLY T-LIGHTS,6,2011-04-11 17:12:00,2.1,16409,United Kingdom,False
559042,22668,PINK BABY BUNTING,1,2011-07-05 15:34:00,5.79,,United Kingdom,False
550740,21082,SET/20 FRUIT SALAD PAPER NAPKINS,5,2011-04-20 11:33:00,1.63,,United Kingdom,False
553655,23298,SPOTTY BUNTING,2,2011-05-18 11:14:00,4.95,16775,United Kingdom,False
570672,21533,RETROSPOT LARGE MILK JUG,3,2011-10-11 14:52:00,4.95,12536,France,False
568529,22082,RIBBON REEL STRIPES DESIGN,10,2011-09-27 13:38:00,1.65,16181,United Kingdom,False
575845,22609,PENS ASSORTED SPACEBALL,36,2011-11-11 12:07:00,0.19,12598,France,False
578678,22467,GUMBALL COAT RACK,1,2011-11-24 19:59:00,2.55,17841,United Kingdom,False
555851,20748,KENSINGTON COFFEE SET,1,2011-06-07 13:37:00,12.75,13050,United Kingdom,False
567528,22698,PINK REGENCY TEACUP AND SAUCER,6,2011-09-21 09:18:00,2.95,14356,United Kingdom,False
555150,16168M,FUNKY MONKEY GIFT BAG MEDIUM,1,2011-05-31 15:53:00,0.83,,United Kingdom,False
573093,22736,RIBBON REEL MAKING SNOWMEN,1,2011-10-27 14:38:00,1.65,18283,United Kingdom,False
569544,85049E,SCANDINAVIAN REDS RIBBONS,1,2011-10-04 16:33:00,2.46,,United Kingdom,False
545333,22792,FLUTED ANTIQUE CANDLE HOLDER,14,2011-03-01 16:22:00,1.63,,United Kingdom,False
546569,22651,GENTLEMAN SHIRT REPAIR KIT,12,2011-03-15 10:53:00,0.85,14016,EIRE,False
580729,23243,SET OF TEA COFFEE SUGAR TINS PANTRY,1,2011-12-05 17:24:00,10.79,,United Kingdom,False
537255,85116,BLACK CANDELABRA T-LIGHT HOLDER,6,2010-12-06 11:03:00,2.1,14443,United Kingdom,False
580520,85231B,CINAMMON SET OF 9 T-LIGHTS,2,2011-12-04 14:55:00,0.85,13521,United Kingdom,False
570791,23275,SET OF 3 HANGING OWLS OLLIE BEAK,3,2011-10-12 11:58:00,1.25,17346,United Kingdom,False
572540,23299,FOOD COVER WITH BEADS SET 2,1,2011-10-24 16:17:00,7.46,,United Kingdom,False
C575155,90176A,CLASSIC DIAMANTE NECKLACE JET,-1,2011-11-08 16:17:00,7.5,13709,United Kingdom,True
575871,22865,HAND WARMER OWL DESIGN,12,2011-11-11 12:52:00,2.1,14911,EIRE,False
541417,84520B,PACK 20 ENGLISH ROSE PAPER NAPKINS,1,2011-01-17 16:23:00,0.85,16033,United Kingdom,False
558777,22377,BOTTLE BAG RETROSPOT,2,2011-07-04 10:23:00,1.63,,United Kingdom,False
576916,22784,LANTERN CREAM GAZEBO,3,2011-11-17 10:24:00,4.95,14655,United Kingdom,False
548400,82581,TOILET METAL SIGN,3,2011-03-30 17:33:00,0.55,17400,United Kingdom,False
565232,22169,FAMILY ALBUM WHITE PICTURE FRAME,2,2011-09-02 09:30:00,16.63,,United Kingdom,False
545468,21166,COOK WITH WINE METAL SIGN,12,2011-03-03 09:41:00,2.08,16571,United Kingdom,False
543645,20725,LUNCH BAG RED RETROSPOT,4,2011-02-10 17:54:00,1.65,17609,United Kingdom,False
556812,22424,ENAMEL BREAD BIN CREAM,1,2011-06-14 17:25:00,24.96,,United Kingdom,False
550467,40003,WHITE BAMBOO RIBS LAMPSHADE,1,2011-04-18 13:36:00,1.25,18009,United Kingdom,False
570479,23289,DOLLY GIRL CHILDRENS BOWL,5,2011-10-10 16:58:00,1.25,17589,United Kingdom,False
579516,22377,BOTTLE BAG RETROSPOT,1,2011-11-29 17:52:00,2.1,17841,United Kingdom,False
574069,23565,EGG CUP MILKMAID HELGA,12,2011-11-02 14:52:00,1.25,17735,United Kingdom,False
553224,23209,LUNCH BAG DOILEY PATTERN,4,2011-05-16 10:40:00,1.65,17228,United Kingdom,False
560714,22489,PACK OF 12 TRADITIONAL CRAYONS,3,2011-07-20 13:10:00,0.42,14456,United Kingdom,False
574660,23234,BISCUIT TIN VINTAGE CHRISTMAS,1,2011-11-06 11:55:00,2.89,15407,United Kingdom,False
537399,22952,60 CAKE CASES VINTAGE CHRISTMAS,3,2010-12-06 14:31:00,0.55,13030,United Kingdom,False
542622,22269,EGG CUP NATURAL CHICKEN,1,2011-01-31 09:09:00,2.46,,United Kingdom,False
573551,82494L,WOODEN FRAME ANTIQUE WHITE,6,2011-10-31 13:35:00,2.95,15044,United Kingdom,False
540821,84748,FOLK FELT HANGING MULTICOL GARLAND,3,2011-01-11 13:16:00,2.51,,United Kingdom,False
539437,82613C,"METAL SIGN,CUPCAKE SINGLE HOOK",3,2010-12-17 14:54:00,2.51,,United Kingdom,False
541584,DOT,DOTCOM POSTAGE,1,2011-01-19 14:12:00,118.25,,United Kingdom,False
547058,21982,PACK OF 12 SUKI TISSUES,24,2011-03-20 12:44:00,0.29,14232,United Kingdom,False
577507,20973,12 PENCIL SMALL TUBE WOODLAND,3,2011-11-20 12:42:00,0.65,14710,United Kingdom,False
554103,22997,TRAVEL CARD WALLET UNION JACK,7,2011-05-22 13:51:00,0.42,15555,United Kingdom,False
546973,22411,JUMBO SHOPPER VINTAGE RED PAISLEY,4,2011-03-18 12:07:00,4.13,,United Kingdom,False
558777,22983,CARD BILLBOARD FONT,1,2011-07-04 10:23:00,0.83,,United Kingdom,False
566564,23182,TOILET SIGN OCCUPIED OR VACANT,24,2011-09-13 12:26:00,0.83,15522,United Kingdom,False
561258,22602,RETROSPOT WOODEN HEART DECORATION,24,2011-07-26 12:03:00,0.85,15513,United Kingdom,False
558904,84029G,KNITTED UNION FLAG HOT WATER BOTTLE,1,2011-07-04 16:18:00,7.46,,United Kingdom,False
552857,21794,CLASSIC FRENCH STYLE BASKET NATURAL,1,2011-05-11 15:34:00,7.46,,United Kingdom,False
578757,23350,ROLL WRAP VINTAGE SPOT,1,2011-11-25 11:41:00,1.25,12748,United Kingdom,False
547816,20829,GLITTER HANGING BUTTERFLY STRING,1,2011-03-25 14:30:00,2.1,12748,United Kingdom,False
572302,23320,GIANT 50'S CHRISTMAS CRACKER,1,2011-10-23 14:47:00,2.89,15427,United Kingdom,False
571282,22625,RED KITCHEN SCALES,1,2011-10-16 13:24:00,8.5,15545,United Kingdom,False
578233,23250,VINTAGE RED TRIM ENAMEL BOWL,5,2011-11-23 12:20:00,1.25,14049,United Kingdom,False
580685,21877,HOME SWEET HOME MUG,12,2011-12-05 15:16:00,1.65,17676,United Kingdom,False
579740,23266,SET OF 3 WOODEN STOCKING DECORATION,1,2011-11-30 14:30:00,1.25,,United Kingdom,False
564856,48185,DOORMAT FAIRY CAKE,4,2011-08-31 09:11:00,7.95,12477,Germany,False
573035,23357,HOT WATER BOTTLE SEX BOMB,4,2011-10-27 13:43:00,4.95,12433,Norway,False
560225,21916,SET 12 RETRO WHITE CHALK STICKS,1,2011-07-15 16:27:00,0.83,,United Kingdom,False
564526,22652,TRAVEL SEWING KIT,10,2011-08-25 14:50:00,1.65,15805,United Kingdom,False
557615,22305,COFFEE MUG PINK PAISLEY DESIGN,6,2011-06-21 13:24:00,2.55,15498,United Kingdom,False
577228,20985,HEART CALCULATOR,2,2011-11-18 12:07:00,1.25,12391,Cyprus,False
572465,22689,DOORMAT MERRY CHRISTMAS RED,2,2011-10-24 13:26:00,8.25,14474,United Kingdom,False
556935,23203,JUMBO BAG DOILEY PATTERNS,10,2011-06-15 15:57:00,2.08,17651,United Kingdom,False
581133,84806A,PINK CANDYSTUFT ARTIFICIAL FLOWER,24,2011-12-07 12:55:00,0.39,14904,United Kingdom,False
541592,22133,PINK LOVE HEART SHAPE CUP,1,2011-01-19 15:08:00,1.63,,United Kingdom,False
575947,21942,SKULLS DESIGN FLANNEL,1,2011-11-13 11:50:00,1.63,,United Kingdom,False
574852,22891,TEA FOR ONE POLKADOT,1,2011-11-07 12:04:00,4.25,15493,United Kingdom,False
569085,21098,CHRISTMAS TOILET ROLL,1200,2011-09-30 11:57:00,1.06,17949,United Kingdom,False
543828,21080,SET/20 RED RETROSPOT PAPER NAPKINS,12,2011-02-14 09:45:00,0.85,14156,EIRE,False
578364,22086,PAPER CHAIN KIT 50'S CHRISTMAS,12,2011-11-24 10:42:00,2.95,13588,United Kingdom,False
569530,23309,SET OF 60 I LOVE LONDON CAKE CASES,1,2011-10-04 14:58:00,0.55,17957,United Kingdom,False
557635,84828,JUNGLE POPSICLES ICE LOLLY MOULDS,4,2011-06-21 15:27:00,1.25,12748,United Kingdom,False
541595,22531,MAGIC DRAWING SLATE CIRCUS PARADE,1,2011-01-19 16:08:00,0.42,14606,United Kingdom,False
543909,22989,SET 2 PANTRY DESIGN TEA TOWELS,1,2011-02-14 12:32:00,6.25,,United Kingdom,False
543115,84378,SET OF 3 HEART COOKIE CUTTERS,1,2011-02-03 13:27:00,1.25,14606,United Kingdom,False
548711,21870,I CAN ONLY PLEASE ONE PERSON MUG,1,2011-04-03 14:24:00,1.25,18116,United Kingdom,False
555719,POST,POSTAGE,5,2011-06-06 15:31:00,18.0,12609,Germany,False
549881,22636,CHILDS BREAKFAST SET CIRCUS PARADE,4,2011-04-12 15:30:00,8.5,14032,United Kingdom,False
558774,23201,JUMBO BAG ALPHABET,6,2011-07-04 10:17:00,2.08,,United Kingdom,False
547910,85187,S/12 MINI RABBIT EASTER,3,2011-03-28 12:23:00,1.65,14159,United Kingdom,False
553828,22423,REGENCY CAKESTAND 3 TIER,16,2011-05-19 11:24:00,10.95,17865,United Kingdom,False
544942,84997A,CHILDRENS CUTLERY POLKADOT GREEN,8,2011-02-25 10:29:00,4.15,15544,United Kingdom,False
561321,22170,PICTURE FRAME WOOD TRIPLE PORTRAIT,2,2011-07-26 12:59:00,6.75,13668,United Kingdom,False
559055,22891,TEA FOR ONE POLKADOT,1,2011-07-05 17:09:00,4.13,,United Kingdom,False
574338,85199S,SMALL HANGING IVORY/RED WOOD BIRD,24,2011-11-04 10:05:00,0.42,14150,United Kingdom,False
573748,84947,ANTIQUE SILVER TEA GLASS ENGRAVED,12,2011-11-01 09:24:00,1.25,14911,EIRE,False
580754,22736,RIBBON REEL MAKING SNOWMEN,1,2011-12-06 10:05:00,7.5,,United Kingdom,False
578852,20749,ASSORTED COLOUR MINI CASES,1,2011-11-27 11:12:00,7.95,17841,United Kingdom,False
573511,84991,60 TEATIME FAIRY CAKE CASES,24,2011-10-31 12:25:00,0.55,12347,Iceland,False
572758,21175,GIN + TONIC DIET METAL SIGN,1,2011-10-25 18:39:00,4.96,,United Kingdom,False
564170,79066K,RETRO MOD TRAY,10,2011-08-23 13:59:00,0.85,17696,United Kingdom,False
579741,22694,WICKER STAR,2,2011-11-30 14:33:00,2.1,16910,United Kingdom,False
547083,22156,HEART DECORATION WITH PEARLS,4,2011-03-20 15:21:00,0.85,15452,United Kingdom,False
570839,23413,VINTAGE COFFEE GRINDER BOX,3,2011-10-12 14:08:00,4.95,14911,EIRE,False
550469,22680,FRENCH BLUE METAL DOOR SIGN 5,1,2011-04-18 13:46:00,1.25,16399,United Kingdom,False
563538,23243,SET OF TEA COFFEE SUGAR TINS PANTRY,1,2011-08-17 11:48:00,4.95,17841,United Kingdom,False
580727,22079,RIBBON REEL HEARTS DESIGN,6,2011-12-05 17:17:00,3.29,14096,United Kingdom,False
558767,21524,DOORMAT SPOTTY HOME SWEET HOME,2,2011-07-03 13:27:00,7.95,13833,United Kingdom,False
545688,48187,DOORMAT NEW ENGLAND,3,2011-03-06 12:42:00,7.95,16033,United Kingdom,False
556434,22960,JAM MAKING SET WITH JARS,6,2011-06-10 14:06:00,4.25,14895,United Kingdom,False
C575064,21669,BLUE STRIPE CERAMIC DRAWER KNOB,-1,2011-11-08 12:39:00,1.45,12472,Germany,True
565917,84032A,CHARLIE+LOLA PINK HOT WATER BOTTLE,1,2011-09-07 16:15:00,3.29,,United Kingdom,False
C548748,21931,JUMBO STORAGE BAG SUKI,-10,2011-04-04 12:28:00,2.08,15223,United Kingdom,True
570455,22944,CHRISTMAS METAL POSTCARD WITH BELLS,7,2011-10-10 15:27:00,0.39,14529,United Kingdom,False
539010,22385,JUMBO BAG SPACEBOY DESIGN,2,2010-12-15 13:24:00,1.95,15005,United Kingdom,False
560282,22423,REGENCY CAKESTAND 3 TIER,2,2011-07-18 08:21:00,12.75,14758,United Kingdom,False
563429,23241,TREASURE TIN GYMKHANA DESIGN,12,2011-08-16 11:48:00,2.08,13999,United Kingdom,False
542354,72741,GRAND CHOCOLATECANDLE,9,2011-01-27 12:19:00,1.45,14709,United Kingdom,False
547069,22995,TRAVEL CARD WALLET SUKI,1,2011-03-20 13:52:00,0.42,16710,United Kingdom,False
571653,21313,GLASS HEART T-LIGHT HOLDER,24,2011-10-18 12:17:00,0.64,14298,United Kingdom,False
553381,22027,TEA PARTY BIRTHDAY CARD,12,2011-05-16 15:34:00,0.42,13456,United Kingdom,False
555925,22698,PINK REGENCY TEACUP AND SAUCER,1,2011-06-07 17:13:00,5.79,,United Kingdom,False
541423,22269,EGG CUP NATURAL CHICKEN,1,2011-01-17 17:54:00,2.46,,United Kingdom,False
572652,84030E,ENGLISH ROSE HOT WATER BOTTLE,4,2011-10-25 12:11:00,4.25,15805,United Kingdom,False
536624,21212,PACK OF 72 RETROSPOT CAKE CASES,24,2010-12-02 10:45:00,0.55,13418,United Kingdom,False
565326,35968,FOLK ART METAL HEART T-LIGHT HOLDER,2,2011-09-02 13:41:00,0.38,16706,United Kingdom,False
559923,22956,36 FOIL HEART CAKE CASES,1,2011-07-13 16:07:00,2.46,,United Kingdom,False
557764,84970S,HANGING HEART ZINC T-LIGHT HOLDER,24,2011-06-22 14:21:00,0.85,13089,United Kingdom,False
580878,84380,SET OF 3 BUTTERFLY COOKIE CUTTERS,12,2011-12-06 12:18:00,1.45,14113,United Kingdom,False
574882,22818,CARD CHRISTMAS VILLAGE,24,2011-11-07 13:45:00,0.42,13599,United Kingdom,False
559051,85176,SEWING SUSAN 21 NEEDLE SET,7,2011-07-05 16:47:00,0.79,,United Kingdom,False
545585,21124,SET/10 BLUE POLKADOT PARTY CANDLES,24,2011-03-04 09:32:00,1.25,12541,Spain,False
578757,23367,SET 12 COLOUR PENCILS SPACEBOY,1,2011-11-25 11:41:00,0.65,12748,United Kingdom,False
563016,22718,CARD CAT AND TREE,12,2011-08-11 12:44:00,0.42,15358,United Kingdom,False
577816,22951,60 CAKE CASES DOLLY GIRL DESIGN,24,2011-11-22 09:17:00,0.55,18139,United Kingdom,False
580697,23520,EMBROIDERED RIBBON REEL RUBY,1,2011-12-05 16:05:00,3.75,15984,United Kingdom,False
562980,21671,RED SPOT CERAMIC DRAWER KNOB,12,2011-08-11 11:44:00,1.25,17686,United Kingdom,False
557493,20711,JUMBO BAG TOYS,2,2011-06-20 15:18:00,4.13,,United Kingdom,False
540954,21201,TROPICAL  HONEYCOMB PAPER GARLAND,1,2011-01-12 13:19:00,2.55,14606,United Kingdom,False
575062,23203,JUMBO BAG VINTAGE DOILY,10,2011-11-08 12:30:00,2.08,17651,United Kingdom,False
566292,22492,MINI PAINT SET VINTAGE,36,2011-09-11 15:35:00,0.65,13381,United Kingdom,False
545191,22663,JUMBO BAG DOLLY GIRL DESIGN,10,2011-02-28 15:39:00,1.95,12811,Portugal,False
562784,22662,LUNCH BAG DOLLY GIRL DESIGN,1,2011-08-09 13:22:00,1.65,16791,United Kingdom,False
557640,22645,CERAMIC HEART FAIRY CAKE MONEY BANK,4,2011-06-21 16:24:00,4.13,,United Kingdom,False
540413,22965,3 TRADITIONAL BISCUIT CUTTERS  SET,6,2011-01-07 10:29:00,2.1,15194,United Kingdom,False
572342,23064,CINDERELLA CHANDELIER,40,2011-10-24 10:38:00,10.0,14607,United Kingdom,False
558532,21080,SET/20 RED RETROSPOT PAPER NAPKINS,18,2011-06-30 11:32:00,0.85,15039,United Kingdom,False
562287,21242,RED RETROSPOT PLATE,8,2011-08-04 11:07:00,1.69,12455,Spain,False
566952,21215,IVORY PAPER CUP CAKE CASES,2,2011-09-15 16:37:00,1.25,,United Kingdom,False
577497,23290,SPACEBOY CHILDRENS BOWL,4,2011-11-20 12:22:00,1.25,17555,United Kingdom,False
559802,20712,JUMBO BAG WOODLAND ANIMALS,3,2011-07-12 13:48:00,4.13,,United Kingdom,False
576617,85034B,3 WHITE CHOC MORRIS BOXED CANDLES,1,2011-11-15 16:57:00,8.29,,United Kingdom,False
541810,22896,PEG BAG APPLES DESIGN,1,2011-01-21 15:00:00,4.96,,United Kingdom,False
576061,21808,"CHRISTMAS GARLAND STARS,TREES",12,2011-11-13 15:29:00,3.75,13146,United Kingdom,False
547788,21564,PINK  HEART SHAPE LOVE BUCKET,1,2011-03-25 12:00:00,5.79,,United Kingdom,False
579196,22420,LIPSTICK PEN BABY PINK,10,2011-11-28 15:54:00,0.83,14096,United Kingdom,False
567656,21947,SET OF 6 HEART CHOPSTICKS,1,2011-09-21 14:40:00,2.46,14096,United Kingdom,False
536557,84029E,RED WOOLLY HOTTIE WHITE HEART.,1,2010-12-01 14:41:00,3.75,17841,United Kingdom,False
556473,20717,STRAWBERRY SHOPPER BAG,4,2011-06-12 12:00:00,1.25,17265,United Kingdom,False
547794,21058,PARTY INVITES WOODLAND,3,2011-03-25 12:13:00,0.85,14085,United Kingdom,False
540255,22116,METAL SIGN HIS DINNER IS SERVED,1,2011-01-05 16:50:00,1.66,,United Kingdom,False
578833,20728,LUNCH BAG CARS BLUE,1,2011-11-25 15:23:00,4.96,,United Kingdom,False
554124,21982,PACK OF 12 SUKI TISSUES,24,2011-05-23 08:31:00,0.29,13339,United Kingdom,False
567174,21615,4 LAVENDER BOTANICAL DINNER CANDLES,1,2011-09-18 13:31:00,3.75,16438,United Kingdom,False
559679,23227,FILIGREE HEART BUTTERFLY WHITE,24,2011-07-11 14:46:00,1.25,15265,United Kingdom,False
579741,22469,HEART OF WICKER SMALL,2,2011-11-30 14:33:00,1.65,16910,United Kingdom,False
561079,21080,SET/20 RED RETROSPOT PAPER NAPKINS,3,2011-07-24 16:12:00,0.85,13956,United Kingdom,False
574685,23303,SET 4 PICNIC CUTLERY FONDANT,12,2011-11-06 12:59:00,1.95,17581,United Kingdom,False
576329,23155,KNICKERBOCKERGLORY MAGNET ASSORTED,6,2011-11-14 15:22:00,1.38,,United Kingdom,False
545667,22972,CHILDREN'S SPACEBOY MUG,2,2011-03-04 16:07:00,3.29,,United Kingdom,False
546003,22396,MAGNETS PACK OF 4 RETRO PHOTO,1,2011-03-08 15:07:00,1.25,16712,United Kingdom,False
547789,21922,UNION STRIPE WITH FRINGE  HAMMOCK,2,2011-03-25 12:04:00,7.95,14911,EIRE,False
563924,23152,IVORY SWEETHEART WIRE LETTER RACK,4,2011-08-21 14:32:00,3.75,15984,United Kingdom,False
554054,20719,WOODLAND CHARLOTTE BAG,2,2011-05-20 15:29:00,1.63,,United Kingdom,False
581492,90177C,DROP DIAMANTE EARRINGS CRYSTAL,1,2011-12-09 10:03:00,2.9,,United Kingdom,False
569216,22210,WOOD STAMP SET BEST WISHES,3,2011-10-02 12:41:00,0.83,15555,United Kingdom,False
564734,20686,DOLLY MIXTURE CHILDREN'S UMBRELLA,2,2011-08-28 13:32:00,3.25,12484,Spain,False
580729,22279,POCKET BAG BLUE PAISLEY RED SPOT,1,2011-12-05 17:24:00,2.46,,United Kingdom,False
542269,21498,RED RETROSPOT WRAP,25,2011-01-27 09:33:00,0.42,14442,Channel Islands,False
545697,84947,ANTIQUE SILVER TEA GLASS ENGRAVED,2,2011-03-06 14:38:00,1.25,14504,United Kingdom,False
558625,22493,PAINT YOUR OWN CANVAS SET,12,2011-06-30 17:29:00,1.65,14132,United Kingdom,False
546892,84913A,SOFT PINK ROSE TOWEL,2,2011-03-17 18:20:00,3.29,,United Kingdom,False
565289,21380,WOODEN HAPPY BIRTHDAY GARLAND,6,2011-09-02 11:43:00,2.95,14911,EIRE,False
575908,22398,MAGNETS PACK OF 4 SWALLOWS,36,2011-11-11 15:54:00,0.39,13091,United Kingdom,False
556917,20725,LUNCH BAG RED RETROSPOT,100,2011-06-15 13:37:00,1.45,12415,Australia,False
549976,21578,WOODLAND DESIGN  COTTON TOTE BAG,6,2011-04-13 14:39:00,2.25,15855,United Kingdom,False
566438,22887,NUMBER TILE VINTAGE FONT 8,2,2011-09-12 15:14:00,1.95,15996,United Kingdom,False
564065,23354,6 GIFT TAGS 50'S CHRISTMAS,12,2011-08-22 15:05:00,0.83,15150,United Kingdom,False
555845,22046,TEA PARTY  WRAPPING PAPER,25,2011-06-07 13:19:00,0.42,17015,United Kingdom,False
557055,23209,LUNCH BAG DOILEY PATTERN,40,2011-06-16 14:45:00,1.65,12621,Germany,False
555397,21872,GLAMOROUS  MUG,1,2011-06-02 17:26:00,3.29,,United Kingdom,False
580119,22898,CHILDRENS APRON APPLES DESIGN,1,2011-12-01 16:37:00,1.95,17920,United Kingdom,False
544599,22378,WALL TIDY RETROSPOT,1,2011-02-21 18:15:00,4.13,,United Kingdom,False
547102,48187,DOORMAT NEW ENGLAND,2,2011-03-21 10:41:00,7.95,14245,United Kingdom,False
573585,23396,LE JARDIN BOTANIQUE CUSHION COVER,2,2011-10-31 14:41:00,10.79,,United Kingdom,False
548708,22364,GLASS JAR DIGESTIVE BISCUITS,1,2011-04-03 12:41:00,2.95,13269,United Kingdom,False
545066,22771,CLEAR DRAWER KNOB ACRYLIC EDWARDIAN,12,2011-02-27 14:44:00,1.25,13610,United Kingdom,False
543600,21169,YOU'RE CONFUSING ME METAL SIGN,10,2011-02-10 13:19:00,1.69,18168,United Kingdom,False
574725,22866,HAND WARMER SCOTTY DOG DESIGN,10,2011-11-06 14:50:00,2.1,15883,United Kingdom,False
567613,22737,RIBBON REEL CHRISTMAS PRESENT,10,2011-09-21 11:49:00,1.65,13908,United Kingdom,False
579517,23301,GARDENERS KNEELING PAD KEEP CALM,1,2011-11-29 18:02:00,1.65,12748,United Kingdom,False
554985,22551,PLASTERS IN TIN SPACEBOY,12,2011-05-29 12:26:00,1.65,12426,Germany,False
574074,23559,WOODLAND BUNNIES LOLLY MAKERS,1,2011-11-02 15:33:00,4.13,,United Kingdom,False
549262,20971,PINK BLUE FELT CRAFT TRINKET BOX,2,2011-04-07 12:38:00,1.25,14465,United Kingdom,False
544909,22610,PENS ASSORTED FUNNY FACE,144,2011-02-24 14:32:00,0.21,14298,United Kingdom,False
550986,22679,FRENCH BLUE METAL DOOR SIGN 4,1,2011-04-21 18:06:00,1.25,,United Kingdom,False
581405,22124,SET OF 2 TEA TOWELS PING MICROWAVE,1,2011-12-08 13:50:00,0.79,13521,United Kingdom,False
577768,22994,TRAVEL CARD WALLET RETROSPOT,1,2011-11-21 15:18:00,0.83,,United Kingdom,False
570871,23356,LOVE HOT WATER BOTTLE,1,2011-10-12 16:36:00,12.46,,United Kingdom,False
579116,22629,SPACEBOY LUNCH BOX,1,2011-11-28 11:54:00,1.95,17346,United Kingdom,False
540681,21935,SUKI  SHOULDER BAG,3,2011-01-10 16:25:00,1.66,,United Kingdom,False
556108,21935,SUKI  SHOULDER BAG,1,2011-06-08 17:59:00,3.29,,United Kingdom,False
546089,23002,TRAVEL CARD WALLET SKULLS,24,2011-03-09 11:44:00,0.42,17864,United Kingdom,False
554337,23169,CLASSIC GLASS COOKIE JAR,2,2011-05-23 17:25:00,4.15,17920,United Kingdom,False
541977,22411,JUMBO SHOPPER VINTAGE RED PAISLEY,10,2011-01-24 14:44:00,1.95,15078,United Kingdom,False
572283,23265,SET OF 3 WOODEN TREE DECORATIONS,2,2011-10-23 11:42:00,1.25,15000,United Kingdom,False
552869,22427,ENAMEL FLOWER JUG CREAM,3,2011-05-12 08:41:00,5.95,15106,United Kingdom,False
574063,23234,BISCUIT TIN VINTAGE CHRISTMAS,1,2011-11-02 14:31:00,2.89,13271,United Kingdom,False
575298,23216,LAUREL HEART ANTIQUE GOLD,2,2011-11-09 12:29:00,1.25,17841,United Kingdom,False
553737,21156,RETROSPOT CHILDRENS APRON,8,2011-05-19 08:50:00,1.95,15116,United Kingdom,False
580541,21679,SKULLS  STICKERS,12,2011-12-05 09:03:00,0.85,15358,United Kingdom,False
557217,23206,LUNCH BAG APPLE DESIGN,10,2011-06-17 12:30:00,1.65,17426,United Kingdom,False
572542,21890,S/6 WOODEN SKITTLES IN COTTON BAG,6,2011-10-24 16:20:00,3.25,17272,United Kingdom,False
576628,23445,ICE CREAM BUBBLES,20,2011-11-16 08:28:00,0.83,13449,United Kingdom,False
539502,22953,BIRTHDAY PARTY CORDON BARRIER TAPE,12,2010-12-20 11:14:00,1.25,14099,United Kingdom,False
570287,22182,CAKE STAND VICTORIAN FILIGREE SMALL,4,2011-10-10 11:37:00,4.95,17425,United Kingdom,False
537421,22530,MAGIC DRAWING SLATE DOLLY GIRL,2,2010-12-06 15:25:00,0.42,17218,United Kingdom,False
546421,22851,SET 20 NAPKINS FAIRY CAKES DESIGN,6,2011-03-13 11:21:00,0.85,13700,United Kingdom,False
556194,22232,JIGSAW TOADSTOOLS 3 PIECE,16,2011-06-09 12:20:00,0.59,12483,Sweden,False
555477,23126,FELTCRAFT GIRL AMELIE KIT,4,2011-06-03 12:26:00,4.95,12359,Cyprus,False
571061,22424,ENAMEL BREAD BIN CREAM,4,2011-10-13 14:33:00,24.96,,United Kingdom,False
552231,21469,POLKA DOT RAFFIA FOOD COVER,1,2011-05-06 15:47:00,3.75,17364,United Kingdom,False
549746,23010,CIRCUS PARADE BABY GIFT SET,6,2011-04-12 10:38:00,14.95,15251,United Kingdom,False
544888,84945,MULTI COLOUR SILVER T-LIGHT HOLDER,12,2011-02-24 11:55:00,0.85,14231,United Kingdom,False
550207,22379,RECYCLING BAG RETROSPOT,2,2011-04-15 10:38:00,4.96,,United Kingdom,False
563924,84792,ENCHANTED BIRD COATHANGER 5 HOOK,1,2011-08-21 14:32:00,4.65,15984,United Kingdom,False
552514,35965,FOLKART HEART NAPKIN RINGS,11,2011-05-09 16:30:00,3.29,,United Kingdom,False
564754,21913,VINTAGE SEASIDE JIGSAW PUZZLES,1,2011-08-30 10:29:00,7.46,,United Kingdom,False
563613,22201,FRYING PAN BLUE POLKADOT,4,2011-08-18 08:49:00,4.25,12688,Israel,False
542503,22348,TEA BAG PLATE RED RETROSPOT,12,2011-01-28 11:58:00,0.85,16327,United Kingdom,False
578696,23345,DOLLY GIRL BEAKER,12,2011-11-25 10:02:00,1.25,13985,United Kingdom,False
568795,23042,PAPER LANTERN 7 POINT SNOW STAR,3,2011-09-29 10:19:00,6.65,17870,United Kingdom,False
580115,22666,RECIPE BOX PANTRY YELLOW DESIGN,5,2011-12-01 16:22:00,5.79,,United Kingdom,False
543543,90123A,PINK HEART OF GLASS BRACELET,2,2011-02-09 15:33:00,5.95,17843,United Kingdom,False
545717,84997a,CHILDRENS CUTLERY POLKADOT GREEN,3,2011-03-07 10:15:00,8.29,,United Kingdom,False
556683,23236,DOILEY BISCUIT TIN,6,2011-06-14 09:43:00,2.89,15358,United Kingdom,False
543096,21209,MULTICOLOUR HONEYCOMB FAN,2,2011-02-03 11:39:00,1.65,14044,United Kingdom,False
572561,22418,10 COLOUR SPACEBOY PEN,24,2011-10-25 08:51:00,0.85,13652,United Kingdom,False
562717,21371,MIRRORED WALL ART POPPIES,1,2011-08-08 15:42:00,4.96,,United Kingdom,False
566739,16156S,WRAP PINK FAIRY CAKES,25,2011-09-14 14:30:00,0.42,12566,Germany,False
560853,21428,SET3 BOOK BOX GREEN GINGHAM FLOWER,2,2011-07-21 12:33:00,4.25,15311,United Kingdom,False
552674,22167,OVAL WALL MIRROR DIAMANTE,1,2011-05-10 15:07:00,19.96,,United Kingdom,False
559055,84796A,PINK HAWAIIAN PICNIC HAMPER FOR 2,3,2011-07-05 17:09:00,8.29,,United Kingdom,False
556441,23235,STORAGE TIN VINTAGE LEAF,4,2011-06-10 15:07:00,2.89,14415,United Kingdom,False
580730,23167,SMALL CERAMIC TOP STORAGE JAR,1,2011-12-05 17:28:00,1.63,,United Kingdom,False
548191,85194L,HANGING SPRING FLOWER EGG LARGE,1,2011-03-29 15:20:00,1.63,,United Kingdom,False
553057,23111,PARISIENNE SEWING BOX,2,2011-05-13 10:41:00,12.5,16161,United Kingdom,False
580612,20728,LUNCH BAG CARS BLUE,3,2011-12-05 11:58:00,4.13,,United Kingdom,False
566035,22379,RECYCLING BAG RETROSPOT,5,2011-09-08 13:17:00,2.1,12839,United Kingdom,False
578922,22653,BUTTON BOX,1,2011-11-27 12:00:00,1.95,17236,United Kingdom,False
556910,85099B,JUMBO BAG RED RETROSPOT,2,2011-06-15 13:25:00,2.08,12748,United Kingdom,False
546891,22281,EASTER TREE YELLOW BIRDS,1,2011-03-17 18:18:00,12.46,,United Kingdom,False
543370,22918,HERB MARKER PARSLEY,12,2011-02-07 14:51:00,0.65,12359,Cyprus,False
551035,22497,SET OF 2 TINS VINTAGE BATHROOM,4,2011-04-26 11:34:00,4.25,15065,United Kingdom,False
553488,16237,SLEEPING CAT ERASERS,4,2011-05-17 12:40:00,0.21,18043,United Kingdom,False
575176,22075,6 RIBBONS ELEGANT CHRISTMAS,2,2011-11-08 18:29:00,1.63,,United Kingdom,False
560225,72817,SET OF 2 CHRISTMAS DECOUPAGE CANDLE,3,2011-07-15 16:27:00,1.63,,United Kingdom,False
564729,23329,DECORATIVE WICKER HEART LARGE,4,2011-08-28 12:44:00,1.65,13137,United Kingdom,False
565919,37447,CERAMIC CAKE DESIGN SPOTTED PLATE,1,2011-09-07 16:48:00,3.29,,United Kingdom,False
540971,22630,DOLLY GIRL LUNCH BOX,12,2011-01-12 14:10:00,1.95,12383,Belgium,False
563563,22568,FELTCRAFT CUSHION OWL,240,2011-08-17 14:03:00,3.39,16029,United Kingdom,False
542344,21216,"SET 3 RETROSPOT TEA,COFFEE,SUGAR",1,2011-01-27 11:30:00,10.79,,United Kingdom,False
563848,23226,FILIGREE HEART DAISY WHITE,24,2011-08-19 14:57:00,1.25,14911,EIRE,False
576353,22093,MOTORING TISSUE BOX,1,2011-11-14 16:17:00,0.39,15050,United Kingdom,False
581439,23309,SET OF 60 I LOVE LONDON CAKE CASES,1,2011-12-08 16:30:00,1.25,,United Kingdom,False
573267,21913,VINTAGE SEASIDE JIGSAW PUZZLES,1,2011-10-28 12:44:00,3.75,,United Kingdom,False
577531,22079,RIBBON REEL HEARTS DESIGN,1,2011-11-20 13:58:00,2.46,,United Kingdom,False
569221,48187,DOORMAT NEW ENGLAND,10,2011-10-02 13:44:00,7.08,14970,United Kingdom,False
546972,84380,SET OF 3 BUTTERFLY COOKIE CUTTERS,5,2011-03-18 12:04:00,3.29,,United Kingdom,False
569650,22090,PAPER BUNTING RETROSPOT,40,2011-10-05 12:44:00,2.55,12415,Australia,False
573369,22096,PINK PAISLEY SQUARE TISSUE BOX,1,2011-10-30 13:19:00,0.39,16049,United Kingdom,False
548894,22662,LUNCH BAG DOLLY GIRL DESIGN,1,2011-04-04 16:01:00,4.13,,United Kingdom,False
561116,23290,SPACEBOY CHILDRENS BOWL,8,2011-07-25 12:22:00,1.25,13520,Switzerland,False
558752,22384,LUNCH BAG PINK POLKADOT,3,2011-07-03 11:40:00,1.65,16931,United Kingdom,False
540848,21709,FOLDING UMBRELLA CHOCOLATE POLKADOT,1,2011-01-12 09:26:00,3.36,,United Kingdom,False
539840,POST,POSTAGE,3,2010-12-22 14:28:00,15.0,12383,Belgium,False
560120,21124,SET/10 BLUE POLKADOT PARTY CANDLES,24,2011-07-15 10:27:00,1.25,14907,United Kingdom,False
543300,47570B,TEA TIME TABLE CLOTH,2,2011-02-07 11:42:00,10.65,13334,United Kingdom,False
564371,22384,LUNCH BAG PINK POLKADOT,10,2011-08-25 09:53:00,1.65,17705,United Kingdom,False
565218,23320,GIANT 50'S CHRISTMAS CRACKER,12,2011-09-01 17:45:00,2.89,12739,United Arab Emirates,False
573415,23093,SMALL PARISIENNE HEART PHOTO FRAME,2,2011-10-30 16:17:00,2.49,13607,United Kingdom,False
567533,22558,CLOTHES PEGS RETROSPOT PACK 24,12,2011-09-21 09:45:00,1.65,17651,United Kingdom,False
538902,21879,HEARTS GIFT TAPE,24,2010-12-15 10:04:00,0.19,14150,United Kingdom,False
562113,21936,RED RETROSPOT PICNIC BAG,3,2011-08-02 16:11:00,5.79,,United Kingdom,False
576618,21899,GARAGE KEY FOB,1,2011-11-15 17:00:00,1.63,,United Kingdom,False
562526,20685,DOORMAT RED RETROSPOT,2,2011-08-05 13:46:00,7.95,16880,United Kingdom,False
555585,22207,FRYING PAN UNION FLAG,24,2011-06-06 09:12:00,3.75,16029,United Kingdom,False
577794,23461,SWEETHEART BIRD HOUSE,3,2011-11-21 16:48:00,4.15,14030,United Kingdom,False
571028,21818,GLITTER HEART DECORATION,4,2011-10-13 12:21:00,0.39,16770,United Kingdom,False
536865,21876,POTTERING MUG,2,2010-12-03 11:28:00,3.36,,United Kingdom,False
565431,21136,PAINTED METAL PEARS ASSORTED,8,2011-09-04 13:15:00,1.69,14965,United Kingdom,False
545901,21902,"KEY FOB , FRONT  DOOR",7,2011-03-07 17:52:00,0.65,15834,United Kingdom,False
542538,22937,BAKING MOULD CHOCOLATE CUPCAKES,6,2011-01-28 13:54:00,2.55,15079,United Kingdom,False
549583,22047,EMPIRE GIFT WRAP,25,2011-04-11 09:46:00,0.42,15214,United Kingdom,False
567458,82583,HOT BATHS METAL SIGN,528,2011-09-20 12:21:00,2.39,17450,United Kingdom,False
538419,22086,PAPER CHAIN KIT 50'S CHRISTMAS,1,2010-12-12 12:01:00,2.95,16367,United Kingdom,False
580107,22086,PAPER CHAIN KIT 50'S CHRISTMAS,6,2011-12-01 15:32:00,2.95,15948,United Kingdom,False
556803,22355,CHARLOTTE BAG SUKI DESIGN,49,2011-06-14 14:57:00,2.46,,United Kingdom,False
559051,23169,CLASSIC GLASS COOKIE JAR,8,2011-07-05 16:47:00,8.29,,United Kingdom,False
559123,62018,SOMBRERO,2,2011-07-06 12:26:00,1.95,17341,United Kingdom,False
C579895,23374,RED SPOT PAPER GIFT BAG,-5,2011-12-01 08:27:00,0.82,14329,United Kingdom,True
565918,21794,CLASSIC FRENCH STYLE BASKET NATURAL,2,2011-09-07 16:27:00,3.95,13249,United Kingdom,False
575477,21928,JUMBO BAG SCANDINAVIAN BLUE PAISLEY,1,2011-11-09 16:14:00,4.13,,United Kingdom,False
538811,21429,RED GINGHAM ROSE JEWELLERY BOX,16,2010-12-14 12:22:00,1.65,13178,United Kingdom,False
581219,21015,DARK BIRD HOUSE TREE DECORATION,5,2011-12-08 09:28:00,0.83,,United Kingdom,False
538637,22909,SET OF 20 VINTAGE CHRISTMAS NAPKINS,6,2010-12-13 13:52:00,0.85,17611,United Kingdom,False
580221,23082,SET 6 PAPER TABLE LANTERN HEARTS,6,2011-12-02 12:13:00,3.75,14092,United Kingdom,False
562031,22854,CREAM SWEETHEART EGG HOLDER,3,2011-08-01 17:37:00,4.95,16984,United Kingdom,False
565922,85049E,SCANDINAVIAN REDS RIBBONS,12,2011-09-08 09:51:00,1.25,14116,United Kingdom,False
563498,22626,BLACK KITCHEN SCALES,2,2011-08-16 16:17:00,8.5,17719,United Kingdom,False
537224,79191C,RETRO PLASTIC ELEPHANT TRAY,1,2010-12-05 16:24:00,0.85,13174,United Kingdom,False
561217,48111,DOORMAT 3 SMILEY CATS,2,2011-07-25 17:09:00,15.79,,United Kingdom,False
571408,23114,VINTAGE LEAF CHOPPING BOARD,1,2011-10-17 12:22:00,4.95,15012,United Kingdom,False
537240,22403,MAGNETS PACK OF 4 VINTAGE LABELS,1,2010-12-06 10:08:00,2.51,,United Kingdom,False
554666,23200,JUMBO BAG PEARS,10,2011-05-25 14:54:00,2.08,13599,United Kingdom,False
541993,22379,RECYCLING BAG RETROSPOT,1,2011-01-25 09:37:00,4.96,,United Kingdom,False
547205,22960,JAM MAKING SET WITH JARS,6,2011-03-21 14:00:00,4.25,16558,United Kingdom,False
552296,22616,PACK OF 12 LONDON TISSUES,24,2011-05-08 14:09:00,0.29,15518,United Kingdom,False
577296,21888,BINGO SET,1,2011-11-18 12:47:00,3.75,17286,United Kingdom,False
541658,22411,JUMBO SHOPPER VINTAGE RED PAISLEY,2,2011-01-20 12:16:00,1.95,15529,United Kingdom,False
552669,15039,SANDALWOOD FAN,4,2011-05-10 15:05:00,0.85,16710,United Kingdom,False
578995,22535,MAGIC DRAWING SLATE BUNNIES,4,2011-11-27 15:59:00,0.42,15861,United Kingdom,False
575930,21876,POTTERING MUG,1,2011-11-11 17:58:00,3.29,,United Kingdom,False
C567690,20725,LUNCH BAG RED RETROSPOT,-9,2011-09-21 17:01:00,1.65,15810,United Kingdom,True
549118,21471,STRAWBERRY RAFFIA FOOD COVER,6,2011-04-06 13:18:00,3.75,14911,EIRE,False
544282,21163,DO NOT TOUCH MY STUFF DOOR HANGER,12,2011-02-17 12:24:00,1.45,17865,United Kingdom,False
540352,22257,FELT FARM ANIMAL SHEEP,3,2011-01-06 14:27:00,0.85,,United Kingdom,False
578846,23493,VINTAGE DOILY TRAVEL SEWING KIT,8,2011-11-25 17:27:00,1.95,17757,United Kingdom,False
537240,21534,DAIRY MAID LARGE MILK JUG,1,2010-12-06 10:08:00,10.17,,United Kingdom,False
538071,84913A,SOFT PINK ROSE TOWEL,4,2010-12-09 14:09:00,3.36,,United Kingdom,False
577156,23076,ICE CREAM SUNDAE LIP GLOSS,24,2011-11-18 09:57:00,1.25,13471,United Kingdom,False
552520,22676,FRENCH BLUE METAL DOOR SIGN 1,1,2011-05-09 16:34:00,2.46,,United Kingdom,False
537641,21544,SKULLS  WATER TRANSFER TATTOOS,1,2010-12-07 15:32:00,1.66,,United Kingdom,False
563017,22529,MAGIC DRAWING SLATE GO TO THE FAIR,48,2011-08-11 12:48:00,0.42,13198,United Kingdom,False
569673,23145,ZINC T-LIGHT HOLDER STAR LARGE,5,2011-10-05 13:58:00,0.95,17222,United Kingdom,False
538524,22023,EMPIRE BIRTHDAY CARD,1,2010-12-13 09:35:00,0.85,,United Kingdom,False
538638,22738,RIBBON REEL SNOWY VILLAGE,1,2010-12-13 14:16:00,1.65,17231,United Kingdom,False
571548,47503A,ASS FLORAL PRINT MULTI SCREWDRIVER,48,2011-10-18 07:56:00,0.42,15505,United Kingdom,False
549825,22302,COFFEE MUG PEARS  DESIGN,6,2011-04-12 12:47:00,2.55,12463,Belgium,False
573400,23328,SET 6 SCHOOL MILK BOTTLES IN CRATE,4,2011-10-30 15:38:00,3.75,17796,United Kingdom,False
541596,22268,EASTER DECORATION SITTING BUNNY,10,2011-01-19 16:18:00,0.85,17602,United Kingdom,False
574054,22573,STAR WOODEN CHRISTMAS DECORATION,24,2011-11-02 14:07:00,0.85,18104,United Kingdom,False
572051,23520,EMBROIDERED RIBBON REEL RUBY,72,2011-10-20 12:24:00,3.29,14646,Netherlands,False
579848,22492,MINI PAINT SET VINTAGE,36,2011-11-30 16:23:00,0.65,18179,United Kingdom,False
553678,22960,JAM MAKING SET WITH JARS,6,2011-05-18 13:00:00,4.25,14009,United Kingdom,False
547672,22986,GINGHAM ROSE WRAP,25,2011-03-24 13:54:00,0.42,17754,United Kingdom,False
559052,82580,BATHROOM METAL SIGN,3,2011-07-05 16:53:00,1.25,,United Kingdom,False
568950,85049C,ROMANTIC PINKS RIBBONS,24,2011-09-29 15:25:00,1.25,12458,Switzerland,False
577740,23270,SET OF 2 CERAMIC PAINTED HEARTS,6,2011-11-21 13:36:00,1.45,17625,United Kingdom,False
548992,22925,BLUE GIANT GARDEN THERMOMETER,2,2011-04-05 13:52:00,5.95,13089,United Kingdom,False
570116,23396,LE JARDIN BOTANIQUE CUSHION COVER,1,2011-10-07 12:38:00,3.75,12856,United Kingdom,False
577473,22620,4 TRADITIONAL SPINNING TOPS,1,2011-11-20 11:28:00,1.45,15919,United Kingdom,False
568712,84510A,SET OF 4 ENGLISH ROSE COASTERS,1,2011-09-28 15:50:00,1.25,17841,United Kingdom,False
548166,15056bl,EDWARDIAN PARASOL BLACK,1,2011-03-29 13:45:00,12.46,,United Kingdom,False
576911,23513,EMBROIDERED RIBBON REEL SUSIE,4,2011-11-17 10:01:00,2.08,17461,United Kingdom,False
537825,21239,PINK  POLKADOT CUP,5,2010-12-08 14:36:00,0.85,15005,United Kingdom,False
542612,22469,HEART OF WICKER SMALL,1,2011-01-30 14:19:00,1.65,17841,United Kingdom,False
541424,84459B,YELLOW METAL CHICKEN HEART,1,2011-01-17 17:57:00,3.29,,United Kingdom,False
578129,22340,NOEL GARLAND PAINTED ZINC,24,2011-11-23 10:39:00,0.39,13502,United Kingdom,False
580639,20868,SILVER FABRIC MIRROR,1,2011-12-05 12:46:00,0.39,17254,United Kingdom,False
552318,90036A,FLOWER GARLAND NECKLACE RED,1,2011-05-08 16:13:00,7.95,17231,United Kingdom,False
570679,22325,MOBILE VINTAGE HEARTS,3,2011-10-11 15:26:00,4.95,17769,United Kingdom,False
549262,22727,ALARM CLOCK BAKELIKE RED,1,2011-04-07 12:38:00,3.75,14465,United Kingdom,False
537209,21894,POTTING SHED SEED ENVELOPES,1,2010-12-05 15:12:00,1.25,14606,United Kingdom,False
543464,21216,"SET 3 RETROSPOT TEA,COFFEE,SUGAR",24,2011-02-08 14:15:00,4.25,16779,United Kingdom,False
562273,22467,GUMBALL COAT RACK,6,2011-08-04 09:55:00,2.55,12502,Spain,False
557510,17091J,VANILLA INCENSE IN TIN,108,2011-06-20 16:19:00,0.38,17588,United Kingdom,False
549233,23156,SET OF 5 MINI GROCERY MAGNETS,12,2011-04-07 11:06:00,2.08,14912,Italy,False
552530,23298,SPOTTY BUNTING,3,2011-05-10 08:58:00,4.95,13055,United Kingdom,False
573020,22865,HAND WARMER OWL DESIGN,12,2011-10-27 12:37:00,2.1,14842,United Kingdom,False
559055,84559A,3D SHEET OF DOG STICKERS,1,2011-07-05 17:09:00,0.79,,United Kingdom,False
551170,22194,BLACK DINER WALL CLOCK,2,2011-04-26 16:40:00,8.5,15145,United Kingdom,False
549154,22690,DOORMAT HOME SWEET HOME BLUE,2,2011-04-06 16:47:00,7.95,17690,United Kingdom,False
572490,20983,12 PENCILS TALL TUBE RED RETROSPOT,4,2011-10-24 13:59:00,0.85,14467,United Kingdom,False
574950,23322,LARGE WHITE HEART OF WICKER,1,2011-11-08 09:29:00,5.79,,United Kingdom,False
575176,20724,RED RETROSPOT CHARLOTTE BAG,3,2011-11-08 18:29:00,1.63,,United Kingdom,False
542906,22202,MILK PAN PINK POLKADOT,1,2011-02-01 15:12:00,7.46,,United Kingdom,False
577845,84378,SET OF 3 HEART COOKIE CUTTERS,24,2011-11-22 10:44:00,1.45,18139,United Kingdom,False
540798,21455,PAINTED YELLOW WOODEN DAISY,12,2011-01-11 12:11:00,0.85,17365,United Kingdom,False
539436,22573,STAR WOODEN CHRISTMAS DECORATION,1,2010-12-17 14:49:00,1.66,,United Kingdom,False
566434,22303,COFFEE MUG APPLES DESIGN,6,2011-09-12 15:01:00,2.55,17090,United Kingdom,False
568047,23129,HEART SHAPED HOLLY WREATH,12,2011-09-23 12:27:00,4.15,15075,United Kingdom,False
550052,47566,PARTY BUNTING,4,2011-04-14 12:00:00,4.95,17068,United Kingdom,False
553556,23193,BUFFALO BILL TREASURE BOOK BOX,1,2011-05-17 16:48:00,2.25,17530,United Kingdom,False
555324,22134,MINI LADLE LOVE HEART RED,1,2011-06-02 11:02:00,0.83,,United Kingdom,False
563037,23190,BUNDLE OF 3 SCHOOL EXERCISE BOOKS,12,2011-08-11 15:02:00,1.65,12362,Belgium,False
C562097,22384,LUNCH BAG PINK POLKADOT,-1,2011-08-02 13:19:00,1.45,15311,United Kingdom,True
578068,22086,PAPER CHAIN KIT 50'S CHRISTMAS,2,2011-11-22 15:45:00,2.95,14505,United Kingdom,False
547801,22348,TEA BAG PLATE RED RETROSPOT,24,2011-03-25 12:57:00,0.85,14107,United Kingdom,False
574950,22996,TRAVEL CARD WALLET VINTAGE TICKET,3,2011-11-08 09:29:00,0.83,,United Kingdom,False
567850,23297,SET 40 HEART SHAPE PETIT FOUR CASES,6,2011-09-22 13:18:00,1.65,15067,United Kingdom,False
565865,22727,ALARM CLOCK BAKELIKE RED,12,2011-09-07 15:07:00,3.75,12637,France,False
559004,23243,SET OF TEA COFFEE SUGAR TINS PANTRY,8,2011-07-05 12:23:00,4.95,12428,Finland,False
543814,22957,SET 3 PAPER VINTAGE CHICK PAPER EGG,10,2011-02-13 15:17:00,2.95,15640,United Kingdom,False
575199,20726,LUNCH BAG WOODLAND,20,2011-11-09 09:48:00,1.65,12921,United Kingdom,False
559527,22776,SWEETHEART CAKESTAND 3 TIER,2,2011-07-10 11:24:00,9.95,17787,United Kingdom,False
581196,23570,TRADITIONAL PICK UP STICKS GAME,24,2011-12-07 17:25:00,1.25,12935,United Kingdom,False
558330,22565,FELTCRAFT HAIRBANDS PINK AND WHITE,12,2011-06-28 12:16:00,0.85,12748,United Kingdom,False
541508,22318,FIVE HEART HANGING DECORATION,1,2011-01-18 16:06:00,5.79,,United Kingdom,False
544556,22467,GUMBALL COAT RACK,6,2011-02-21 12:29:00,2.55,13477,United Kingdom,False
574269,22624,IVORY KITCHEN SCALES,2,2011-11-03 14:27:00,8.5,15570,United Kingdom,False
578477,72807A,???MISSING,-224,2011-11-24 12:45:00,0.0,,United Kingdom,False
541215,22296,HEART IVORY TRELLIS LARGE,12,2011-01-14 13:42:00,1.65,14329,United Kingdom,False
575739,22077,6 RIBBONS RUSTIC CHARM,1,2011-11-11 09:05:00,4.13,,United Kingdom,False
555245,23200,JUMBO BAG PEARS,1,2011-06-01 14:12:00,2.08,14800,United Kingdom,False
558045,22969,HOMEMADE JAM SCENTED CANDLES,12,2011-06-24 13:35:00,1.45,12615,France,False
539469,22753,SMALL YELLOW BABUSHKA NOTEBOOK,2,2010-12-19 13:59:00,0.85,17841,United Kingdom,False
562934,21212,PACK OF 72 RETROSPOT CAKE CASES,3,2011-08-10 16:56:00,1.25,,United Kingdom,False
577337,72780,BLACK SILOUETTE CANDLE PLATE,1,2011-11-18 14:51:00,0.85,15494,United Kingdom,False
554514,22427,ENAMEL FLOWER JUG CREAM,1,2011-05-24 15:58:00,11.63,,United Kingdom,False
554281,21313,GLASS HEART T-LIGHT HOLDER,12,2011-05-23 13:41:00,0.85,18160,United Kingdom,False
579154,22423,REGENCY CAKESTAND 3 TIER,1,2011-11-28 13:27:00,12.75,17218,United Kingdom,False
561869,22384,LUNCH BAG PINK POLKADOT,1,2011-07-31 11:38:00,1.65,16764,United Kingdom,False
555544,23078,ICE CREAM PEN LIP GLOSS,24,2011-06-05 13:05:00,1.25,14621,United Kingdom,False
567711,23186,FRENCH STYLE STORAGE JAR CAFE,48,2011-09-22 10:04:00,0.29,15603,United Kingdom,False
544074,85049C,ROMANTIC PINKS RIBBONS,4,2011-02-15 14:49:00,1.25,14156,EIRE,False
560911,16168M,FUNKY MONKEY GIFT BAG MEDIUM,6,2011-07-21 18:00:00,0.42,17961,United Kingdom,False
575930,DOT,DOTCOM POSTAGE,1,2011-11-11 17:58:00,454.35,,United Kingdom,False
570380,22320,BIRDS MOBILE VINTAGE DESIGN,1,2011-10-10 12:35:00,5.95,14606,United Kingdom,False
571671,23393,HOME SWEET HOME CUSHION COVER,3,2011-10-18 13:15:00,3.75,16940,United Kingdom,False
579629,22384,LUNCH BAG PINK POLKADOT,2,2011-11-30 12:16:00,1.65,14963,United Kingdom,False
561600,22556,PLASTERS IN TIN CIRCUS PARADE,1,2011-07-28 11:29:00,1.65,15861,United Kingdom,False
576840,22577,WOODEN HEART CHRISTMAS SCANDINAVIAN,7,2011-11-16 15:23:00,0.83,,United Kingdom,False
576181,21507,ELEPHANT BIRTHDAY CARD,12,2011-11-14 11:19:00,0.42,15572,United Kingdom,False
C537602,22423,REGENCY CAKESTAND 3 TIER,-2,2010-12-07 12:45:00,10.95,17511,United Kingdom,True
549546,22786,CUSHION COVER PINK UNION JACK,4,2011-04-10 11:24:00,5.95,16889,United Kingdom,False
542303,85232D,SET/3 DECOUPAGE STACKING TINS,3,2011-01-27 11:05:00,4.95,12539,Spain,False
556927,21169,YOU'RE CONFUSING ME METAL SIGN,240,2011-06-15 14:47:00,1.45,14156,EIRE,False
562345,84660B,BLACK STITCHED WALL CLOCK,40,2011-08-04 12:14:00,0.79,13694,United Kingdom,False
550438,22427,ENAMEL FLOWER JUG CREAM,3,2011-04-18 12:16:00,5.95,15265,United Kingdom,False
540517,22470,HEART OF WICKER LARGE,4,2011-01-09 12:02:00,2.95,17128,United Kingdom,False
539016,22568,FELTCRAFT CUSHION OWL,8,2010-12-15 13:49:00,3.75,13418,United Kingdom,False
567866,21212,PACK OF 72 RETROSPOT CAKE CASES,4,2011-09-22 14:13:00,0.55,16669,United Kingdom,False
571698,22759,SET OF 3 NOTEBOOKS IN PARCEL,96,2011-10-18 14:50:00,1.45,13805,United Kingdom,False
561205,84944,SET OF 6 KASHMIR FOLKART BAUBLES,6,2011-07-25 15:48:00,1.65,17693,United Kingdom,False
553035,23073,GEORGIAN TRINKET BOX,1,2011-05-12 20:13:00,12.5,17337,United Kingdom,False
556408,21231,SWEETHEART CERAMIC TRINKET BOX,4,2011-06-10 11:54:00,1.25,13533,United Kingdom,False
544969,22139,RETROSPOT TEA SET CERAMIC 11 PC,3,2011-02-25 11:32:00,4.95,15712,United Kingdom,False
561218,21899,GARAGE KEY FOB,1,2011-07-25 17:11:00,1.63,,United Kingdom,False
573585,23082,SET 6 PAPER TABLE LANTERN HEARTS,1,2011-10-31 14:41:00,7.46,,United Kingdom,False
566949,47591D,PINK FAIRY CAKE CHILDRENS APRON,1,2011-09-15 16:32:00,4.13,,United Kingdom,False
541104,85071A,BLUE CHARLIE+LOLA PERSONAL DOORSIGN,1,2011-01-13 14:29:00,0.83,,United Kingdom,False
581219,17012D,ORIGAMI ROSE INCENSE/CANDLE SET,2,2011-12-08 09:28:00,2.46,,United Kingdom,False
549117,22963,JAM JAR WITH GREEN LID,12,2011-04-06 12:56:00,0.85,13491,United Kingdom,False
546856,20728,LUNCH BAG CARS BLUE,10,2011-03-17 14:12:00,1.65,15433,United Kingdom,False
576339,21126,SET OF 6 GIRLS CELEBRATION CANDLES,1,2011-11-14 15:27:00,1.25,14096,United Kingdom,False
574948,22725,ALARM CLOCK BAKELIKE CHOCOLATE,8,2011-11-08 09:07:00,3.75,15805,United Kingdom,False
559055,20619,TROPICAL PASSPORT COVER,1,2011-07-05 17:09:00,1.63,,United Kingdom,False
556721,17091J,VANILLA INCENSE IN TIN,12,2011-06-14 11:23:00,0.38,15218,United Kingdom,False
538116,22086,PAPER CHAIN KIT 50'S CHRISTMAS,12,2010-12-09 15:32:00,2.95,13327,United Kingdom,False
575843,85099B,JUMBO BAG RED RETROSPOT,1,2011-11-11 12:02:00,2.08,14446,United Kingdom,False
556916,22555,PLASTERS IN TIN STRONGMAN,1,2011-06-15 13:35:00,1.65,16898,United Kingdom,False
540995,84660B,BLACK STITCHED WALL CLOCK,1,2011-01-13 09:30:00,3.29,,United Kingdom,False
539076,22169,FAMILY ALBUM WHITE PICTURE FRAME,16,2010-12-16 08:03:00,7.65,16525,United Kingdom,False
558067,22383,LUNCH BAG SUKI DESIGN,10,2011-06-24 15:51:00,1.65,14156,EIRE,False
573143,23565,EGG CUP MILKMAID HELGA,12,2011-10-27 17:56:00,1.25,13098,United Kingdom,False
540546,21217,RED RETROSPOT ROUND CAKE TINS,1,2011-01-09 15:56:00,9.95,12766,Portugal,False
553385,22698,PINK REGENCY TEACUP AND SAUCER,3,2011-05-16 15:53:00,2.95,16710,United Kingdom,False
C548748,84755,COLOUR GLASS T-LIGHT HOLDER HANGING,-16,2011-04-04 12:28:00,0.65,15223,United Kingdom,True
578814,22909,SET OF 20 VINTAGE CHRISTMAS NAPKINS,1,2011-11-25 13:40:00,0.85,12748,United Kingdom,False
554560,23174,REGENCY SUGAR BOWL GREEN,6,2011-05-25 10:35:00,4.15,13317,United Kingdom,False
547772,22431,WATERING CAN BLUE ELEPHANT,1,2011-03-25 11:34:00,1.95,17979,United Kingdom,False
563098,22425,ENAMEL COLANDER CREAM,12,2011-08-12 09:14:00,4.95,14911,EIRE,False
543541,22784,LANTERN CREAM GAZEBO,3,2011-02-09 14:44:00,4.95,12462,Spain,False
579307,21181,PLEASE ONE PERSON METAL SIGN,48,2011-11-29 11:34:00,1.85,17655,United Kingdom,False
578945,22186,RED STAR CARD HOLDER,1,2011-11-27 13:47:00,1.95,16877,United Kingdom,False
539451,21110,LARGE CAKE TOWEL PINK SPOTS,2,2010-12-17 16:59:00,13.57,,United Kingdom,False
557307,23145,ZINC T-LIGHT HOLDER STAR LARGE,12,2011-06-19 14:56:00,0.95,14820,United Kingdom,False
543833,22788,BROCANTE COAT RACK,4,2011-02-14 10:24:00,9.95,12476,Germany,False
561314,85066,CREAM SWEETHEART MINI CHEST,2,2011-07-26 12:36:00,12.75,16266,United Kingdom,False
558771,22712,CARD DOLLY GIRL,12,2011-07-03 15:53:00,0.42,17105,United Kingdom,False
578811,21426,WOODLAND STORAGE BOX SMALL,12,2011-11-25 13:28:00,2.1,12438,Norway,False
536987,21845,DAIRY MAID STRIPE MUG,6,2010-12-03 14:54:00,2.95,17198,United Kingdom,False
580610,21888,BINGO SET,1,2011-12-05 11:48:00,7.46,,United Kingdom,False
564740,22352,LUNCH BOX WITH CUTLERY RETROSPOT,1,2011-08-28 14:39:00,2.55,14044,United Kingdom,False
570090,22427,ENAMEL FLOWER JUG CREAM,12,2011-10-07 11:43:00,5.45,13806,United Kingdom,False
578065,46776C,WOVEN FROST CUSHION COVER,2,2011-11-22 15:41:00,4.13,,United Kingdom,False
580893,85014A,BLACK/BLUE POLKADOT UMBRELLA,1,2011-12-06 12:38:00,5.95,17290,United Kingdom,False
579109,23498,CLASSIC BICYCLE CLIPS,12,2011-11-28 11:45:00,1.45,16705,United Kingdom,False
574557,21932,SCANDINAVIAN PAISLEY PICNIC BAG,10,2011-11-04 15:35:00,1.65,17652,United Kingdom,False
580071,23005,TRAVEL CARD WALLET I LOVE LONDON,48,2011-12-01 13:47:00,0.42,15500,United Kingdom,False
549185,22557,PLASTERS IN TIN VINTAGE PAISLEY,12,2011-04-07 09:35:00,1.65,18272,United Kingdom,False
550957,22897,OVEN MITT APPLES DESIGN,2,2011-04-21 16:37:00,1.45,18283,United Kingdom,False
556776,22553,PLASTERS IN TIN SKULLS,1,2011-06-14 12:24:00,1.65,14730,United Kingdom,False
581310,22746,POPPY'S PLAYHOUSE LIVINGROOM,1,2011-12-08 11:43:00,2.1,16442,United Kingdom,False
547665,22839,3 TIER CAKE TIN GREEN AND CREAM,1,2011-03-24 13:17:00,14.95,14256,United Kingdom,False
567454,22645,CERAMIC HEART FAIRY CAKE MONEY BANK,12,2011-09-20 12:12:00,1.45,15839,United Kingdom,False
548188,16161P,WRAP ENGLISH ROSE,25,2011-03-29 15:12:00,0.42,13263,United Kingdom,False
552735,22072,RED RETROSPOT TEA CUP AND SAUCER,24,2011-05-11 10:49:00,3.39,17428,United Kingdom,False
541592,84510C,SET OF 4 POLKADOT COASTERS,2,2011-01-19 15:08:00,2.46,,United Kingdom,False
558484,23165,LARGE CERAMIC TOP STORAGE JAR,12,2011-06-30 10:09:00,1.65,14267,United Kingdom,False
553211,22089,PAPER BUNTING VINTAGE PAISLEY,6,2011-05-16 09:40:00,2.95,15358,United Kingdom,False
569469,21524,DOORMAT SPOTTY HOME SWEET HOME,1,2011-10-04 12:22:00,8.25,16360,United Kingdom,False
580650,22068,BLACK PIRATE TREASURE CHEST,48,2011-12-05 13:30:00,0.39,14401,United Kingdom,False
568955,23162,REGENCY TEA STRAINER,48,2011-09-29 15:40:00,3.29,13759,United Kingdom,False
547830,21132,SILVER STANDING GNOME,1,2011-03-25 15:50:00,8.29,,United Kingdom,False
545897,82484,WOOD BLACK BOARD ANT WHITE FINISH,1,2011-03-07 17:22:00,16.63,,United Kingdom,False
559923,90010E,AMBER GLASS/SILVER BRACELET,1,2011-07-13 16:07:00,9.15,,United Kingdom,False
542667,20716,PARTY FOOD SHOPPER BAG,18,2011-01-31 12:16:00,1.25,17068,United Kingdom,False
566495,23308,SET OF 60 VINTAGE LEAF CAKE CASES,4,2011-09-13 11:14:00,0.55,15529,United Kingdom,False
575607,21868,POTTING SHED TEA MUG,1,2011-11-10 12:37:00,3.29,14096,United Kingdom,False
550311,22413,METAL SIGN TAKE IT OR LEAVE IT,1,2011-04-17 11:04:00,2.95,16728,United Kingdom,False
564825,85227,SET OF 6 3D KIT CARDS FOR KIDS,1,2011-08-30 12:26:00,1.63,,United Kingdom,False
547940,84879,ASSORTED COLOUR BIRD ORNAMENT,32,2011-03-28 14:43:00,1.69,16814,United Kingdom,False
539436,22891,TEA FOR ONE POLKADOT,1,2010-12-17 14:49:00,8.47,,United Kingdom,False
558262,22131,FOOD CONTAINER SET 3 LOVE HEART,72,2011-06-28 08:45:00,1.65,14646,Netherlands,False
538148,22501,PICNIC BASKET WICKER LARGE,1,2010-12-09 16:26:00,21.23,,United Kingdom,False
581238,21181,PLEASE ONE PERSON METAL SIGN,6,2011-12-08 10:53:00,4.13,,United Kingdom,False
540646,22032,BOTANICAL LILY GREETING CARD,1,2011-01-10 14:32:00,0.43,,United Kingdom,False
545571,21389,IVORY HANGING DECORATION  BIRD,12,2011-03-03 16:34:00,0.85,17700,United Kingdom,False
555397,22998,TRAVEL CARD WALLET KEEP CALM,1,2011-06-02 17:26:00,0.83,,United Kingdom,False
554367,22297,HEART IVORY TRELLIS SMALL,24,2011-05-24 10:24:00,1.25,13089,United Kingdom,False
545027,21243,PINK  POLKADOT PLATE,3,2011-02-25 14:59:00,3.29,,United Kingdom,False
564083,23203,JUMBO BAG VINTAGE DOILY,10,2011-08-23 08:54:00,2.08,17469,United Kingdom,False
570482,85099B,JUMBO BAG RED RETROSPOT,1,2011-10-10 17:00:00,2.08,17459,United Kingdom,False
571653,21675,BUTTERFLIES STICKERS,36,2011-10-18 12:17:00,0.72,14298,United Kingdom,False
551088,22698,PINK REGENCY TEACUP AND SAUCER,6,2011-04-26 12:31:00,2.95,14640,United Kingdom,False
541423,84596L,BISCUITS SMALL BOWL LIGHT BLUE,1,2011-01-17 17:54:00,0.83,,United Kingdom,False
569332,22943,CHRISTMAS LIGHTS 10 VINTAGE BAUBLES,1,2011-10-03 13:46:00,4.95,12637,France,False
562935,21931,JUMBO STORAGE BAG SUKI,10,2011-08-10 17:11:00,2.08,14156,EIRE,False
537666,21906,PHARMACIE FIRST AID TIN,2,2010-12-07 18:36:00,13.57,,United Kingdom,False
556083,20658,RED RETROSPOT LUGGAGE TAG,2,2011-06-08 15:23:00,2.46,,United Kingdom,False
567899,23326,HANGING MINI COLOURED BOTTLES,48,2011-09-22 16:26:00,0.63,14911,EIRE,False
542622,21654,RIDGED GLASS FINGER BOWL,2,2011-01-31 09:09:00,3.29,,United Kingdom,False
567850,23395,BELLE JARDINIERE CUSHION COVER,4,2011-09-22 13:18:00,3.75,15067,United Kingdom,False
543652,22707,WRAP MONSTER FUN,25,2011-02-11 10:15:00,0.42,15544,United Kingdom,False
569528,22149,FELTCRAFT 6 FLOWER FRIENDS,4,2011-10-04 14:53:00,2.1,16242,United Kingdom,False
557466,85099C,JUMBO  BAG BAROQUE BLACK WHITE,10,2011-06-20 13:08:00,2.08,13815,Germany,False
540238,21111,"SWISS ROLL TOWEL, CHOCOLATE  SPOTS",2,2011-01-05 14:44:00,2.51,,United Kingdom,False
565456,21354,TOAST ITS - BEST MUM,1,2011-09-04 16:12:00,1.25,16629,United Kingdom,False
541592,82581,TOILET METAL SIGN,2,2011-01-19 15:08:00,1.25,,United Kingdom,False
565670,23321,SMALL WHITE HEART OF WICKER,12,2011-09-06 09:23:00,1.65,14944,United Kingdom,False
541797,21715,GIRLS VINTAGE TIN SEASIDE BUCKET,1,2011-01-21 14:04:00,2.55,12970,United Kingdom,False
569898,22077,6 RIBBONS RUSTIC CHARM,2,2011-10-06 16:08:00,3.29,,United Kingdom,False
573897,21731,RED TOADSTOOL LED NIGHT LIGHT,2,2011-11-01 14:29:00,1.65,16729,United Kingdom,False
573361,22420,LIPSTICK PEN BABY PINK,1,2011-10-30 12:53:00,0.42,14456,United Kingdom,False
545186,21484,CHICK GREY HOT WATER BOTTLE,1,2011-02-28 15:05:00,3.45,17841,United Kingdom,False
567850,23157,SET OF 6 NATIVITY MAGNETS,12,2011-09-22 13:18:00,2.08,15067,United Kingdom,False
561645,23307,SET OF 60 PANTRY DESIGN CAKE CASES,24,2011-07-28 15:16:00,0.55,14911,EIRE,False
554512,85123A,WHITE HANGING HEART T-LIGHT HOLDER,1,2011-05-24 15:54:00,5.79,,United Kingdom,False
576891,22144,CHRISTMAS CRAFT LITTLE FRIENDS,12,2011-11-16 17:26:00,2.1,12662,Germany,False
581492,22988,SOLDIERS EGG CUP,1,2011-12-09 10:03:00,2.46,,United Kingdom,False
556517,84692,BOX OF 24 COCKTAIL PARASOLS,25,2011-06-13 10:52:00,0.42,12481,Germany,False
575930,22273,FELTCRAFT DOLL MOLLY,1,2011-11-11 17:58:00,5.79,,United Kingdom,False
553521,22301,COFFEE MUG CAT + BIRD DESIGN,1,2011-05-17 14:35:00,0.0,,United Kingdom,False
547964,22518,CHILDS GARDEN BRUSH BLUE,1,2011-03-28 15:45:00,4.13,,United Kingdom,False
580094,22680,FRENCH BLUE METAL DOOR SIGN 5,2,2011-12-01 14:50:00,1.25,15904,United Kingdom,False
545586,84459B,YELLOW METAL CHICKEN HEART,4,2011-03-04 09:44:00,1.49,,United Kingdom,False
544601,22442,GROW YOUR OWN FLOWERS SET OF 3,2,2011-02-22 09:00:00,7.95,16638,United Kingdom,False
563193,22544,MINI JIGSAW SPACEBOY,2,2011-08-12 16:30:00,0.83,,United Kingdom,False
543371,21867,PINK UNION JACK  LUGGAGE TAG,3,2011-02-07 14:53:00,1.25,14048,United Kingdom,False
540506,21539,RED RETROSPOT BUTTER DISH,2,2011-01-09 11:12:00,4.95,17796,United Kingdom,False
571036,22593,CHRISTMAS GINGHAM STAR,14,2011-10-13 12:52:00,0.85,17567,United Kingdom,False
576617,23570,TRADITIONAL PICK UP STICKS GAME,7,2011-11-15 16:57:00,2.46,,United Kingdom,False
552946,23298,SPOTTY BUNTING,3,2011-05-12 11:50:00,4.95,12683,France,False
561877,23208,LUNCH BAG VINTAGE LEAF DESIGN,10,2011-07-31 12:16:00,1.65,16401,United Kingdom,False
567972,23431,NATURAL HANGING QUILTED HEARTS,12,2011-09-23 10:14:00,0.83,13949,United Kingdom,False
575477,22621,TRADITIONAL KNITTING NANCY,9,2011-11-09 16:14:00,3.29,,United Kingdom,False
560843,20713,JUMBO BAG OWLS,60,2011-07-21 12:27:00,1.65,14298,United Kingdom,False
568202,23230,WRAP ALPHABET DESIGN,25,2011-09-25 15:01:00,0.42,15366,United Kingdom,False
569020,22961,JAM MAKING SET PRINTED,12,2011-09-30 09:39:00,1.45,15321,United Kingdom,False
556050,21524,DOORMAT SPOTTY HOME SWEET HOME,2,2011-06-08 13:04:00,7.95,14367,United Kingdom,False
575477,23537,WALL ART I LOVE LONDON,1,2011-11-09 16:14:00,10.79,,United Kingdom,False
574074,23568,EGG CUP HENRIETTA HEN CREAM,1,2011-11-02 15:33:00,2.46,,United Kingdom,False
568833,84692,BOX OF 24 COCKTAIL PARASOLS,5,2011-09-29 11:39:00,0.42,17348,United Kingdom,False
539437,21916,SET 12 RETRO WHITE CHALK STICKS,1,2010-12-17 14:54:00,0.85,,United Kingdom,False
579297,22865,HAND WARMER OWL DESIGN,3,2011-11-29 11:23:00,4.96,,United Kingdom,False
544837,22033,BOTANICAL ROSE GREETING CARD,12,2011-02-24 10:29:00,0.42,15910,United Kingdom,False
578925,23352,ROLL WRAP 50'S RED CHRISTMAS,1,2011-11-27 12:13:00,1.25,17365,United Kingdom,False
576771,22356,CHARLOTTE BAG PINK POLKADOT,10,2011-11-16 13:19:00,0.85,13285,United Kingdom,False
547361,22468,BABUSHKA LIGHTS STRING OF 10,4,2011-03-22 12:31:00,6.75,15298,United Kingdom,False
537567,22818,CARD CHRISTMAS VILLAGE,24,2010-12-07 11:59:00,0.42,18119,United Kingdom,False
562558,20685,DOORMAT RED RETROSPOT,1,2011-08-05 16:43:00,7.95,13451,United Kingdom,False
544887,22570,FELTCRAFT CUSHION RABBIT,4,2011-02-24 11:54:00,3.75,17364,United Kingdom,False
557615,21155,RED RETROSPOT PEG BAG,6,2011-06-21 13:24:00,2.55,15498,United Kingdom,False
569680,23271,CHRISTMAS TABLE SILVER CANDLE SPIKE,16,2011-10-05 14:28:00,0.83,16803,United Kingdom,False
549682,22669,RED BABY BUNTING,5,2011-04-11 13:22:00,2.95,12596,Spain,False
554957,DOT,DOTCOM POSTAGE,1,2011-05-27 15:17:00,75.75,,United Kingdom,False
539436,21945,STRAWBERRIES  DESIGN FLANNEL,2,2010-12-17 14:49:00,1.66,,United Kingdom,False
550626,85132C,CHARLIE AND LOLA FIGURES TINS,2,2011-04-19 14:23:00,1.95,13184,United Kingdom,False
543532,21181,PLEASE ONE PERSON METAL SIGN,1,2011-02-09 12:59:00,4.13,,United Kingdom,False
555277,85059,FRENCH ENAMEL WATER BASIN,1,2011-06-01 17:30:00,7.46,,United Kingdom,False
573083,23524,WALL ART HORSE & PONY,3,2011-10-27 14:22:00,3.75,13735,United Kingdom,False
577071,22781,GUMBALL MAGAZINE RACK,2,2011-11-17 14:56:00,7.65,13969,United Kingdom,False
566787,21935,SUKI  SHOULDER BAG,1,2011-09-15 10:31:00,4.13,,United Kingdom,False
574298,23369,SET 36 COLOUR PENCILS LOVE LONDON,2,2011-11-03 15:56:00,2.46,,United Kingdom,False
539225,22983,CARD BILLBOARD FONT,12,2010-12-16 13:02:00,0.42,15379,United Kingdom,False
545764,22665,RECIPE BOX BLUE SKETCHBOOK DESIGN,8,2011-03-07 12:00:00,2.95,13408,United Kingdom,False
554511,21094,SET/6 RED SPOTTY PAPER PLATES,1,2011-05-24 15:52:00,0.83,,United Kingdom,False
564536,21481,FAWN BLUE HOT WATER BOTTLE,2,2011-08-25 15:12:00,2.95,13159,United Kingdom,False
581492,21642,ASSORTED TUTTI FRUTTI PEN,4,2011-12-09 10:03:00,1.63,,United Kingdom,False
576147,23209,LUNCH BAG VINTAGE DOILY,20,2011-11-14 10:49:00,1.65,16303,United Kingdom,False
541871,22817,CARD SUKI BIRTHDAY,1,2011-01-24 09:41:00,0.83,,United Kingdom,False
563557,21123,SET/10 IVORY POLKADOT PARTY CANDLES,24,2011-08-17 13:33:00,1.25,15786,United Kingdom,False
559305,22811,SET OF 6 T-LIGHTS CACTI,1,2011-07-07 12:56:00,2.95,17892,United Kingdom,False
565401,85161,ACRYLIC GEOMETRIC LAMP,1,2011-09-02 17:38:00,18.95,16686,United Kingdom,False
540681,22557,PLASTERS IN TIN VINTAGE PAISLEY,1,2011-01-10 16:25:00,3.36,,United Kingdom,False
538637,22800,ANTIQUE TALL SWIRLGLASS TRINKET POT,1,2010-12-13 13:52:00,3.75,17611,United Kingdom,False
572887,21131,GOLD STANDING GNOME,4,2011-10-26 13:47:00,4.25,12362,Belgium,False
579777,85049A,TRADITIONAL CHRISTMAS RIBBONS,2,2011-11-30 15:13:00,2.46,,United Kingdom,False
560266,22795,SWEETHEART RECIPE BOOK STAND,12,2011-07-17 13:54:00,6.75,17389,United Kingdom,False
556671,23289,DOLLY GIRL CHILDRENS BOWL,2,2011-06-13 16:33:00,1.25,17841,United Kingdom,False
567213,23332,IVORY WICKER HEART LARGE,1,2011-09-19 11:04:00,1.65,14684,United Kingdom,False
565236,23202,JUMBO BAG VINTAGE LEAF,10,2011-09-02 09:45:00,2.08,14276,United Kingdom,False
552520,84987,SET OF 36 TEATIME PAPER DOILIES,1,2011-05-09 16:34:00,2.92,,United Kingdom,False
545157,48194,DOORMAT HEARTS,2,2011-02-28 13:27:00,7.95,14239,United Kingdom,False
571441,84988,SET OF 72 PINK HEART PAPER DOILIES,10,2011-10-17 13:31:00,2.92,14096,United Kingdom,False
547095,20971,PINK BLUE FELT CRAFT TRINKET BOX,24,2011-03-21 09:03:00,1.25,13018,United Kingdom,False
540681,84968E,SET OF 16 VINTAGE BLACK CUTLERY,2,2011-01-10 16:25:00,8.47,,United Kingdom,False
540179,22960,JAM MAKING SET WITH JARS,1,2011-01-05 12:54:00,4.25,16033,United Kingdom,False
560036,48188,DOORMAT WELCOME PUPPIES,2,2011-07-14 13:51:00,7.95,14911,EIRE,False
557468,22726,ALARM CLOCK BAKELIKE GREEN,2,2011-06-20 13:14:00,3.75,16713,United Kingdom,False
564536,22437,SET OF 9 BLACK SKULL BALLOONS,10,2011-08-25 15:12:00,0.85,13159,United Kingdom,False
558709,15056N,EDWARDIAN PARASOL NATURAL,1,2011-07-01 13:02:00,5.95,17338,United Kingdom,False
574351,23188,VINTAGE  2 METRE FOLDING RULER,1,2011-11-04 10:37:00,1.65,17348,United Kingdom,False
577358,20725,LUNCH BAG RED RETROSPOT,2,2011-11-18 15:59:00,4.13,,United Kingdom,False
551555,21043,APRON MODERN VINTAGE COTTON,5,2011-05-03 10:25:00,1.95,17315,United Kingdom,False
559928,22627,MINT KITCHEN SCALES,2,2011-07-14 08:52:00,8.5,12405,Finland,False
558681,22173,METAL 4 HOOK HANGER FRENCH CHATEAU,1,2011-07-01 11:20:00,5.79,,United Kingdom,False
566495,21508,VINTAGE KID DOLLY CARD,12,2011-09-13 11:14:00,0.42,15529,United Kingdom,False
536976,22131,FOOD CONTAINER SET 3 LOVE HEART,1,2010-12-03 14:18:00,1.95,14723,United Kingdom,False
547359,22564,ALPHABET STENCIL CRAFT,1,2011-03-22 12:27:00,1.25,15719,United Kingdom,False
545909,22524,CHILDRENS GARDEN GLOVES BLUE,10,2011-03-08 09:45:00,1.25,15819,United Kingdom,False
537371,21866,UNION JACK FLAG LUGGAGE TAG,8,2010-12-06 12:47:00,1.25,15028,United Kingdom,False
575342,22946,WOODEN ADVENT CALENDAR CREAM,6,2011-11-09 14:44:00,16.95,17528,United Kingdom,False
579016,23498,CLASSIC BICYCLE CLIPS,36,2011-11-28 09:55:00,1.45,12906,United Kingdom,False
545715,22041,"RECORD FRAME 7"" SINGLE SIZE",1,2011-03-07 10:13:00,4.96,,United Kingdom,False
575068,23205,CHARLOTTE BAG VINTAGE ALPHABET,10,2011-11-08 12:46:00,0.85,14282,United Kingdom,False
546419,22173,METAL 4 HOOK HANGER FRENCH CHATEAU,2,2011-03-13 11:06:00,2.95,16693,United Kingdom,False
558116,21430,SET/3 RED GINGHAM ROSE STORAGE BOX,2,2011-06-27 09:11:00,7.46,,United Kingdom,False
576373,23555,LANDMARK FRAME NOTTING HILL,3,2011-11-15 08:43:00,12.5,12640,France,False
543367,21259,VICTORIAN SEWING BOX SMALL,4,2011-02-07 14:33:00,5.95,18225,United Kingdom,False
560586,21257,VICTORIAN SEWING BOX MEDIUM,96,2011-07-19 15:48:00,6.95,13631,United Kingdom,False
579749,22111,SCOTTIE DOG HOT WATER BOTTLE,12,2011-11-30 14:41:00,4.95,13362,United Kingdom,False
557799,22090,PAPER BUNTING RETROSPOT,12,2011-06-23 09:53:00,2.95,14854,United Kingdom,False
546963,20711,JUMBO BAG TOYS,10,2011-03-18 11:39:00,1.95,16779,United Kingdom,False
545215,84563A,PINK & WHITE BREAKFAST TRAY,1,2011-02-28 16:47:00,11.63,,United Kingdom,False
552229,84872A,TEATIME FUNKY FLOWER BACKPACK FOR 2,2,2011-05-06 15:40:00,10.79,,United Kingdom,False
553718,23169,CLASSIC GLASS COOKIE JAR,1,2011-05-18 16:14:00,8.29,,United Kingdom,False
563073,23205,CHARLOTTE BAG VINTAGE ALPHABET,10,2011-08-11 15:56:00,0.85,18235,United Kingdom,False
551747,84313C,ORANGE TV TRAY TABLE,24,2011-05-04 11:00:00,1.95,14298,United Kingdom,False
560106,21890,S/6 WOODEN SKITTLES IN COTTON BAG,6,2011-07-14 20:01:00,3.25,17554,United Kingdom,False
563917,21126,SET OF 6 GIRLS CELEBRATION CANDLES,2,2011-08-21 13:46:00,1.25,14572,United Kingdom,False
574076,20661,BLUE POLKADOT PURSE,1,2011-11-02 15:38:00,5.79,,United Kingdom,False
581492,47504H,ENGLISH ROSE SPIRIT LEVEL,1,2011-12-09 10:03:00,3.29,,United Kingdom,False
542906,21977,PACK OF 60 PINK PAISLEY CAKE CASES,10,2011-02-01 15:12:00,1.25,,United Kingdom,False
567482,20668,DISCO BALL CHRISTMAS DECORATION,24,2011-09-20 13:42:00,0.12,16464,United Kingdom,False
552108,22978,PANTRY ROLLING PIN,1,2011-05-06 11:36:00,3.75,17841,United Kingdom,False
562619,15056N,EDWARDIAN PARASOL NATURAL,2,2011-08-08 12:34:00,5.95,15311,United Kingdom,False
548969,22243,5 HOOK HANGER RED MAGIC TOADSTOOL,96,2011-04-05 11:01:00,1.45,14646,Netherlands,False
548893,35911A,MULTICOLOUR RABBIT EGG WARMER,1,2011-04-04 15:54:00,0.83,,United Kingdom,False
543245,21154,RED RETROSPOT OVEN GLOVE,1,2011-02-04 14:08:00,1.25,16725,United Kingdom,False
551247,22499,WOODEN UNION JACK BUNTING,3,2011-04-27 11:56:00,5.95,15640,United Kingdom,False
570187,22997,TRAVEL CARD WALLET UNION JACK,1,2011-10-07 15:09:00,0.83,,United Kingdom,False
569239,22846,BREAD BIN DINER STYLE RED,4,2011-10-03 08:30:00,14.95,14644,United Kingdom,False
543826,35095B,RED VICTORIAN FABRIC OVAL BOX,2,2011-02-14 09:41:00,0.83,,United Kingdom,False
579777,22660,DOORMAT I LOVE LONDON,1,2011-11-30 15:13:00,15.79,,United Kingdom,False
571279,23269,SET OF 2 CERAMIC CHRISTMAS TREES,12,2011-10-16 12:54:00,1.45,16466,United Kingdom,False
544167,21621,VINTAGE UNION JACK BUNTING,4,2011-02-16 13:14:00,8.5,14755,United Kingdom,False
551284,84535B,FAIRY CAKES NOTEBOOK A6 SIZE,4,2011-04-27 14:05:00,0.65,15005,United Kingdom,False
577174,23080,RED METAL BOX TOP SECRET,2,2011-11-18 10:58:00,8.25,17841,United Kingdom,False
538349,22217,T-LIGHT HOLDER HANGING LACE,1,2010-12-10 14:59:00,2.51,,United Kingdom,False
564757,21154,RED RETROSPOT OVEN GLOVE,1,2011-08-30 10:36:00,2.46,,United Kingdom,False
552671,22629,SPACEBOY LUNCH BOX,1,2011-05-10 15:06:00,2.46,,United Kingdom,False
571554,21238,RED RETROSPOT CUP,6,2011-10-18 09:13:00,1.63,,United Kingdom,False
537224,22632,HAND WARMER RED RETROSPOT,6,2010-12-05 16:24:00,2.1,13174,United Kingdom,False
563848,21429,RED GINGHAM ROSE JEWELLERY BOX,8,2011-08-19 14:57:00,1.95,14911,EIRE,False
545637,22727,ALARM CLOCK BAKELIKE RED,7,2011-03-04 12:16:00,3.75,15514,United Kingdom,False
572058,21340,CLASSIC METAL BIRDCAGE PLANT HOLDER,1,2011-10-20 12:43:00,12.75,18252,United Kingdom,False
573289,85049E,SCANDINAVIAN REDS RIBBONS,12,2011-10-28 14:44:00,1.25,12705,Germany,False
559896,22980,PANTRY SCRUBBING BRUSH,1,2011-07-13 12:15:00,1.65,15530,United Kingdom,False
539214,22904,CALENDAR PAPER CUT DESIGN,1,2010-12-16 12:31:00,2.95,17062,United Kingdom,False
540411,22074,6 RIBBONS SHIMMERING PINKS,96,2011-01-07 10:24:00,0.42,16551,United Kingdom,False
546385,22607,WOODEN ROUNDERS GARDEN SET,8,2011-03-11 13:13:00,8.5,16652,United Kingdom,False
572552,21899,GARAGE KEY FOB,1,2011-10-24 17:07:00,1.63,14096,United Kingdom,False
541291,20772,GARDEN PATH JOURNAL,2,2011-01-17 13:25:00,2.55,14667,United Kingdom,False
579012,21524,DOORMAT SPOTTY HOME SWEET HOME,1,2011-11-28 09:43:00,8.25,15511,United Kingdom,False
575195,22326,ROUND SNACK BOXES SET OF4 WOODLAND,12,2011-11-09 09:40:00,2.95,16767,United Kingdom,False
540848,84050,PINK HEART SHAPE EGG FRYING PAN,2,2011-01-12 09:26:00,4.21,,United Kingdom,False
C559664,21703,BAG 125G SWIRLY MARBLES,-1,2011-07-11 13:34:00,0.42,18142,United Kingdom,True
560276,21899,GARAGE KEY FOB,1,2011-07-17 15:11:00,0.65,14606,United Kingdom,False
557603,22795,SWEETHEART RECIPE BOOK STAND,2,2011-06-21 12:02:00,6.75,16526,United Kingdom,False
539958,22074,6 RIBBONS SHIMMERING PINKS,22,2010-12-23 13:26:00,0.85,,United Kingdom,False
558370,85183B,CHARLIE & LOLA WASTEPAPER BIN FLORA,6,2011-06-28 15:44:00,1.25,17750,United Kingdom,False
566847,22659,LUNCH BOX I LOVE LONDON,2,2011-09-15 11:57:00,1.95,15005,United Kingdom,False
540362,85054,FRENCH ENAMEL POT W LID,12,2011-01-06 15:42:00,1.25,13656,United Kingdom,False
576653,47566,PARTY BUNTING,96,2011-11-16 10:45:00,4.15,14156,EIRE,False
562553,90016B,GOLD/M.O.P PENDANT ORBIT NECKLACE,2,2011-08-05 16:34:00,8.32,,United Kingdom,False
538630,22835,HOT WATER BOTTLE I AM SO POORLY,8,2010-12-13 13:25:00,4.65,14565,United Kingdom,False
561820,23103,JINGLE BELL HEART DECORATION,1,2011-07-29 16:00:00,3.29,,United Kingdom,False
561492,22528,,-1,2011-07-27 13:57:00,0.0,,United Kingdom,False
573576,22666,RECIPE BOX PANTRY YELLOW DESIGN,1,2011-10-31 14:09:00,5.79,14096,United Kingdom,False
567656,21056,DOCTOR'S BAG SOFT TOY,1,2011-09-21 14:40:00,16.63,14096,United Kingdom,False
579508,22755,SMALL PURPLE BABUSHKA NOTEBOOK,1,2011-11-29 16:33:00,1.63,,United Kingdom,False
542241,85152,HAND OVER THE CHOCOLATE   SIGN,2,2011-01-26 14:51:00,2.1,16409,United Kingdom,False
580091,21620,SET OF 4 ROSE BOTANICAL CANDLES,4,2011-12-01 14:37:00,3.75,17293,United Kingdom,False
563929,21906,PHARMACIE FIRST AID TIN,1,2011-08-21 15:35:00,6.75,15031,United Kingdom,False
545301,22559,SEASIDE FLYING DISC,12,2011-03-01 12:26:00,1.25,12679,France,False
554106,23256,CHILDRENS CUTLERY SPACEBOY,4,2011-05-22 14:05:00,4.15,12710,Germany,False
552871,21249,WOODLAND  HEIGHT CHART STICKERS,6,2011-05-12 08:52:00,2.95,12693,Germany,False
576848,23255,CHILDRENS CUTLERY CIRCUS PARADE,2,2011-11-16 15:38:00,4.15,15051,United Kingdom,False
555577,21925,UNION STRIPE CUSHION COVER,12,2011-06-05 15:53:00,1.25,15301,United Kingdom,False
575846,22768,FAMILY PHOTO FRAME CORNICE,1,2011-11-11 12:07:00,9.95,17364,United Kingdom,False
540353,22969,HOMEMADE JAM SCENTED CANDLES,12,2011-01-06 14:53:00,1.45,13764,United Kingdom,False
543040,21561,DINOSAUR LUNCH BOX WITH CUTLERY,2,2011-02-02 17:06:00,2.55,17337,United Kingdom,False
565295,23189,SET OF 12 FORK CANDLES,6,2011-09-02 12:01:00,2.89,12794,Portugal,False
574093,84378,SET OF 3 HEART COOKIE CUTTERS,12,2011-11-03 09:43:00,1.45,12437,France,False
569803,22398,MAGNETS PACK OF 4 SWALLOWS,12,2011-10-06 11:48:00,0.39,13090,United Kingdom,False
562583,16008,SMALL FOLDING SCISSOR(POINTED EDGE),288,2011-08-07 13:54:00,0.12,15831,United Kingdom,False
575034,22629,SPACEBOY LUNCH BOX,1,2011-11-08 11:38:00,1.95,15573,United Kingdom,False
575744,46000S,POLYESTER FILLER PAD 40X40CM,4,2011-11-11 10:03:00,1.45,14035,United Kingdom,False
566566,51014C,"FEATHER PEN,COAL BLACK",1,2011-09-13 12:32:00,0.83,14096,United Kingdom,False
542867,22662,LUNCH BAG DOLLY GIRL DESIGN,4,2011-02-01 12:22:00,1.65,,United Kingdom,False
540245,21982,PACK OF 12 SUKI TISSUES,96,2011-01-05 15:42:00,0.29,13082,United Kingdom,False
574950,22406,MONEY BOX KINGS CHOICE DESIGN,1,2011-11-08 09:29:00,2.46,,United Kingdom,False
562146,20979,36 PENCILS TUBE RED RETROSPOT,16,2011-08-03 10:45:00,1.25,17675,United Kingdom,False
546977,21122,SET/10 PINK POLKADOT PARTY CANDLES,2,2011-03-18 12:08:00,2.46,,United Kingdom,False
578344,22340,NOEL GARLAND PAINTED ZINC,10,2011-11-24 09:21:00,0.83,,United Kingdom,False
566789,72807A,SET/3 ROSE CANDLE IN JEWELLED BOX,4,2011-09-15 10:35:00,4.25,13134,United Kingdom,False
538881,72741,GRAND CHOCOLATECANDLE,3,2010-12-14 15:54:00,2.82,,United Kingdom,False
537237,84950,ASSORTED COLOUR T-LIGHT HOLDER,6,2010-12-06 09:58:00,0.99,,United Kingdom,False
565835,22203,MILK PAN RED RETROSPOT,1,2011-09-07 11:32:00,3.75,14452,United Kingdom,False
572540,84032B,CHARLIE + LOLA RED HOT WATER BOTTLE,1,2011-10-24 16:17:00,3.29,,United Kingdom,False
570685,72800C,4 PINK DINNER CANDLE SILVER FLOCK,1,2011-10-11 16:25:00,2.55,13208,United Kingdom,False
580367,21813,GARLAND WITH STARS AND BELLS,9,2011-12-02 16:39:00,3.29,,United Kingdom,False
568792,23171,REGENCY TEA PLATE GREEN,12,2011-09-29 09:53:00,1.65,18192,United Kingdom,False
557938,85025B,EAU DE NILE HEART SHAPE PHOTO FRAME,1,2011-06-23 15:35:00,3.29,,United Kingdom,False
569536,22170,PICTURE FRAME WOOD TRIPLE PORTRAIT,4,2011-10-04 15:44:00,6.75,13269,United Kingdom,False
580468,17012D,ORIGAMI ROSE INCENSE/CANDLE SET,1,2011-12-04 12:31:00,0.85,12748,United Kingdom,False
543984,85116,BLACK CANDELABRA T-LIGHT HOLDER,96,2011-02-15 09:35:00,0.65,15601,United Kingdom,False
550439,22671,FRENCH LAUNDRY SIGN BLUE METAL,6,2011-04-18 12:17:00,1.65,18231,United Kingdom,False
579002,84991,60 TEATIME FAIRY CAKE CASES,2,2011-11-27 16:27:00,0.55,14093,United Kingdom,False
581492,23501,KEY RING BASEBALL BOOT UNION JACK,3,2011-12-09 10:03:00,2.46,,United Kingdom,False
574103,23460,SWEETHEART WALL TIDY,2,2011-11-03 10:30:00,9.95,13636,United Kingdom,False
579286,21034,REX CASH+CARRY JUMBO SHOPPER,2,2011-11-29 10:57:00,0.95,17772,United Kingdom,False
560845,20914,SET/5 RED RETROSPOT LID GLASS BOWLS,6,2011-07-21 12:29:00,2.95,15570,United Kingdom,False
579399,22563,HAPPY STENCIL CRAFT,2,2011-11-29 12:09:00,1.25,13137,United Kingdom,False
578506,23570,TRADITIONAL PICK UP STICKS GAME,4,2011-11-24 13:01:00,1.25,17458,United Kingdom,False
553931,C2,CARRIAGE,1,2011-05-20 10:27:00,50.0,14911,EIRE,False
568721,21224,SET/4 SKULL BADGES,3,2011-09-28 16:24:00,0.83,,United Kingdom,False
568650,21242,RED RETROSPOT PLATE,16,2011-09-28 11:56:00,1.69,13505,Switzerland,False
566193,22423,REGENCY CAKESTAND 3 TIER,1,2011-09-09 13:37:00,12.75,14961,United Kingdom,False
580729,23198,PANTRY MAGNETIC  SHOPPING LIST,2,2011-12-05 17:24:00,3.29,,United Kingdom,False
549321,22784,LANTERN CREAM GAZEBO,3,2011-04-08 10:19:00,4.95,14243,United Kingdom,False
550921,21172,PARTY METAL SIGN,12,2011-04-21 14:21:00,1.45,14770,United Kingdom,False
543045,22089,PAPER BUNTING VINTAGE PAISLEY,6,2011-02-03 09:04:00,2.95,14309,United Kingdom,False
565725,22131,FOOD CONTAINER SET 3 LOVE HEART,6,2011-09-06 11:55:00,1.95,13949,United Kingdom,False
555851,22896,PEG BAG APPLES DESIGN,2,2011-06-07 13:37:00,2.55,13050,United Kingdom,False
578844,23228,FILIGREE HEART BIRD WHITE,1,2011-11-25 16:14:00,2.46,,United Kingdom,False
554950,23284,DOORMAT KEEP CALM AND COME IN,2,2011-05-27 14:48:00,7.95,14227,United Kingdom,False
577615,85049G,CHOCOLATE BOX RIBBONS,12,2011-11-21 10:22:00,1.25,12658,Germany,False
548388,20973,12 PENCIL SMALL TUBE WOODLAND,4,2011-03-30 16:52:00,0.65,13268,United Kingdom,False
571315,82494L,WOODEN FRAME ANTIQUE WHITE,18,2011-10-17 10:47:00,2.95,16542,United Kingdom,False
537762,22442,GROW YOUR OWN FLOWERS SET OF 3,2,2010-12-08 12:01:00,7.95,16558,United Kingdom,False
537030,20969,RED FLORAL FELTCRAFT SHOULDER BAG,8,2010-12-03 16:44:00,3.75,16455,United Kingdom,False
572030,23382,BOX OF 6 CHRISTMAS CAKE DECORATIONS,4,2011-10-20 11:51:00,3.75,14923,United Kingdom,False
556685,22863,SOAP DISH BROCANTE,8,2011-06-14 10:00:00,2.95,14503,United Kingdom,False
565610,22141,CHRISTMAS CRAFT TREE TOP ANGEL,6,2011-09-05 14:56:00,2.1,14849,United Kingdom,False
546896,21866,UNION JACK FLAG LUGGAGE TAG,1,2011-03-17 18:24:00,2.46,,United Kingdom,False
574700,22293,HANGING CHICK GREEN DECORATION,4,2011-11-06 13:53:00,1.45,16033,United Kingdom,False
553393,21833,CAMOUFLAGE LED TORCH,1,2011-05-16 16:46:00,3.29,,United Kingdom,False
574269,22909,SET OF 20 VINTAGE CHRISTMAS NAPKINS,12,2011-11-03 14:27:00,0.85,15570,United Kingdom,False
549431,22766,PHOTO FRAME CORNICE,12,2011-04-08 12:17:00,2.95,15874,United Kingdom,False
560650,79321,CHILLI LIGHTS,6,2011-07-20 11:38:00,5.75,15529,United Kingdom,False
544928,20617,FIRST CLASS PASSPORT COVER,1,2011-02-24 18:07:00,4.13,,United Kingdom,False
564536,21479,WHITE SKULL HOT WATER BOTTLE,2,2011-08-25 15:12:00,3.75,13159,United Kingdom,False
537237,15036,ASSORTED COLOURS SILK FAN,2,2010-12-06 09:58:00,1.28,,United Kingdom,False
545909,21724,PANDA AND BUNNIES STICKER SHEET,12,2011-03-08 09:45:00,0.85,15819,United Kingdom,False
571725,23284,DOORMAT KEEP CALM AND COME IN,2,2011-10-19 08:32:00,8.25,13491,United Kingdom,False
537538,21704,BAG 250G SWIRLY MARBLES,12,2010-12-07 11:49:00,0.85,15353,United Kingdom,False
578270,84970S,HANGING HEART ZINC T-LIGHT HOLDER,13,2011-11-23 13:39:00,2.08,14096,United Kingdom,False
565471,23199,JUMBO BAG APPLES,10,2011-09-05 10:12:00,2.08,13931,United Kingdom,False
539750,21929,JUMBO BAG PINK VINTAGE PAISLEY,7,2010-12-21 15:40:00,5.06,,United Kingdom,False
577008,16237,SLEEPING CAT ERASERS,30,2011-11-17 12:02:00,0.21,16869,United Kingdom,False
575612,23035,DRAWER KNOB CERAMIC IVORY,36,2011-11-10 12:47:00,1.45,17416,United Kingdom,False
568379,21326,AGED GLASS SILVER T-LIGHT HOLDER,144,2011-09-27 09:05:00,0.55,16626,United Kingdom,False
537434,22620,4 TRADITIONAL SPINNING TOPS,2,2010-12-06 16:57:00,2.51,,United Kingdom,False
539475,20751,FUNKY WASHING UP GLOVES ASSORTED,1,2010-12-19 14:41:00,2.1,16686,United Kingdom,False
560228,17091J,VANILLA INCENSE IN TIN,6,2011-07-15 17:29:00,0.38,17750,United Kingdom,False
575183,22423,REGENCY CAKESTAND 3 TIER,2,2011-11-09 08:36:00,12.75,13046,United Kingdom,False
545023,20728,LUNCH BAG CARS BLUE,10,2011-02-25 14:25:00,1.65,12921,United Kingdom,False
541658,22244,3 HOOK HANGER MAGIC GARDEN,3,2011-01-20 12:16:00,1.95,15529,United Kingdom,False
561699,22216,T-LIGHT HOLDER WHITE LACE,24,2011-07-29 10:32:00,0.85,12971,United Kingdom,False
555109,23175,REGENCY MILK JUG PINK,4,2011-05-31 14:19:00,3.25,16023,United Kingdom,False
550953,21626,VINTAGE UNION JACK PENNANT,1,2011-04-21 16:17:00,4.13,,United Kingdom,False
539477,84030E,ENGLISH ROSE HOT WATER BOTTLE,4,2010-12-19 14:58:00,4.25,18245,United Kingdom,False
576599,22844,VINTAGE CREAM DOG FOOD CONTAINER,2,2011-11-15 15:06:00,8.5,14544,United Kingdom,False
575117,20992,JAZZ HEARTS PURSE NOTEBOOK,2,2011-11-08 14:22:00,0.39,12748,United Kingdom,False
548978,21212,PACK OF 72 RETROSPOT CAKE CASES,24,2011-04-05 12:08:00,0.55,15727,United Kingdom,False
544691,21888,BINGO SET,4,2011-02-23 09:09:00,3.75,13804,United Kingdom,False
558159,22776,SWEETHEART CAKESTAND 3 TIER,1,2011-06-27 11:50:00,9.95,16904,United Kingdom,False
543162,22413,METAL SIGN TAKE IT OR LEAVE IT,1,2011-02-03 18:08:00,2.95,17507,United Kingdom,False
550638,85099B,JUMBO BAG RED RETROSPOT,6,2011-04-19 15:44:00,4.13,,United Kingdom,False
570696,22892,SET OF SALT AND PEPPER TOADSTOOLS,12,2011-10-12 09:08:00,1.25,15840,United Kingdom,False
553556,85204,HANGING WOOD AND FELT FLOWER,3,2011-05-17 16:48:00,0.42,17530,United Kingdom,False
536988,22745,POPPY'S PLAYHOUSE BEDROOM,2,2010-12-03 15:05:00,2.1,17238,United Kingdom,False
570682,22144,CHRISTMAS CRAFT LITTLE FRIENDS,6,2011-10-11 15:53:00,2.1,12948,United Kingdom,False
580272,84992,72 SWEETHEART FAIRY CAKE CASES,3,2011-12-02 12:52:00,0.55,15547,United Kingdom,False
565439,84945,MULTI COLOUR SILVER T-LIGHT HOLDER,12,2011-09-04 13:56:00,0.85,14852,United Kingdom,False
572905,84879,ASSORTED COLOUR BIRD ORNAMENT,8,2011-10-26 15:39:00,1.69,14690,United Kingdom,False
569332,23388,WOODLAND MINI BACKPACK,1,2011-10-03 13:46:00,4.15,12637,France,False
548612,22523,CHILDS GARDEN FORK PINK,1,2011-04-01 11:34:00,0.85,13137,United Kingdom,False
548007,85174,S/4 CACTI CANDLES,4,2011-03-29 10:51:00,4.95,13769,United Kingdom,False
542344,22497,SET OF 2 TINS VINTAGE BATHROOM,1,2011-01-27 11:30:00,8.29,,United Kingdom,False
556427,22360,GLASS JAR ENGLISH CONFECTIONERY,1,2011-06-10 13:23:00,5.79,,United Kingdom,False
558240,21179,NO JUNK MAIL METAL SIGN,1,2011-06-27 15:27:00,1.63,,United Kingdom,False
536876,22568,FELTCRAFT CUSHION OWL,2,2010-12-03 11:36:00,7.62,,United Kingdom,False
C545678,22098,BOUDOIR SQUARE TISSUE BOX,-1,2011-03-06 10:49:00,1.25,16678,United Kingdom,True
537643,22525,CHILDRENS GARDEN GLOVES PINK,1,2010-12-07 15:34:00,3.36,,United Kingdom,False
C548460,22979,PANTRY WASHING UP BRUSH,-12,2011-03-31 11:58:00,1.45,16801,United Kingdom,True
573405,23460,SWEETHEART WALL TIDY,1,2011-10-30 15:55:00,9.95,13822,United Kingdom,False
578667,23571,TRADITIONAL NAUGHTS & CROSSES,2,2011-11-24 17:10:00,1.65,15514,United Kingdom,False
578811,21232,STRAWBERRY CERAMIC TRINKET POT,12,2011-11-25 13:28:00,1.25,12438,Norway,False
553549,22565,FELTCRAFT HAIRBANDS PINK AND WHITE,6,2011-05-17 16:09:00,1.63,,United Kingdom,False
567293,21535,RED RETROSPOT SMALL MILK JUG,6,2011-09-19 12:01:00,2.55,12640,France,False
556475,85123A,WHITE HANGING HEART T-LIGHT HOLDER,3,2011-06-12 12:03:00,2.95,18109,United Kingdom,False
574573,22533,MAGIC DRAWING SLATE BAKE A CAKE,1,2011-11-04 16:35:00,0.42,14592,United Kingdom,False
550953,90059E,DIAMANTE HAIR GRIP PACK/2 RUBY,1,2011-04-21 16:17:00,1.65,,United Kingdom,False
559173,22776,SWEETHEART CAKESTAND 3 TIER,1,2011-07-07 10:03:00,9.95,12540,Spain,False
579142,21790,VINTAGE SNAP CARDS,6,2011-11-28 13:06:00,0.85,16744,United Kingdom,False
540288,21843,RED RETROSPOT CAKE STAND,1,2011-01-06 12:45:00,10.95,17634,United Kingdom,False
538639,21931,JUMBO STORAGE BAG SUKI,2,2010-12-13 14:24:00,1.95,17179,United Kingdom,False
578275,23583,LUNCH BAG PAISLEY PARK,2,2011-11-23 13:46:00,1.65,15916,United Kingdom,False
545150,85099B,JUMBO BAG RED RETROSPOT,10,2011-02-28 12:27:00,1.95,14227,United Kingdom,False
536804,37370,RETRO COFFEE MUGS ASSORTED,72,2010-12-02 16:34:00,1.06,14031,United Kingdom,False
580540,22423,REGENCY CAKESTAND 3 TIER,1,2011-12-05 08:49:00,12.75,13417,United Kingdom,False
569219,22776,SWEETHEART 3 TIER CAKE STAND,1,2011-10-02 13:01:00,9.95,13558,United Kingdom,False
574351,16236,KITTY PENCIL ERASERS,1,2011-11-04 10:37:00,0.21,17348,United Kingdom,False
579471,21210,SET OF 72 RETROSPOT PAPER  DOILIES,1,2011-11-29 15:08:00,3.75,,United Kingdom,False
547921,21670,BLUE SPOT CERAMIC DRAWER KNOB,12,2011-03-28 13:28:00,1.25,14766,United Kingdom,False
574292,20754,RETROSPOT RED WASHING UP GLOVES,1,2011-11-03 15:27:00,2.1,16914,United Kingdom,False
539436,22361,GLASS JAR DAISY FRESH COTTON WOOL,1,2010-12-17 14:49:00,5.91,,United Kingdom,False
563439,22197,POPCORN HOLDER,9,2011-08-16 13:05:00,1.63,,United Kingdom,False
580272,22940,FELTCRAFT CHRISTMAS FAIRY,2,2011-12-02 12:52:00,4.25,15547,United Kingdom,False
572755,22558,CLOTHES PEGS RETROSPOT PACK 24,2,2011-10-25 17:31:00,1.65,13601,United Kingdom,False
559317,84949,SILVER HANGING T-LIGHT HOLDER,6,2011-07-07 14:03:00,1.65,17611,United Kingdom,False
549734,22287,DECORATION WOBBLY CHICKEN,12,2011-04-11 17:12:00,1.65,16409,United Kingdom,False
578827,23367,SET 12 COLOUR PENCILS SPACEBOY,3,2011-11-25 14:25:00,1.25,,United Kingdom,False
581425,84596G,SMALL CHOCOLATES PINK BOWL,8,2011-12-08 15:31:00,0.42,14796,United Kingdom,False
547005,21086,SET/6 RED SPOTTY PAPER CUPS,12,2011-03-18 14:20:00,0.65,12474,Germany,False
575508,22094,RED RETROSPOT TISSUE BOX,144,2011-11-10 10:32:00,0.39,14646,Netherlands,False
539737,21179,NO JUNK MAIL METAL SIGN,1,2010-12-21 15:19:00,3.36,,United Kingdom,False
558099,35648,VINTAGE BEAD PINK PURSE,3,2011-06-26 13:45:00,0.83,17593,United Kingdom,False
561820,84988,SET OF 72 PINK HEART PAPER DOILIES,1,2011-07-29 16:00:00,2.92,,United Kingdom,False
542741,20974,12 PENCILS SMALL TUBE SKULL,12,2011-01-31 16:02:00,0.65,17375,United Kingdom,False
562131,22746,POPPY'S PLAYHOUSE LIVINGROOM,6,2011-08-03 09:30:00,2.1,18178,United Kingdom,False
541842,85049E,SCANDINAVIAN REDS RIBBONS,2,2011-01-23 12:07:00,1.25,16085,United Kingdom,False
553549,23301,GARDENERS KNEELING PAD KEEP CALM,1,2011-05-17 16:09:00,3.29,,United Kingdom,False
537643,22386,JUMBO BAG PINK POLKADOT,2,2010-12-07 15:34:00,5.06,,United Kingdom,False
539434,21876,POTTERING MUG,1,2010-12-17 14:41:00,3.36,,United Kingdom,False
C571711,82486,3 DRAWER ANTIQUE WHITE WOOD CABINET,-1,2011-10-18 16:21:00,8.95,15296,United Kingdom,True
552894,21531,RED RETROSPOT SUGAR JAM BOWL,1,2011-05-12 10:53:00,2.55,14606,United Kingdom,False
569943,21731,RED TOADSTOOL LED NIGHT LIGHT,1,2011-10-06 18:08:00,1.65,14592,United Kingdom,False
555400,22838,3 TIER CAKE TIN RED AND CREAM,5,2011-06-02 17:50:00,12.75,14088,United Kingdom,False
548448,21156,RETROSPOT CHILDRENS APRON,5,2011-03-31 11:07:00,1.95,18041,United Kingdom,False
568193,85099B,JUMBO BAG RED RETROSPOT,10,2011-09-25 14:37:00,2.08,17107,United Kingdom,False
568158,22847,BREAD BIN DINER STYLE IVORY,2,2011-09-25 12:22:00,16.95,16133,United Kingdom,False
543806,22191,IVORY DINER WALL CLOCK,1,2011-02-13 12:48:00,8.5,17085,United Kingdom,False
577503,84206B,CAT WITH SUNGLASSES BLANK CARD,5,2011-11-20 12:34:00,0.19,18110,United Kingdom,False
546643,22966,GINGERBREAD MAN COOKIE CUTTER,12,2011-03-15 13:23:00,1.25,16214,United Kingdom,False
556237,90003E,GREEN PAIR HEART HAIR SLIDES,1,2011-06-09 15:34:00,3.73,,United Kingdom,False
566043,22113,GREY HEART HOT WATER BOTTLE,4,2011-09-08 13:54:00,4.25,13769,United Kingdom,False
566221,23122,PARTY CHARMS 50 PIECES,2,2011-09-09 16:13:00,1.63,,United Kingdom,False
545060,22768,FAMILY PHOTO FRAME CORNICE,1,2011-02-27 13:47:00,9.95,15547,United Kingdom,False
C543643,21642,ASSORTED TUTTI FRUTTI PEN,-5,2011-02-10 17:44:00,0.85,16161,United Kingdom,True
580647,22807,SET OF 6 T-LIGHTS TOADSTOOLS,6,2011-12-05 13:14:00,1.25,14083,United Kingdom,False
558350,23110,PARISIENNE KEY CABINET,2,2011-06-28 14:51:00,5.75,17188,United Kingdom,False
579358,22112,CHOCOLATE HOT WATER BOTTLE,3,2011-11-29 11:50:00,4.95,16992,United Kingdom,False
564553,23295,SET OF 12 MINI LOAF BAKING CASES,2,2011-08-25 18:45:00,0.83,18200,United Kingdom,False
550458,21390,FILIGRIS HEART WITH BUTTERFLY,2,2011-04-18 13:13:00,2.46,,United Kingdom,False
569896,22965,3 TRADITIONAL BISCUIT CUTTERS  SET,1,2011-10-06 15:58:00,2.1,,United Kingdom,False
553946,23202,JUMBO BAG VINTAGE LEAF,20,2011-05-20 10:48:00,2.08,15601,United Kingdom,False
570192,22734,SET OF 6 RIBBONS VINTAGE CHRISTMAS,6,2011-10-07 15:26:00,2.89,17509,United Kingdom,False
574898,23343,JUMBO BAG VINTAGE CHRISTMAS,10,2011-11-07 15:07:00,2.08,16242,United Kingdom,False
553540,22666,RECIPE BOX PANTRY YELLOW DESIGN,6,2011-05-17 15:32:00,2.95,17511,United Kingdom,False
567183,84755,COLOUR GLASS T-LIGHT HOLDER HANGING,16,2011-09-18 15:32:00,0.65,14769,United Kingdom,False
548450,21506,"FANCY FONT BIRTHDAY CARD,",12,2011-03-31 11:20:00,0.42,15856,United Kingdom,False
545895,85039A,SET/4 RED MINI ROSE CANDLE IN BOWL,2,2011-03-07 17:14:00,1.63,,United Kingdom,False
540268,22051,BLUE SCANDINAVIAN PAISLEY WRAP,25,2011-01-06 11:25:00,0.42,13458,United Kingdom,False
551821,85099C,JUMBO  BAG BAROQUE BLACK WHITE,5,2011-05-04 12:20:00,2.08,16942,United Kingdom,False
574544,23343,JUMBO BAG VINTAGE CHRISTMAS,10,2011-11-04 14:49:00,2.08,17084,United Kingdom,False
578757,21636,MADRAS NOTEBOOK MEDIUM,1,2011-11-25 11:41:00,0.75,12748,United Kingdom,False
549711,21888,BINGO SET,4,2011-04-11 14:07:00,3.75,13654,United Kingdom,False
561912,37500,TEA TIME TEAPOT IN GIFT BOX,2,2011-08-01 11:08:00,4.95,13184,United Kingdom,False
559916,23234,BISCUIT TIN VINTAGE CHRISTMAS,6,2011-07-13 15:18:00,2.89,14201,United Kingdom,False
563912,22728,ALARM CLOCK BAKELIKE PINK,4,2011-08-21 12:58:00,3.75,17675,United Kingdom,False
579512,21703,BAG 125G SWIRLY MARBLES,2,2011-11-29 16:47:00,0.83,,United Kingdom,False
546156,22630,DOLLY GIRL LUNCH BOX,12,2011-03-10 08:31:00,1.95,14297,United Kingdom,False
556813,23110,PARISIENNE KEY CABINET,1,2011-06-14 17:28:00,12.46,,United Kingdom,False
553585,22169,FAMILY ALBUM WHITE PICTURE FRAME,2,2011-05-18 10:41:00,8.5,15301,United Kingdom,False
571274,21742,LARGE ROUND WICKER PLATTER,2,2011-10-16 12:25:00,5.95,16934,United Kingdom,False
577747,48194,DOORMAT HEARTS,48,2011-11-21 14:21:00,8.0,17450,United Kingdom,False
546263,22203,MILK PAN RED RETROSPOT,1,2011-03-10 15:01:00,3.75,14156,EIRE,False
539743,22135,MINI LADLE LOVE HEART PINK,1,2010-12-21 15:20:00,0.85,,United Kingdom,False
556237,22874,NUMBER TILE COTTAGE GARDEN 6,1,2011-06-09 15:34:00,4.13,,United Kingdom,False
537672,21914,BLUE HARMONICA IN BOX,12,2010-12-08 09:30:00,1.25,13050,United Kingdom,False
559674,22983,CARD BILLBOARD FONT,12,2011-07-11 14:16:00,0.42,15856,United Kingdom,False
553741,21238,RED RETROSPOT CUP,8,2011-05-19 09:37:00,0.85,12520,Germany,False
543732,22383,LUNCH BAG SUKI  DESIGN,1,2011-02-11 12:02:00,4.96,,United Kingdom,False
537301,22449,SILK PURSE BABUSHKA PINK,1,2010-12-06 11:38:00,3.35,15860,United Kingdom,False
567981,23208,LUNCH BAG VINTAGE LEAF DESIGN,2,2011-09-23 11:22:00,4.96,,United Kingdom,False
559163,22032,BOTANICAL LILY GREETING CARD,4,2011-07-06 16:33:00,0.42,,United Kingdom,False
563614,22139,RETROSPOT TEA SET CERAMIC 11 PC,24,2011-08-18 08:51:00,4.25,12415,Australia,False
542865,22654,DELUXE SEWING KIT,3,2011-02-01 12:08:00,5.95,12929,United Kingdom,False
548185,21870,I CAN ONLY PLEASE ONE PERSON MUG,12,2011-03-29 14:58:00,1.25,15628,United Kingdom,False
562608,22697,GREEN REGENCY TEACUP AND SAUCER,6,2011-08-08 11:45:00,2.95,15502,United Kingdom,False
580062,22766,PHOTO FRAME CORNICE,2,2011-12-01 13:28:00,2.95,15862,United Kingdom,False
556473,20718,RED RETROSPOT SHOPPER BAG,5,2011-06-12 12:00:00,1.25,17265,United Kingdom,False
565845,23308,SET OF 60 VINTAGE LEAF CAKE CASES,24,2011-09-07 12:21:00,0.55,14709,United Kingdom,False
C556647,21878,PACK OF 6 SANDCASTLE FLAGS ASSORTED,-12,2011-06-13 16:14:00,0.85,13012,United Kingdom,True
546163,22449,SILK PURSE BABUSHKA PINK,3,2011-03-10 10:03:00,3.35,17377,United Kingdom,False
573023,85034C,3 ROSE MORRIS BOXED CANDLES,24,2011-10-27 12:53:00,1.25,13882,United Kingdom,False
C570867,22417,PACK OF 60 SPACEBOY CAKE CASES,-24,2011-10-12 16:17:00,0.55,12607,USA,True
558194,20996,JAZZ HEARTS ADDRESS BOOK,14,2011-06-27 12:28:00,0.19,14583,United Kingdom,False
562269,23236,DOILEY STORAGE TIN,2,2011-08-03 16:35:00,2.89,14056,United Kingdom,False
567935,23242,TREASURE TIN BUFFALO BILL,6,2011-09-22 18:07:00,2.08,13320,United Kingdom,False
572998,22057,CERAMIC PLATE STRAWBERRY DESIGN,36,2011-10-27 11:42:00,1.49,14560,United Kingdom,False
558534,22707,WRAP MONSTER FUN,25,2011-06-30 11:54:00,0.42,13988,United Kingdom,False
566561,21156,RETROSPOT CHILDRENS APRON,8,2011-09-13 12:13:00,1.95,18145,United Kingdom,False
568567,22899,CHILDREN'S APRON DOLLY GIRL,1,2011-09-27 18:41:00,4.13,,United Kingdom,False
571508,22364,GLASS JAR DIGESTIVE BISCUITS,1,2011-10-17 15:27:00,5.79,,United Kingdom,False
572281,23284,DOORMAT KEEP CALM AND COME IN,2,2011-10-23 11:10:00,8.25,17211,United Kingdom,False
561465,47574A,ENGLISH ROSE SCENTED HANGING FLOWER,6,2011-07-27 12:45:00,0.75,16447,United Kingdom,False
580729,23074,EMBOSSED HEART TRINKET BOX,1,2011-12-05 17:24:00,4.13,,United Kingdom,False
550819,21060,PARTY INVITES BALLOON GIRL,6,2011-04-20 17:37:00,0.85,17530,United Kingdom,False
570030,22437,SET OF 9 BLACK SKULL BALLOONS,40,2011-10-07 10:44:00,0.85,12740,France,False
569866,22741,FUNKY DIVA PEN,12,2011-10-06 14:50:00,0.85,12757,Portugal,False
553423,22431,WATERING CAN BLUE ELEPHANT,1,2011-05-17 10:28:00,1.95,17811,United Kingdom,False
577078,23208,LUNCH BAG VINTAGE LEAF DESIGN,2,2011-11-17 15:17:00,4.13,,United Kingdom,False
566560,23319,BOX OF 6 MINI 50'S CRACKERS,6,2011-09-13 12:09:00,2.49,17092,United Kingdom,False
580305,23298,SPOTTY BUNTING,1,2011-12-02 14:26:00,4.95,12970,United Kingdom,False
569700,22663,JUMBO BAG DOLLY GIRL DESIGN,1,2011-10-05 15:56:00,4.13,,United Kingdom,False
537042,21259,VICTORIAN SEWING BOX SMALL,1,2010-12-05 10:45:00,5.95,13838,United Kingdom,False
575843,21239,PINK  POLKADOT CUP,1,2011-11-11 12:02:00,0.85,14446,United Kingdom,False
579491,23439,HAND WARMER RED LOVE HEART,1,2011-11-29 15:23:00,2.1,14723,United Kingdom,False
548203,22956,36 FOIL HEART CAKE CASES,8,2011-03-29 16:40:00,4.95,,United Kingdom,False
571508,23626,SET 10 CARDS DINKY TREE 17076,1,2011-10-17 15:27:00,2.49,,United Kingdom,False
559817,84920,PINK FLOWER FABRIC PONY,1,2011-07-12 16:20:00,3.29,,United Kingdom,False
546136,21454,PAINTED PINK RABBIT,1,2011-03-09 16:32:00,0.83,,United Kingdom,False
537434,22189,CREAM HEART CARD HOLDER,3,2010-12-06 16:57:00,8.47,,United Kingdom,False
554960,22386,JUMBO BAG PINK POLKADOT,6,2011-05-27 15:18:00,4.13,,United Kingdom,False
562964,22457,NATURAL SLATE HEART CHALKBOARD,6,2011-08-11 10:29:00,2.95,13488,United Kingdom,False
C549184,21394,RED POLKADOT BEAKER,-2,2011-04-07 09:28:00,0.39,12428,Finland,True
569675,23504,PLAYING CARDS JUBILEE UNION JACK,12,2011-10-05 14:03:00,1.25,15687,United Kingdom,False
565475,20914,SET/5 RED RETROSPOT LID GLASS BOWLS,48,2011-09-05 10:47:00,2.55,14156,EIRE,False
537160,22694,WICKER STAR,3,2010-12-05 13:18:00,2.1,14161,United Kingdom,False
552310,84673B,BLUE FLY SWAT,1,2011-05-08 15:22:00,0.65,17323,United Kingdom,False
C560687,22998,TRAVEL CARD WALLET KEEP CALM,-1,2011-07-20 11:51:00,0.42,14606,United Kingdom,True
563585,22961,JAM MAKING SET PRINTED,1,2011-08-17 17:01:00,1.45,17070,United Kingdom,False
562932,84596L,BISCUITS SMALL BOWL LIGHT BLUE,4,2011-08-10 16:39:00,0.42,16904,United Kingdom,False
560434,85099F,JUMBO BAG STRAWBERRY,1,2011-07-18 15:56:00,4.13,,United Kingdom,False
569230,23245,SET OF 3 REGENCY CAKE TINS,2,2011-10-02 15:07:00,4.95,16533,United Kingdom,False
560433,21936,RED RETROSPOT PICNIC BAG,1,2011-07-18 15:49:00,5.79,,United Kingdom,False
564838,23340,VINTAGE CHRISTMAS CAKE FRILL,1,2011-08-30 12:43:00,3.29,,United Kingdom,False
577172,22620,4 TRADITIONAL SPINNING TOPS,2,2011-11-18 10:56:00,1.45,17760,United Kingdom,False
573365,22625,RED KITCHEN SCALES,2,2011-10-30 13:13:00,8.5,12584,Italy,False
C564493,22360,GLASS JAR ENGLISH CONFECTIONERY,-3,2011-08-25 14:19:00,2.95,13089,United Kingdom,True
562649,22826,LOVE SEAT ANTIQUE WHITE METAL,1,2011-08-08 13:11:00,85.0,14606,United Kingdom,False
538418,72598,SET/12 TAPER CANDLES,2,2010-12-12 12:00:00,0.85,17372,United Kingdom,False
572775,22356,CHARLOTTE BAG PINK POLKADOT,10,2011-10-26 10:43:00,0.85,13126,United Kingdom,False
564856,21217,RED RETROSPOT ROUND CAKE TINS,3,2011-08-31 09:11:00,9.95,12477,Germany,False
554860,21668,RED STRIPE CERAMIC DRAWER KNOB,12,2011-05-27 10:20:00,1.25,15249,United Kingdom,False
572025,23343,JUMBO BAG VINTAGE CHRISTMAS,10,2011-10-20 11:30:00,2.08,17651,United Kingdom,False
565766,85099B,JUMBO BAG RED RETROSPOT,2,2011-09-06 14:23:00,2.08,17841,United Kingdom,False
553125,23088,ZINC HEART FLOWER T-LIGHT HOLDER,8,2011-05-13 12:13:00,1.25,17139,United Kingdom,False
547209,22227,HANGING HEART MIRROR DECORATION,24,2011-03-21 14:44:00,0.65,13081,United Kingdom,False
550474,22566,FELTCRAFT HAIRBAND PINK AND PURPLE,1,2011-04-18 13:58:00,1.63,,United Kingdom,False
577358,20972,PINK CREAM FELT CRAFT TRINKET BOX,1,2011-11-18 15:59:00,2.46,,United Kingdom,False
565838,22457,NATURAL SLATE HEART CHALKBOARD,12,2011-09-07 11:43:00,2.95,15071,United Kingdom,False
575735,23534,WALL ART STOP FOR TEA,6,2011-11-11 08:46:00,5.95,14156,EIRE,False
554132,22555,PLASTERS IN TIN STRONGMAN,12,2011-05-23 09:43:00,1.65,12360,Austria,False
550318,85049G,CHOCOLATE BOX RIBBONS,2,2011-04-17 12:25:00,1.25,16085,United Kingdom,False
575512,23492,VINTAGE JINGLE BELLS WREATH,2,2011-11-10 10:36:00,8.25,14121,United Kingdom,False
578065,23328,SET 6 SCHOOL MILK BOTTLES IN CRATE,12,2011-11-22 15:41:00,7.46,,United Kingdom,False
543161,22425,ENAMEL COLANDER CREAM,3,2011-02-03 17:01:00,4.95,14497,United Kingdom,False
540690,15060B,FAIRY CAKE DESIGN UMBRELLA,4,2011-01-11 08:45:00,3.75,13473,United Kingdom,False
543899,22983,CARD BILLBOARD FONT,48,2011-02-14 12:11:00,0.42,,EIRE,False
549295,47590B,PINK HAPPY BIRTHDAY BUNTING,1,2011-04-07 19:49:00,10.79,,United Kingdom,False
580513,22897,OVEN MITT APPLES DESIGN,2,2011-12-04 13:59:00,1.45,14456,United Kingdom,False
572318,23570,TRADITIONAL PICK UP STICKS GAME,1,2011-10-23 16:19:00,1.25,15436,United Kingdom,False
573345,20725,LUNCH BAG RED RETROSPOT,2,2011-10-30 12:14:00,1.65,17609,United Kingdom,False
C555342,21399,BLUE POLKADOT COFFEE MUG,-48,2011-06-02 11:42:00,0.39,17578,United Kingdom,True
569897,22969,HOMEMADE JAM SCENTED CANDLES,12,2011-10-06 16:01:00,1.45,17813,United Kingdom,False
547389,22918,HERB MARKER PARSLEY,4,2011-03-22 16:08:00,0.65,16721,United Kingdom,False
563852,POST,POSTAGE,2,2011-08-19 15:18:00,15.0,12395,Belgium,False
553013,22684,FRENCH BLUE METAL DOOR SIGN 9,1,2011-05-12 18:19:00,2.46,,United Kingdom,False
555850,21328,BALLOONS  WRITING SET,2,2011-06-07 13:35:00,1.65,16550,United Kingdom,False
570875,22139,RETROSPOT TEA SET CERAMIC 11 PC,3,2011-10-12 17:00:00,4.95,12667,Finland,False
577358,22996,TRAVEL CARD WALLET VINTAGE TICKET,2,2011-11-18 15:59:00,0.83,,United Kingdom,False
548604,22273,FELTCRAFT DOLL MOLLY,1,2011-04-01 10:58:00,2.95,,United Kingdom,False
567612,21121,SET/10 RED POLKADOT PARTY CANDLES,24,2011-09-21 11:48:00,1.25,17164,United Kingdom,False
575491,20669,RED HEART LUGGAGE TAG,3,2011-11-09 17:47:00,1.25,15531,United Kingdom,False
574777,21175,GIN + TONIC DIET METAL SIGN,12,2011-11-07 10:23:00,2.55,17761,United Kingdom,False
563022,22384,LUNCH BAG PINK POLKADOT,2,2011-08-11 13:34:00,1.65,17248,United Kingdom,False
561926,82484,WOOD BLACK BOARD ANT WHITE FINISH,2,2011-08-01 12:48:00,7.95,12749,United Kingdom,False
567183,22666,RECIPE BOX PANTRY YELLOW DESIGN,3,2011-09-18 15:32:00,2.95,14769,United Kingdom,False
540247,85089,CANDY SPOT BUNNY,3,2011-01-05 15:56:00,2.95,15464,United Kingdom,False
581492,22540,MINI JIGSAW CIRCUS PARADE,1,2011-12-09 10:03:00,0.83,,United Kingdom,False
566602,20978,36 PENCILS TUBE SKULLS,1,2011-09-13 16:05:00,2.46,,United Kingdom,False
562596,21933,PINK VINTAGE PAISLEY PICNIC BAG,10,2011-08-08 09:22:00,1.65,16145,United Kingdom,False
581217,21094,SET/6 RED SPOTTY PAPER PLATES,7,2011-12-08 09:20:00,0.83,,United Kingdom,False
556781,22852,DOG BOWL VINTAGE CREAM,12,2011-06-14 12:47:00,4.25,13384,United Kingdom,False
557324,21231,SWEETHEART CERAMIC TRINKET BOX,1,2011-06-20 09:41:00,2.46,,United Kingdom,False
564740,82600,NO SINGING METAL SIGN,1,2011-08-28 14:39:00,2.1,14044,United Kingdom,False
555553,20675,BLUE POLKADOT BOWL,8,2011-06-05 13:45:00,1.25,12662,Germany,False
571046,22630,DOLLY GIRL LUNCH BOX,1,2011-10-13 13:35:00,1.95,18096,United Kingdom,False
575707,23196,VINTAGE LEAF MAGNETIC NOTEPAD,12,2011-11-10 17:16:00,1.45,12538,Spain,False
537828,21136,PAINTED METAL PEARS ASSORTED,8,2010-12-08 14:43:00,1.69,15680,United Kingdom,False
568095,84637,KITCHEN FLOWER POTS WALL PLAQUE,3,2011-09-23 14:49:00,5.95,14911,EIRE,False
568702,23230,WRAP ALPHABET DESIGN,25,2011-09-28 15:18:00,0.42,17950,United Kingdom,False
540821,20998,ROSE DU SUD OVEN GLOVE,1,2011-01-11 13:16:00,3.36,,United Kingdom,False
555691,23175,REGENCY MILK JUG PINK,4,2011-06-06 14:31:00,3.25,12843,United Kingdom,False
559374,22050,,-100,2011-07-08 10:37:00,0.0,,United Kingdom,False
558319,23163,REGENCY SUGAR TONGS,1,2011-06-28 11:53:00,4.96,,United Kingdom,False
574575,22470,HEART OF WICKER LARGE,1,2011-11-04 17:03:00,2.95,14971,United Kingdom,False
541219,22569,FELTCRAFT CUSHION BUTTERFLY,1,2011-01-14 14:06:00,7.46,,United Kingdom,False
559052,20659,ECONOMY LUGGAGE TAG,3,2011-07-05 16:53:00,0.83,,United Kingdom,False
557311,22467,GUMBALL COAT RACK,2,2011-06-19 15:36:00,2.55,15700,United Kingdom,False
570208,23323,WHITE WICKER STAR,4,2011-10-09 10:23:00,2.1,16104,United Kingdom,False
561120,23200,JUMBO BAG PEARS,10,2011-07-25 12:50:00,2.08,15835,United Kingdom,False
573380,22585,PACK OF 6 BIRDY GIFT TAGS,9,2011-10-30 14:04:00,1.25,14572,United Kingdom,False
575145,22178,VICTORIAN GLASS HANGING T-LIGHT,6,2011-11-08 15:40:00,1.95,14116,United Kingdom,False
560244,21714,CITRONELLA CANDLE GARDEN POT,6,2011-07-17 12:14:00,1.25,16931,United Kingdom,False
567881,22083,PAPER CHAIN KIT RETROSPOT,12,2011-09-22 14:59:00,2.95,15640,United Kingdom,False
567981,22355,CHARLOTTE BAG SUKI DESIGN,56,2011-09-23 11:22:00,2.46,,United Kingdom,False
565541,22400,MAGNETS PACK OF 4 HOME SWEET HOME,4,2011-09-05 12:00:00,0.39,14159,United Kingdom,False
575739,22251,BIRDHOUSE DECORATION MAGIC GARDEN,2,2011-11-11 09:05:00,2.46,,United Kingdom,False
548702,51020A,SUMMER FUN DESIGN SHOWER CAP,10,2011-04-03 11:36:00,0.29,17085,United Kingdom,False
542506,22382,LUNCH BAG SPACEBOY DESIGN,10,2011-01-28 12:06:00,1.65,16523,United Kingdom,False
577024,21116,OWL DOORSTOP,1,2011-11-17 12:47:00,4.95,14704,United Kingdom,False
577078,23629,SET 10 CARDS DRESSING UP 17077,3,2011-11-17 15:17:00,2.49,,United Kingdom,False
542733,22089,PAPER BUNTING VINTAGE PAISLEY,1,2011-01-31 15:35:00,2.95,15058,United Kingdom,False
569372,22173,METAL 4 HOOK HANGER FRENCH CHATEAU,1,2011-10-03 16:04:00,5.79,,United Kingdom,False
539437,22659,LUNCH BOX I LOVE LONDON,10,2010-12-17 14:54:00,4.21,,United Kingdom,False
566734,21581,SKULLS  DESIGN  COTTON TOTE BAG,1,2011-09-14 14:09:00,2.25,16910,United Kingdom,False
544278,21976,PACK OF 60 MUSHROOM CAKE CASES,24,2011-02-17 12:01:00,0.55,15382,United Kingdom,False
564355,23300,GARDENERS KNEELING PAD CUP OF TEA,12,2011-08-24 15:12:00,1.65,13507,United Kingdom,False
567656,23225,CHERUB HEART DECORATION SILVER,3,2011-09-21 14:40:00,1.63,14096,United Kingdom,False
573390,23355,HOT WATER BOTTLE KEEP CALM,4,2011-10-30 14:53:00,4.95,17213,United Kingdom,False
575607,22594,CHRISTMAS GINGHAM TREE,5,2011-11-10 12:37:00,1.63,14096,United Kingdom,False
562377,47566,PARTY BUNTING,2,2011-08-04 15:04:00,4.95,14535,United Kingdom,False
537205,22252,BIRDCAGE DECORATION TEALIGHT HOLDER,12,2010-12-05 14:52:00,1.25,13034,United Kingdom,False
564754,21774,DECORATIVE CATS BATHROOM BOTTLE,1,2011-08-30 10:29:00,2.46,,United Kingdom,False
580939,22549,PICTURE DOMINOES,12,2011-12-06 14:14:00,1.45,14907,United Kingdom,False
547715,84531B,BLUE KNITTED EGG COSY,6,2011-03-25 08:50:00,0.39,12520,Germany,False
561113,23301,GARDENERS KNEELING PAD KEEP CALM,10,2011-07-25 12:09:00,1.65,17841,United Kingdom,False
561218,15036,ASSORTED COLOURS SILK FAN,8,2011-07-25 17:11:00,1.63,,United Kingdom,False
554157,22382,LUNCH BAG SPACEBOY DESIGN,1,2011-05-23 11:33:00,1.65,18283,United Kingdom,False
564646,22733,3D TRADITIONAL CHRISTMAS STICKERS,1,2011-08-26 13:39:00,1.63,,United Kingdom,False
559817,21226,POCKET MIRROR WOODLAND,2,2011-07-12 16:20:00,0.83,,United Kingdom,False
561869,21915,RED  HARMONICA IN BOX,2,2011-07-31 11:38:00,1.25,16764,United Kingdom,False
539437,21137,BLACK RECORD COVER FRAME,1,2010-12-17 14:54:00,7.62,,United Kingdom,False
570424,23157,SET OF 6 NATIVITY MAGNETS,3,2011-10-10 13:41:00,2.08,17372,United Kingdom,False
576592,21977,PACK OF 60 PINK PAISLEY CAKE CASES,4,2011-11-15 14:47:00,0.55,13614,United Kingdom,False
537666,DOT,DOTCOM POSTAGE,1,2010-12-07 18:36:00,701.95,,United Kingdom,False
549999,16161P,WRAP ENGLISH ROSE,25,2011-04-14 09:09:00,0.42,15813,United Kingdom,False
572475,22867,HAND WARMER BIRD DESIGN,3,2011-10-24 13:37:00,2.1,15271,United Kingdom,False
541800,22348,TEA BAG PLATE RED RETROSPOT,12,2011-01-21 14:38:00,0.85,15235,United Kingdom,False
559706,48194,DOORMAT HEARTS,2,2011-07-12 10:02:00,7.95,16609,United Kingdom,False
538057,20966,SANDWICH BATH SPONGE,10,2010-12-09 13:38:00,1.25,13102,United Kingdom,False
580311,23480,MINI LIGHTS WOODLAND MUSHROOMS,4,2011-12-02 14:48:00,3.75,18245,United Kingdom,False
548212,22613,PACK OF 20 SPACEBOY NAPKINS,12,2011-03-30 09:12:00,0.85,12456,Switzerland,False
574720,21381,MINI WOODEN HAPPY BIRTHDAY GARLAND,1,2011-11-06 14:39:00,1.69,14547,United Kingdom,False
557141,23284,DOORMAT KEEP CALM AND COME IN,10,2011-06-17 09:54:00,6.75,16779,United Kingdom,False
571653,79321,CHILLI LIGHTS,12,2011-10-18 12:17:00,4.95,14298,United Kingdom,False
577034,84859A,SILVER DISCO HANDBAG,1,2011-11-17 13:16:00,1.95,12847,United Kingdom,False
557622,22566,FELTCRAFT HAIRBAND PINK AND PURPLE,1,2011-06-21 14:15:00,0.85,17960,United Kingdom,False
545447,22411,JUMBO SHOPPER VINTAGE RED PAISLEY,10,2011-03-02 16:34:00,1.95,17426,United Kingdom,False
570168,21094,SET/6 RED SPOTTY PAPER PLATES,10,2011-10-07 14:05:00,0.85,17596,United Kingdom,False
570225,22472,TV DINNER TRAY DOLLY GIRL,1,2011-10-09 13:15:00,4.95,16595,United Kingdom,False
552822,22332,SKULLS PARTY BAG + STICKER SET,4,2011-05-11 12:59:00,1.65,15521,United Kingdom,False
568301,20728,LUNCH BAG CARS BLUE,2,2011-09-26 12:45:00,1.65,16383,United Kingdom,False
541830,84660C,PINK STITCHED WALL CLOCK,1,2011-01-21 17:09:00,3.29,,United Kingdom,False
572309,81952V,ROUND PURPLE CLOCK WITH SUCKER,1,2011-10-23 15:29:00,0.19,14432,United Kingdom,False
538636,22625,RED KITCHEN SCALES,2,2010-12-13 13:50:00,8.5,14639,United Kingdom,False
538566,84378,SET OF 3 HEART COOKIE CUTTERS,2,2010-12-13 11:21:00,2.51,,United Kingdom,False
579885,21402,RED  EGG  SPOON,24,2011-11-30 17:37:00,0.12,15444,United Kingdom,False
548191,22630,DOLLY GIRL LUNCH BOX,1,2011-03-29 15:20:00,4.13,,United Kingdom,False
573585,23569,TRADTIONAL ALPHABET STAMP SET,1,2011-10-31 14:41:00,10.79,,United Kingdom,False
546117,21166,COOK WITH WINE METAL SIGN,3,2011-03-09 13:56:00,2.08,16771,United Kingdom,False
580322,22577,WOODEN HEART CHRISTMAS SCANDINAVIAN,24,2011-12-02 15:48:00,0.29,17567,United Kingdom,False
575656,22940,FELTCRAFT CHRISTMAS FAIRY,8,2011-11-10 14:29:00,4.25,13319,United Kingdom,False
557973,23171,REGENCY TEA PLATE GREEN,12,2011-06-24 10:26:00,1.65,12955,United Kingdom,False
538071,22111,SCOTTIE DOG HOT WATER BOTTLE,1,2010-12-09 14:09:00,11.02,,United Kingdom,False
553162,84970L,SINGLE HEART ZINC T-LIGHT HOLDER,1,2011-05-13 15:53:00,2.08,,United Kingdom,False
567024,21154,RED RETROSPOT OVEN GLOVE,5,2011-09-16 11:23:00,3.29,,United Kingdom,False
569222,21876,POTTERING MUG,6,2011-10-02 13:46:00,1.65,15906,United Kingdom,False
537638,21931,JUMBO STORAGE BAG SUKI,3,2010-12-07 15:28:00,4.21,,United Kingdom,False
560772,11001,ASSTD DESIGN RACING CAR PEN,19,2011-07-20 16:12:00,0.83,,United Kingdom,False
570491,22187,GREEN CHRISTMAS TREE CARD HOLDER,2,2011-10-10 17:26:00,1.95,14395,United Kingdom,False
573348,84946,ANTIQUE SILVER T-LIGHT GLASS,6,2011-10-30 12:27:00,1.25,14487,United Kingdom,False
548984,22555,PLASTERS IN TIN STRONGMAN,3,2011-04-05 12:37:00,1.65,14546,United Kingdom,False
572655,22621,TRADITIONAL KNITTING NANCY,12,2011-10-25 12:20:00,1.65,16708,United Kingdom,False
560872,23300,GARDENERS KNEELING PAD CUP OF TEA,24,2011-07-21 14:41:00,1.65,14745,United Kingdom,False
578140,85123A,WHITE HANGING HEART T-LIGHT HOLDER,160,2011-11-23 10:58:00,2.55,14646,Netherlands,False
537428,21912,VINTAGE SNAKES & LADDERS,3,2010-12-06 15:38:00,3.75,17320,United Kingdom,False
551397,84879,ASSORTED COLOUR BIRD ORNAMENT,8,2011-04-28 12:55:00,1.69,15952,United Kingdom,False
568243,23400,SHELF WITH 4 HOOKS HOME SWEET HOME,2,2011-09-26 12:12:00,6.25,14217,United Kingdom,False
544164,22971,QUEENS GUARD COFFEE MUG,36,2011-02-16 13:02:00,2.1,17306,United Kingdom,False
562929,47566,PARTY BUNTING,4,2011-08-10 15:37:00,4.95,17562,United Kingdom,False
540473,22937,BAKING MOULD CHOCOLATE CUPCAKES,3,2011-01-07 14:31:00,2.55,17284,United Kingdom,False
542881,22469,HEART OF WICKER SMALL,4,2011-02-01 12:54:00,1.65,14587,United Kingdom,False
563074,23215,JINGLE BELL HEART ANTIQUE SILVER,168,2011-08-11 15:58:00,1.79,12931,United Kingdom,False
578277,23254,CHILDRENS CUTLERY DOLLY GIRL,2,2011-11-23 13:51:00,4.15,12723,France,False
581023,22135,MINI LADLE LOVE HEART PINK,1,2011-12-07 10:35:00,0.83,,United Kingdom,False
569962,84509A,SET OF 4 ENGLISH ROSE PLACEMATS,12,2011-10-06 18:45:00,3.75,13993,United Kingdom,False
550278,20726,LUNCH BAG WOODLAND,15,2011-04-15 13:15:00,4.96,,United Kingdom,False
576339,79321,CHILLI LIGHTS,3,2011-11-14 15:27:00,12.46,14096,United Kingdom,False
554813,22998,TRAVEL CARD WALLET KEEP CALM,1,2011-05-26 13:26:00,0.42,15852,United Kingdom,False
551173,82583,HOT BATHS METAL SIGN,1,2011-04-26 16:54:00,4.13,,United Kingdom,False
543040,21539,RED RETROSPOT BUTTER DISH,1,2011-02-02 17:06:00,4.95,17337,United Kingdom,False
577077,21930,JUMBO STORAGE BAG SKULLS,2,2011-11-17 15:16:00,2.08,17799,United Kingdom,False
577109,22529,MAGIC DRAWING SLATE GO TO THE FAIR,24,2011-11-17 17:50:00,0.42,16042,United Kingdom,False
571203,23163,REGENCY SUGAR TONGS,8,2011-10-14 12:33:00,2.49,17677,United Kingdom,False
548893,22501,PICNIC BASKET WICKER LARGE,1,2011-04-04 15:54:00,20.79,,United Kingdom,False
568168,23130,MISTLETOE HEART WREATH GREEN,3,2011-09-25 12:46:00,4.15,15799,United Kingdom,False
548612,22085,PAPER CHAIN KIT SKULLS,2,2011-04-01 11:34:00,2.95,13137,United Kingdom,False
575117,22452,MEASURING TAPE BABUSHKA PINK,1,2011-11-08 14:22:00,2.95,12748,United Kingdom,False
545897,21846,PINK DIAMANTE PEN IN GIFT BOX,1,2011-03-07 17:22:00,4.13,,United Kingdom,False
558535,15056BL,EDWARDIAN PARASOL BLACK,1,2011-06-30 12:04:00,5.95,16904,United Kingdom,False
562615,21033,JUMBO BAG CHARLIE AND LOLA TOYS,10,2011-08-08 12:20:00,2.08,16458,United Kingdom,False
559526,22196,SMALL HEART MEASURING SPOONS,1,2011-07-10 11:19:00,0.85,15756,United Kingdom,False
563754,20682,RED RETROSPOT CHILDRENS UMBRELLA,6,2011-08-19 10:56:00,3.25,15396,United Kingdom,False
578118,22560,TRADITIONAL MODELLING CLAY,24,2011-11-23 10:08:00,1.25,12955,United Kingdom,False
563214,23307,SET OF 60 PANTRY DESIGN CAKE CASES,4,2011-08-14 12:56:00,0.55,16370,United Kingdom,False
559052,72128,COLUMBIAN CANDLE ROUND,1,2011-07-05 16:53:00,1.63,,United Kingdom,False
571305,23367,SET 12 COLOUR PENCILS SPACEBOY,15,2011-10-17 09:55:00,1.25,,United Kingdom,False
572905,85152,HAND OVER THE CHOCOLATE   SIGN,2,2011-10-26 15:39:00,2.1,14690,United Kingdom,False
562519,21914,BLUE HARMONICA IN BOX,1,2011-08-05 12:37:00,1.25,16764,United Kingdom,False
551661,22171,3 HOOK PHOTO SHELF ANTIQUE WHITE,2,2011-05-03 12:17:00,8.5,15656,United Kingdom,False
569401,22169,FAMILY ALBUM WHITE PICTURE FRAME,2,2011-10-04 08:56:00,8.5,15111,United Kingdom,False
576326,22493,PAINT YOUR OWN CANVAS SET,20,2011-11-14 15:18:00,1.65,16504,United Kingdom,False
537240,21754,HOME BUILDING BLOCK WORD,4,2010-12-06 10:08:00,11.87,,United Kingdom,False
556108,22805,BLUE DRAWER KNOB ACRYLIC EDWARDIAN,3,2011-06-08 17:59:00,2.46,,United Kingdom,False
555931,84708B,PINK JEWELLED PHOTO FRAME,4,2011-06-08 08:31:00,4.95,17828,Malta,False
578666,16156S,WRAP PINK FAIRY CAKES,25,2011-11-24 17:06:00,0.42,17727,United Kingdom,False
568095,22626,BLACK KITCHEN SCALES,2,2011-09-23 14:49:00,8.5,14911,EIRE,False
578947,35637C,PINK STRING CURTAIN WITH POLE,2,2011-11-27 13:49:00,1.95,14547,United Kingdom,False
540163,82581,TOILET METAL SIGN,12,2011-01-05 11:52:00,0.55,13089,United Kingdom,False
558196,22595,GINGHAM HEART DECORATION,8,2011-06-27 12:38:00,0.85,16033,United Kingdom,False
567980,22085,PAPER CHAIN KIT SKULLS,2,2011-09-23 11:22:00,2.95,15311,United Kingdom,False
555850,22630,DOLLY GIRL LUNCH BOX,2,2011-06-07 13:35:00,1.95,16550,United Kingdom,False
575688,82581,TOILET METAL SIGN,12,2011-11-10 16:15:00,0.55,18230,United Kingdom,False
571797,21731,RED TOADSTOOL LED NIGHT LIGHT,4,2011-10-19 11:41:00,4.13,,United Kingdom,False
558087,22563,HAPPY STENCIL CRAFT,3,2011-06-26 12:04:00,1.25,17323,United Kingdom,False
561020,22624,IVORY KITCHEN SCALES,1,2011-07-22 17:21:00,8.5,13563,United Kingdom,False
571442,22696,WICKER WREATH LARGE,4,2011-10-17 13:39:00,1.95,17049,United Kingdom,False
581144,22983,CARD BILLBOARD FONT,24,2011-12-07 13:46:00,0.42,14085,United Kingdom,False
543264,21156,RETROSPOT CHILDRENS APRON,10,2011-02-04 16:34:00,1.95,13069,United Kingdom,False
580514,23084,RABBIT NIGHT LIGHT,1,2011-12-04 14:01:00,2.08,16905,United Kingdom,False
580610,23370,SET 36 COLOURING PENCILS DOILY,1,2011-12-05 11:48:00,1.25,,United Kingdom,False
569546,72586,SET OF 6 HALLOWEEN GHOST T-LIGHTS,1,2011-10-04 16:39:00,0.42,15276,United Kingdom,False
578925,22732,3D VINTAGE CHRISTMAS STICKERS,12,2011-11-27 12:13:00,1.25,17365,United Kingdom,False
541592,84923,PINK BUTTERFLY HANDBAG W BOBBLES,5,2011-01-19 15:08:00,4.13,,United Kingdom,False
537489,84077,WORLD WAR 2 GLIDERS ASSTD DESIGNS,48,2010-12-07 11:33:00,0.29,17017,United Kingdom,False
563245,21977,PACK OF 60 PINK PAISLEY CAKE CASES,1,2011-08-15 10:53:00,0.55,16272,United Kingdom,False
561515,22382,LUNCH BAG SPACEBOY DESIGN,2,2011-07-27 15:16:00,4.13,,United Kingdom,False
567665,22029,SPACEBOY BIRTHDAY CARD,1,2011-09-21 15:22:00,0.83,,United Kingdom,False
549425,21397,BLUE POLKADOT EGG CUP,12,2011-04-08 11:54:00,0.39,14030,United Kingdom,False
577690,21584,RETROSPOT SMALL TUBE MATCHES,3,2011-11-21 11:34:00,1.65,12856,United Kingdom,False
577108,23228,FILIGREE HEART BIRD WHITE,24,2011-11-17 17:34:00,1.25,15983,United Kingdom,False
579170,23206,LUNCH BAG APPLE DESIGN,1,2011-11-28 14:26:00,1.65,17811,United Kingdom,False
541406,22258,FELT FARM ANIMAL RABBIT,3,2011-01-17 15:19:00,1.25,14657,United Kingdom,False
552965,22466,FAIRY TALE COTTAGE NIGHTLIGHT,12,2011-05-12 13:10:00,1.95,13477,United Kingdom,False
574239,23050,RECYCLED ACAPULCO MAT GREEN,2,2011-11-03 12:43:00,8.25,14849,United Kingdom,False
568135,23317,BLUE REFECTORY CLOCK,1,2011-09-23 17:04:00,19.96,,United Kingdom,False
571850,22110,BIRD HOUSE HOT WATER BOTTLE,1,2011-10-19 12:54:00,2.55,14698,United Kingdom,False
C553478,23082,SET 6 PAPER TABLE LANTERN HEARTS,-1,2011-05-17 11:47:00,3.75,17677,United Kingdom,True
561396,23322,LARGE WHITE HEART OF WICKER,12,2011-07-27 10:40:00,2.95,13458,United Kingdom,False
575919,21773,DECORATIVE ROSE BATHROOM BOTTLE,96,2011-11-11 17:00:00,1.06,15311,United Kingdom,False
571028,22130,PARTY CONE CHRISTMAS DECORATION,6,2011-10-13 12:21:00,0.85,16770,United Kingdom,False
578827,22494,EMERGENCY FIRST AID TIN,3,2011-11-25 14:25:00,2.46,,United Kingdom,False
541422,85180B,PINK HEARTS LIGHT CHAIN,1,2011-01-17 17:48:00,2.46,,United Kingdom,False
540907,22955,36 FOIL STAR CAKE CASES,6,2011-01-12 11:52:00,2.1,13488,United Kingdom,False
579533,23360,SET 8 CANDLES VINTAGE DOILY,12,2011-11-30 09:24:00,1.95,12953,United Kingdom,False
568719,21291,SMALL POLKADOT CHOCOLATE GIFT BAG,1,2011-09-28 16:19:00,1.63,,United Kingdom,False
567180,22970,LONDON BUS COFFEE MUG,3,2011-09-18 14:56:00,2.55,17802,United Kingdom,False
538626,22113,GREY HEART HOT WATER BOTTLE,6,2010-12-13 12:57:00,3.75,17338,United Kingdom,False
578469,23254,CHILDRENS CUTLERY DOLLY GIRL,4,2011-11-24 12:36:00,4.15,12471,Germany,False
550632,23177,TREASURE ISLAND BOOK BOX,1,2011-04-19 14:56:00,2.25,16907,United Kingdom,False
572652,22780,LIGHT GARLAND BUTTERFILES PINK,4,2011-10-25 12:11:00,4.25,15805,United Kingdom,False
577774,22631,CIRCUS PARADE LUNCH BOX,2,2011-11-21 15:57:00,1.95,16712,United Kingdom,False
541795,22931,BAKING MOULD HEART WHITE CHOCOLATE,2,2011-01-21 13:47:00,2.55,14692,United Kingdom,False
560228,22994,TRAVEL CARD WALLET RETROSPOT,24,2011-07-15 17:29:00,0.42,17750,United Kingdom,False
572065,22932,BAKING MOULD TOFFEE CUP CHOCOLATE,2,2011-10-20 13:06:00,2.55,12556,Spain,False
575989,22496,SET OF 2 ROUND TINS DUTCH CHEESE,1,2011-11-13 14:20:00,2.95,14698,United Kingdom,False
573076,22952,60 CAKE CASES VINTAGE CHRISTMAS,24,2011-10-27 14:05:00,0.55,13488,United Kingdom,False
560773,23251,VINTAGE RED ENAMEL TRIM MUG,4,2011-07-20 16:17:00,2.46,,United Kingdom,False
568213,47504K,ENGLISH ROSE GARDEN SECATEURS,12,2011-09-25 16:06:00,0.79,15214,United Kingdom,False
574874,23536,WALL ART VILLAGE SHOW,4,2011-11-07 13:06:00,5.95,14911,EIRE,False
580055,23344,JUMBO BAG 50'S CHRISTMAS,40,2011-12-01 13:12:00,1.79,14298,United Kingdom,False
568098,22909,SET OF 20 VINTAGE CHRISTMAS NAPKINS,12,2011-09-23 15:17:00,0.85,15762,United Kingdom,False
565851,84970L,SINGLE HEART ZINC T-LIGHT HOLDER,12,2011-09-07 13:06:00,0.95,14911,EIRE,False
563907,47566,PARTY BUNTING,12,2011-08-21 11:57:00,4.95,14733,United Kingdom,False
551160,22584,PACK OF 6 PANNETONE GIFT BOXES,6,2011-04-26 15:04:00,2.55,15237,United Kingdom,False
566952,23199,JUMBO BAG APPLES,1,2011-09-15 16:37:00,4.13,,United Kingdom,False
570688,84596F,SMALL MARSHMALLOWS PINK BOWL,1,2011-10-11 16:29:00,0.83,,United Kingdom,False
560283,21868,POTTING SHED TEA MUG,12,2011-07-18 08:32:00,1.25,,EIRE,False
539958,22345,PARTY PIZZA DISH BLUE POLKADOT,14,2010-12-23 13:26:00,0.43,,United Kingdom,False
538849,22723,SET OF 6 HERB TINS SKETCHBOOK,1,2010-12-14 13:31:00,3.95,14415,United Kingdom,False
554106,22138,BAKING SET 9 PIECE RETROSPOT,3,2011-05-22 14:05:00,4.95,12710,Germany,False
579171,22897,OVEN MITT APPLES DESIGN,4,2011-11-28 14:30:00,1.45,13030,United Kingdom,False
571918,16169E,WRAP 50'S  CHRISTMAS,12,2011-10-19 16:05:00,0.42,17350,United Kingdom,False
539718,21889,WOODEN BOX OF DOMINOES,1,2010-12-21 13:06:00,2.51,,United Kingdom,False
561667,23243,SET OF TEA COFFEE SUGAR TINS PANTRY,4,2011-07-28 17:00:00,4.95,,EIRE,False
571105,22142,CHRISTMAS CRAFT WHITE FAIRY,2,2011-10-13 16:01:00,1.45,17614,United Kingdom,False
551858,22132,RED LOVE HEART SHAPE CUP,12,2011-05-04 15:33:00,0.85,18041,United Kingdom,False
571289,21915,RED  HARMONICA IN BOX,12,2011-10-16 15:27:00,1.25,15113,United Kingdom,False
570465,85049H,URBAN BLACK RIBBONS,1,2011-10-10 16:02:00,0.83,,United Kingdom,False
576602,23175,REGENCY MILK JUG PINK,24,2011-11-15 15:20:00,2.75,14156,EIRE,False
566913,21967,PACK OF 12 SKULL TISSUES,12,2011-09-15 14:07:00,0.39,17602,United Kingdom,False
572550,22582,PACK OF 6 SWEETIE GIFT BOXES,1,2011-10-24 17:06:00,4.96,,United Kingdom,False
572132,23398,HANGING HEART BONHEUR,12,2011-10-21 10:03:00,0.85,13725,United Kingdom,False
539631,21408,SPOTTY PINK DUCK DOORSTOP,1,2010-12-20 15:03:00,8.47,,United Kingdom,False
563558,22365,DOORMAT RESPECTABLE HOUSE,10,2011-08-17 13:40:00,6.75,14156,EIRE,False
561218,23306,SET OF 36 DOILIES PANTRY DESIGN,1,2011-07-25 17:11:00,2.92,,United Kingdom,False
536618,84077,WORLD WAR 2 GLIDERS ASSTD DESIGNS,48,2010-12-02 10:17:00,0.29,17017,United Kingdom,False
548612,21790,VINTAGE SNAP CARDS,1,2011-04-01 11:34:00,0.85,13137,United Kingdom,False
540349,21985,PACK OF 12 HEARTS DESIGN TISSUES,24,2011-01-06 14:07:00,0.29,15379,United Kingdom,False
578844,23367,SET 12 COLOUR PENCILS SPACEBOY,2,2011-11-25 16:14:00,1.25,,United Kingdom,False
544637,22260,FELT EGG COSY BLUE RABBIT,12,2011-02-22 11:20:00,0.85,16546,United Kingdom,False
539708,21352,EUCALYPTUS & PINECONE  WREATH,1,2010-12-21 12:18:00,5.91,,United Kingdom,False
548666,84821,DANISH ROSE DELUXE COASTER,24,2011-04-01 14:58:00,0.85,13124,United Kingdom,False
568346,22371,AIRLINE BAG VINTAGE TOKYO 78,1,2011-09-26 15:28:00,8.29,14096,United Kingdom,False
558542,21754,HOME BUILDING BLOCK WORD,4,2011-06-30 12:23:00,5.95,13593,United Kingdom,False
576365,23365,SET 12 COLOUR PENCILS LOVE LONDON,138,2011-11-14 17:55:00,1.5,,United Kingdom,False
546862,22212,FOUR HOOK  WHITE LOVEBIRDS,6,2011-03-17 15:34:00,2.1,16216,United Kingdom,False
548918,22621,TRADITIONAL KNITTING NANCY,12,2011-04-05 10:13:00,1.65,16105,United Kingdom,False
537754,21531,RED RETROSPOT SUGAR JAM BOWL,2,2010-12-08 11:16:00,2.55,16081,United Kingdom,False
536976,21930,JUMBO STORAGE BAG SKULLS,2,2010-12-03 14:18:00,1.95,14723,United Kingdom,False
542100,84581,DOG TOY WITH PINK CROCHET SKIRT,2,2011-01-25 13:15:00,3.75,15339,United Kingdom,False
574559,23569,TRADTIONAL ALPHABET STAMP SET,3,2011-11-04 15:50:00,4.95,14056,United Kingdom,False
572227,23229,VINTAGE DONKEY TAIL GAME,3,2011-10-21 14:01:00,3.75,15051,United Kingdom,False
569669,21992,VINTAGE PAISLEY STATIONERY SET,3,2011-10-05 13:47:00,1.25,14730,United Kingdom,False
567062,23307,SET OF 60 PANTRY DESIGN CAKE CASES,24,2011-09-16 11:48:00,0.55,16108,United Kingdom,False
C571287,22191,IVORY DINER WALL CLOCK,-1,2011-10-16 15:03:00,8.5,13610,United Kingdom,True
567636,21175,GIN + TONIC DIET METAL SIGN,24,2011-09-21 13:48:00,2.55,16358,United Kingdom,False
575336,84997B,CHILDRENS CUTLERY RETROSPOT RED,1,2011-11-09 13:58:00,4.15,14968,United Kingdom,False
575875,23229,VINTAGE DONKEY TAIL GAME,1,2011-11-11 13:06:00,7.46,,United Kingdom,False
569637,23298,SPOTTY BUNTING,3,2011-10-05 12:14:00,4.95,15757,United Kingdom,False
549667,22271,FELTCRAFT DOLL ROSIE,6,2011-04-11 12:20:00,2.95,14911,EIRE,False
537237,21936,RED RETROSPOT PICNIC BAG,1,2010-12-06 09:58:00,5.91,,United Kingdom,False
536876,84663A,GRASS HOPPER WOODEN WALL CLOCK,1,2010-12-03 11:36:00,5.91,,United Kingdom,False
580396,23193,BUFFALO BILL TREASURE BOOK BOX,3,2011-12-04 11:00:00,2.25,13838,United Kingdom,False
576667,23581,JUMBO BAG PAISLEY PARK,10,2011-11-16 11:48:00,2.08,12963,United Kingdom,False
558105,22196,SMALL HEART MEASURING SPOONS,1,2011-06-26 14:54:00,0.85,15644,United Kingdom,False
568780,23218,LAUREL STAR ANTIQUE GOLD,12,2011-09-29 08:27:00,1.25,18235,United Kingdom,False
553522,82482,WOODEN PICTURE FRAME WHITE FINISH,2,2011-05-17 14:43:00,2.55,15005,United Kingdom,False
539250,85054,FRENCH ENAMEL POT W LID,12,2010-12-16 13:44:00,1.25,15157,United Kingdom,False
568059,23493,VINTAGE DOILY TRAVEL SEWING KIT,6,2011-09-23 12:58:00,1.95,13097,United Kingdom,False
558335,23252,VINTAGE RED ENAMEL TRIM JUG,4,2011-06-28 13:16:00,3.75,17442,United Kingdom,False
569825,22894,TABLECLOTH RED APPLES DESIGN,2,2011-10-06 12:23:00,9.95,15805,United Kingdom,False
540352,84251G,"GREETING CARD, OVERCROWDED POOL.",1,2011-01-06 14:27:00,0.43,,United Kingdom,False
553316,23172,REGENCY TEA PLATE PINK,12,2011-05-16 12:04:00,1.65,12682,France,False
580431,21326,AGED GLASS SILVER T-LIGHT HOLDER,12,2011-12-04 12:13:00,0.65,13822,United Kingdom,False
577228,22210,WOOD STAMP SET BEST WISHES,1,2011-11-18 12:07:00,0.83,12391,Cyprus,False
559337,21165,BEWARE OF THE CAT METAL SIGN,1,2011-07-07 16:27:00,4.13,,United Kingdom,False
569230,85053,FRENCH ENAMEL CANDLEHOLDER,2,2011-10-02 15:07:00,2.1,16533,United Kingdom,False
580983,21012,ANTIQUE ALL GLASS CANDLESTICK,8,2011-12-06 16:26:00,2.46,,United Kingdom,False
575331,22467,GUMBALL COAT RACK,12,2011-11-09 13:52:00,2.55,13209,United Kingdom,False
541253,22970,LONDON BUS COFFEE MUG,1,2011-01-16 13:51:00,2.55,17841,United Kingdom,False
555836,23208,LUNCH BAG VINTAGE LEAF DESIGN,30,2011-06-07 12:36:00,1.65,13098,United Kingdom,False
580119,21931,JUMBO STORAGE BAG SUKI,1,2011-12-01 16:37:00,2.08,17920,United Kingdom,False
573145,22302,COFFEE MUG PEARS  DESIGN,6,2011-10-27 18:02:00,2.55,18219,United Kingdom,False
555518,22610,PENS ASSORTED FUNNY FACE,36,2011-06-05 10:58:00,0.85,14891,United Kingdom,False
568063,21889,WOODEN BOX OF DOMINOES,12,2011-09-23 13:24:00,1.25,15981,United Kingdom,False
575748,22111,SCOTTIE DOG HOT WATER BOTTLE,4,2011-11-11 10:21:00,12.46,,United Kingdom,False
564754,90038A,GLASS AND PAINTED BEADS BRACELET TO,1,2011-08-30 10:29:00,3.73,,United Kingdom,False
563023,20750,RED RETROSPOT MINI CASES,2,2011-08-11 13:39:00,7.95,14639,United Kingdom,False
565844,23414,ZINC BOX SIGN HOME,3,2011-09-07 12:19:00,9.95,17442,United Kingdom,False
576644,21494,ROTATING LEAVES T-LIGHT HOLDER,1,2011-11-16 10:01:00,5.79,,United Kingdom,False
548003,22192,BLUE DINER WALL CLOCK,2,2011-03-29 10:39:00,8.5,18044,United Kingdom,False
C569941,23412,HEART MIRROR ANTIQUE WHITE,-2,2011-10-06 18:06:00,7.5,16909,United Kingdom,True
550986,84755,COLOUR GLASS T-LIGHT HOLDER HANGING,12,2011-04-21 18:06:00,1.24,,United Kingdom,False
557956,20676,RED RETROSPOT BOWL,2,2011-06-23 19:20:00,1.25,18283,United Kingdom,False
561231,22432,WATERING CAN PINK BUNNY,6,2011-07-26 10:20:00,1.95,15855,United Kingdom,False
553718,23281,FOLDING BUTTERFLY MIRROR RED,1,2011-05-18 16:14:00,2.46,,United Kingdom,False
569815,21380,WOODEN HAPPY BIRTHDAY GARLAND,144,2011-10-06 11:53:00,2.55,15838,United Kingdom,False
564962,22138,BAKING SET 9 PIECE RETROSPOT,1,2011-08-31 14:35:00,4.95,17777,United Kingdom,False
549974,37495,FAIRY CAKE BIRTHDAY CANDLE SET,4,2011-04-13 14:31:00,3.75,17746,United Kingdom,False
570600,21922,UNION STRIPE WITH FRINGE  HAMMOCK,2,2011-10-11 12:05:00,7.95,16076,United Kingdom,False
564531,21577,SAVE THE PLANET COTTON TOTE BAG,6,2011-08-25 15:04:00,2.25,12624,France,False
542266,22419,LIPSTICK PEN RED,2,2011-01-26 17:37:00,0.42,16918,United Kingdom,False
568567,22310,IVORY KNITTED MUG COSY,1,2011-09-27 18:41:00,3.29,,United Kingdom,False
571797,21116,OWL DOORSTOP,2,2011-10-19 11:41:00,8.29,,United Kingdom,False
559157,47566,PARTY BUNTING,4,2011-07-06 15:53:00,4.95,13999,United Kingdom,False
561047,21094,SET/6 RED SPOTTY PAPER PLATES,12,2011-07-24 12:46:00,0.85,16948,United Kingdom,False
577297,21816,CHRISTMAS TREE T-LIGHT HOLDER,2,2011-11-18 12:48:00,1.45,14593,United Kingdom,False
549789,20723,STRAWBERRY CHARLOTTE BAG,10,2011-04-12 12:00:00,0.85,17160,United Kingdom,False
569110,23203,JUMBO BAG VINTAGE DOILY,10,2011-09-30 12:44:00,2.08,17675,United Kingdom,False
569134,23343,JUMBO BAG VINTAGE CHRISTMAS,10,2011-09-30 14:07:00,2.08,15411,United Kingdom,False
559506,DOT,DOTCOM POSTAGE,1,2011-07-08 15:17:00,319.82,,United Kingdom,False
544611,22996,TRAVEL CARD WALLET VINTAGE TICKET,24,2011-02-22 10:09:00,0.42,16912,United Kingdom,False
544823,22192,BLUE DINER WALL CLOCK,4,2011-02-24 09:28:00,8.5,14004,United Kingdom,False
573385,23203,JUMBO BAG VINTAGE DOILY,20,2011-10-30 14:21:00,2.08,13421,United Kingdom,False
567184,22730,ALARM CLOCK BAKELIKE IVORY,2,2011-09-18 15:41:00,3.75,16033,United Kingdom,False
568170,21484,CHICK GREY HOT WATER BOTTLE,3,2011-09-25 13:08:00,4.25,16931,United Kingdom,False
570652,22255,FELT TOADSTOOL  SMALL,24,2011-10-11 13:45:00,0.85,17863,United Kingdom,False
567157,23172,REGENCY TEA PLATE PINK,24,2011-09-16 17:33:00,1.65,12748,United Kingdom,False
547094,84584,PINK GINGHAM CAT WITH SCARF,12,2011-03-21 08:39:00,2.55,13934,United Kingdom,False
550458,85174,S/4 CACTI CANDLES,1,2011-04-18 13:13:00,10.79,,United Kingdom,False
539458,21014,SWISS CHALET TREE DECORATION,1,2010-12-17 17:30:00,0.85,,United Kingdom,False
550512,22983,CARD BILLBOARD FONT,12,2011-04-18 16:31:00,0.42,18069,United Kingdom,False
558993,84879,ASSORTED COLOUR BIRD ORNAMENT,16,2011-07-05 11:49:00,1.69,16729,United Kingdom,False
539551,84050,PINK HEART SHAPE EGG FRYING PAN,12,2010-12-20 11:38:00,1.65,12721,France,False
540552,84406B,CREAM CUPID HEARTS COAT HANGER,8,2011-01-10 09:44:00,3.25,16350,United Kingdom,False
577504,22187,GREEN CHRISTMAS TREE CARD HOLDER,2,2011-11-20 12:36:00,1.95,14159,United Kingdom,False
556808,23283,DOORMAT VINTAGE LEAVES DESIGN,2,2011-06-14 15:45:00,7.95,17749,United Kingdom,False
541435,84279P,CHERRY BLOSSOM  DECORATIVE FLASK,4,2011-01-18 10:28:00,3.75,13898,United Kingdom,False
577610,23084,RABBIT NIGHT LIGHT,6,2011-11-21 09:55:00,2.08,15373,United Kingdom,False
557645,22465,HANGING METAL STAR LANTERN,1,2011-06-21 17:08:00,3.29,,United Kingdom,False
553074,21206,STRAWBERRY HONEYCOMB  GARLAND,1,2011-05-13 11:45:00,1.65,15529,United Kingdom,False
567804,23493,VINTAGE DOILY TRAVEL SEWING KIT,3,2011-09-22 12:13:00,1.95,17920,United Kingdom,False
564840,22362,GLASS JAR PEACOCK BATH SALTS,3,2011-08-30 12:49:00,5.79,,United Kingdom,False
580983,23170,REGENCY TEA PLATE ROSES,1,2011-12-06 16:26:00,3.29,,United Kingdom,False
566033,22928,YELLOW GIANT GARDEN THERMOMETER,2,2011-09-08 13:07:00,5.95,16031,United Kingdom,False
578822,22952,60 CAKE CASES VINTAGE CHRISTMAS,24,2011-11-25 14:00:00,0.55,13437,United Kingdom,False
561884,22588,CARD HOLDER GINGHAM HEART,3,2011-07-31 13:07:00,2.89,15453,United Kingdom,False
571496,85034A,3 GARDENIA MORRIS BOXED CANDLES,24,2011-10-17 15:02:00,1.25,13265,United Kingdom,False
578675,23317,BLUE REFECTORY CLOCK,2,2011-11-24 18:13:00,9.95,14756,United Kingdom,False
566290,47503A,ASS FLORAL PRINT MULTI SCREWDRIVER,12,2011-09-11 15:24:00,0.42,14456,United Kingdom,False
570186,23504,PLAYING CARDS JUBILEE UNION JACK,12,2011-10-07 15:01:00,1.25,17509,United Kingdom,False
552491,20749,ASSORTED COLOUR MINI CASES,12,2011-05-09 16:01:00,6.35,17033,United Kingdom,False
545721,20674,GREEN POLKADOT BOWL,12,2011-03-07 10:52:00,1.25,15039,United Kingdom,False
563746,22384,LUNCH BAG PINK POLKADOT,10,2011-08-19 10:05:00,1.65,14745,United Kingdom,False
551811,21240,BLUE POLKADOT CUP,1,2011-05-04 11:37:00,0.85,15039,United Kingdom,False
562783,23206,LUNCH BAG APPLE DESIGN,10,2011-08-09 13:22:00,1.65,13018,United Kingdom,False
541280,37500,TEA TIME TEAPOT IN GIFT BOX,2,2011-01-17 11:57:00,9.95,15296,United Kingdom,False
543458,21561,DINOSAUR LUNCH BOX WITH CUTLERY,2,2011-02-08 13:28:00,2.55,14587,United Kingdom,False
568709,20685,DOORMAT RED RETROSPOT,1,2011-09-28 15:42:00,8.25,15036,United Kingdom,False
551471,22487,WHITE WOOD GARDEN PLANT LADDER,2,2011-04-28 16:40:00,9.95,16370,United Kingdom,False
547077,47566B,TEA TIME PARTY BUNTING,6,2011-03-20 14:38:00,4.95,12843,United Kingdom,False
580541,85049E,SCANDINAVIAN REDS RIBBONS,12,2011-12-05 09:03:00,1.25,15358,United Kingdom,False
580632,21430,SET/3 RED GINGHAM ROSE STORAGE BOX,1,2011-12-05 12:16:00,3.75,16360,United Kingdom,False
C569985,16161U,WRAP SUKI AND FRIENDS,-25,2011-10-06 19:51:00,0.42,15365,United Kingdom,True
559521,22276,WASH BAG VINTAGE ROSE PAISLEY,1,2011-07-08 16:26:00,2.55,,Unspecified,False
575612,21117,BLOND DOLL DOORSTOP,12,2011-11-10 12:47:00,1.25,17416,United Kingdom,False
552655,23172,REGENCY TEA PLATE PINK,2,2011-05-10 14:22:00,1.65,14587,United Kingdom,False
574481,23369,SET 36 COLOUR PENCILS LOVE LONDON,1,2011-11-04 12:45:00,1.25,18022,United Kingdom,False
565150,72232,FENG SHUI PILLAR CANDLE,144,2011-09-01 14:26:00,0.19,14298,United Kingdom,False
551960,22854,CREAM SWEETHEART EGG HOLDER,4,2011-05-05 12:38:00,4.95,18239,United Kingdom,False
554160,21641,ASSORTED TUTTI FRUTTI KEYRING BALL,1,2011-05-23 11:49:00,0.85,17841,United Kingdom,False
566562,22734,SET OF 6 RIBBONS VINTAGE CHRISTMAS,12,2011-09-13 12:18:00,2.89,17365,United Kingdom,False
581412,22555,PLASTERS IN TIN STRONGMAN,4,2011-12-08 14:38:00,1.65,14415,United Kingdom,False
577078,84946,ANTIQUE SILVER T-LIGHT GLASS,13,2011-11-17 15:17:00,2.46,,United Kingdom,False
578927,23208,LUNCH BAG VINTAGE LEAF DESIGN,2,2011-11-27 12:26:00,1.65,15747,United Kingdom,False
542115,22719,GUMBALL MONOCHROME COAT RACK,2,2011-01-25 14:01:00,2.46,,United Kingdom,False
579141,22898,CHILDRENS APRON APPLES DESIGN,2,2011-11-28 13:06:00,1.95,17019,United Kingdom,False
579116,23202,JUMBO BAG VINTAGE LEAF,4,2011-11-28 11:54:00,2.08,17346,United Kingdom,False
565133,22384,LUNCH BAG PINK POLKADOT,10,2011-09-01 12:46:00,1.65,13458,United Kingdom,False
577690,21820,GLITTER HEART GARLAND WITH BELLS,2,2011-11-21 11:34:00,3.75,12856,United Kingdom,False
C539657,21876,POTTERING MUG,-1,2010-12-20 17:24:00,1.25,16134,United Kingdom,True
579069,21620,SET OF 4 ROSE BOTANICAL CANDLES,12,2011-11-28 10:31:00,1.25,14911,EIRE,False
547716,21715,GIRLS VINTAGE TIN SEASIDE BUCKET,8,2011-03-25 08:52:00,2.55,16833,United Kingdom,False
536592,21547,CERAMIC BIRDHOUSE CRESTED TIT SMALL,1,2010-12-01 17:06:00,5.91,,United Kingdom,False
580076,21810,CHRISTMAS HANGING STAR WITH BELL,48,2011-12-01 14:14:00,0.39,15602,United Kingdom,False
562701,15056N,EDWARDIAN PARASOL NATURAL,18,2011-08-08 13:59:00,5.95,13767,United Kingdom,False
558330,85184C,SET 4 VALENTINE DECOUPAGE HEART BOX,1,2011-06-28 12:16:00,2.95,12748,United Kingdom,False
552007,21787,RAIN PONCHO RETROSPOT,24,2011-05-05 16:56:00,0.85,13269,United Kingdom,False
536532,21520,BOOZE & WOMEN GREETING CARD,12,2010-12-01 13:24:00,0.42,12433,Norway,False
558232,23084,RABBIT NIGHT LIGHT,1,2011-06-27 14:30:00,2.08,17841,United Kingdom,False
579508,84926D,LA PALMIERA TILE COASTER,2,2011-11-29 16:33:00,2.46,,United Kingdom,False
554683,21922,UNION STRIPE WITH FRINGE  HAMMOCK,1,2011-05-25 16:09:00,7.95,,United Kingdom,False
573576,21126,SET OF 6 GIRLS CELEBRATION CANDLES,1,2011-10-31 14:09:00,1.25,14096,United Kingdom,False
576381,84029E,RED WOOLLY HOTTIE WHITE HEART.,4,2011-11-15 09:26:00,4.25,12839,United Kingdom,False
552952,22801,ANTIQUE GLASS PEDESTAL BOWL,3,2011-05-12 12:10:00,3.75,13837,United Kingdom,False
550305,85176,SEWING SUSAN 21 NEEDLE SET,12,2011-04-17 10:27:00,0.85,17920,United Kingdom,False
577501,22906,12 MESSAGE CARDS WITH ENVELOPES,12,2011-11-20 12:32:00,1.65,14075,United Kingdom,False
551351,85061W,WHITE JEWELLED HEART DECORATION,24,2011-04-28 10:20:00,0.64,14298,United Kingdom,False
579093,23294,SET OF 6 SNACK LOAF BAKING CASES,8,2011-11-28 10:54:00,0.83,13081,United Kingdom,False
552853,21937,STRAWBERRY   PICNIC BAG,1,2011-05-11 15:13:00,2.95,16712,United Kingdom,False
541518,20750,RED RETROSPOT MINI CASES,2,2011-01-19 09:05:00,7.95,12451,Switzerland,False
574298,21248,DOOR HANGER  MUM + DADS ROOM,1,2011-11-03 15:56:00,3.29,,United Kingdom,False
539434,22539,MINI JIGSAW DOLLY GIRL,2,2010-12-17 14:41:00,0.85,,United Kingdom,False
552652,22847,BREAD BIN DINER STYLE IVORY,1,2011-05-10 14:09:00,16.95,14591,United Kingdom,False
537642,21559,STRAWBERRY LUNCH BOX WITH CUTLERY,2,2010-12-07 15:33:00,5.06,,United Kingdom,False
548148,84509E,SET OF 4 CAROUSEL PLACEMATS,1,2011-03-29 12:31:00,3.75,17931,United Kingdom,False
547547,22587,FELTCRAFT HAIRBAND RED AND BLUE,1,2011-03-23 15:30:00,1.63,,United Kingdom,False
568703,23505,PLAYING CARDS I LOVE LONDON,10,2011-09-28 15:21:00,1.25,12748,United Kingdom,False
548893,20707,CRAZY DAISY HEART DECORATION,1,2011-04-04 15:54:00,0.83,,United Kingdom,False
571046,23321,SMALL WHITE HEART OF WICKER,1,2011-10-13 13:35:00,1.65,18096,United Kingdom,False
541424,84968F,SET OF 16 VINTAGE SKY BLUE CUTLERY,2,2011-01-17 17:57:00,8.29,,United Kingdom,False
558777,20903,VINTAGE KEEPSAKE BOX TRAVELOGUE,2,2011-07-04 10:23:00,4.13,,United Kingdom,False
552333,22417,PACK OF 60 SPACEBOY CAKE CASES,6,2011-05-09 10:38:00,0.55,15039,United Kingdom,False
571463,23154,SET OF 4 JAM JAR MAGNETS,12,2011-10-17 14:23:00,2.08,16463,United Kingdom,False
554637,21902,"KEY FOB , FRONT  DOOR",5,2011-05-25 11:58:00,0.65,14688,United Kingdom,False
568152,22493,PAINT YOUR OWN CANVAS SET,4,2011-09-25 11:40:00,1.65,16480,United Kingdom,False
546760,22989,SET 2 PANTRY DESIGN TEA TOWELS,6,2011-03-16 14:00:00,3.25,12597,Spain,False
554096,21918,SET 12 KIDS COLOUR  CHALK STICKS,24,2011-05-22 12:51:00,0.42,14921,United Kingdom,False
C550485,21232,STRAWBERRY CERAMIC TRINKET BOX,-4,2011-04-18 14:15:00,1.25,13317,United Kingdom,True
C560395,22846,BREAD BIN DINER STYLE RED,-2,2011-07-18 13:47:00,14.95,15125,United Kingdom,True
565850,23068,ALUMINIUM STAMPED HEART,4,2011-09-07 12:55:00,2.49,14530,United Kingdom,False
580958,23323,WHITE WICKER STAR,1,2011-12-06 14:30:00,2.1,17266,United Kingdom,False
539631,21631,HIPPY CHIC DECORATIVE PARASOL,1,2010-12-20 15:03:00,25.49,,United Kingdom,False
550130,90201B,BLACK ENAMEL FLOWER RING,6,2011-04-14 13:17:00,2.95,14390,United Kingdom,False
575706,22045,SPACEBOY GIFT WRAP,25,2011-11-10 17:13:00,0.42,14713,United Kingdom,False
555923,22907,PACK OF 20 NAPKINS PANTRY DESIGN,3,2011-06-07 17:09:00,1.63,,United Kingdom,False
553718,22881,NUMBER TILE VINTAGE FONT 2,1,2011-05-18 16:14:00,4.13,,United Kingdom,False
546239,22291,HANGING CHICK CREAM DECORATION,24,2011-03-10 12:59:00,1.45,14064,United Kingdom,False
568198,22913,RED COAT RACK PARIS FASHION,1,2011-09-25 14:52:00,4.95,16771,United Kingdom,False
564065,22671,FRENCH LAUNDRY SIGN BLUE METAL,12,2011-08-22 15:05:00,1.65,15150,United Kingdom,False
549262,10125,MINI FUNKY DESIGN TAPES,1,2011-04-07 12:38:00,0.85,14465,United Kingdom,False
576840,20719,WOODLAND CHARLOTTE BAG,2,2011-11-16 15:23:00,1.63,,United Kingdom,False
548259,82600,NO SINGING METAL SIGN,12,2011-03-30 11:12:00,2.1,14099,United Kingdom,False
545695,22628,PICNIC BOXES SET OF 3 RETROSPOT,4,2011-03-06 14:15:00,4.95,17050,United Kingdom,False
554630,22992,REVOLVER WOODEN RULER,1,2011-05-25 11:34:00,1.95,13268,United Kingdom,False
572484,23295,SET OF 12 MINI LOAF BAKING CASES,8,2011-10-24 13:50:00,0.83,17220,United Kingdom,False
571710,23206,LUNCH BAG APPLE DESIGN,10,2011-10-18 15:54:00,1.65,13032,United Kingdom,False
570491,16169E,WRAP 50'S  CHRISTMAS,25,2011-10-10 17:26:00,0.42,14395,United Kingdom,False
568346,22472,TV DINNER TRAY DOLLY GIRL,1,2011-09-26 15:28:00,10.79,14096,United Kingdom,False
547729,22718,CARD CAT AND TREE,12,2011-03-25 10:52:00,0.42,15529,United Kingdom,False
551301,82583,HOT BATHS METAL SIGN,24,2011-04-27 14:49:00,2.1,17675,United Kingdom,False
558063,21059,PARTY INVITES DINOSAURS,6,2011-06-24 15:28:00,0.85,16395,United Kingdom,False
571082,20724,RED RETROSPOT CHARLOTTE BAG,4,2011-10-13 15:25:00,1.63,,United Kingdom,False
556732,22414,DOORMAT NEIGHBOURHOOD WITCH,1,2011-06-14 11:47:00,7.95,15039,United Kingdom,False
542107,20798,CLEAR MILKSHAKE GLASS,2,2011-01-25 13:38:00,2.1,16222,United Kingdom,False
563500,22670,FRENCH WC SIGN BLUE METAL,3,2011-08-16 17:25:00,1.25,15856,United Kingdom,False
561773,23309,SET OF 60 I LOVE LONDON CAKE CASES,1,2011-07-29 12:41:00,0.55,17841,United Kingdom,False
540179,21877,HOME SWEET HOME MUG,2,2011-01-05 12:54:00,1.25,16033,United Kingdom,False
574941,23300,GARDENERS KNEELING PAD CUP OF TEA,116,2011-11-07 17:42:00,3.95,,United Kingdom,False
574046,82482,WOODEN PICTURE FRAME WHITE FINISH,3,2011-11-02 13:19:00,2.95,15743,United Kingdom,False
575475,20725,LUNCH BAG RED RETROSPOT,10,2011-11-09 16:03:00,1.65,17702,United Kingdom,False
549298,22651,GENTLEMAN SHIRT REPAIR KIT,12,2011-04-08 08:20:00,0.85,13015,United Kingdom,False
574356,20725,LUNCH BAG RED RETROSPOT,8,2011-11-04 10:48:00,4.96,,United Kingdom,False
548373,22296,HEART IVORY TRELLIS LARGE,1,2011-03-30 16:34:00,3.29,,United Kingdom,False
552467,22077,6 RIBBONS RUSTIC CHARM,12,2011-05-09 15:29:00,1.65,15249,United Kingdom,False
547664,21586,KINGS CHOICE GIANT TUBE MATCHES,1,2011-03-24 13:16:00,2.55,13069,United Kingdom,False
561026,23089,GLASS BON BON JAR,6,2011-07-24 10:49:00,1.65,17265,United Kingdom,False
555094,22721,SET OF 3 CAKE TINS SKETCHBOOK,3,2011-05-31 13:17:00,4.95,13398,United Kingdom,False
552285,85185B,PINK HORSE SOCK PUPPET,1,2011-05-08 12:58:00,2.95,14684,United Kingdom,False
579777,21164,HOME SWEET HOME METAL SIGN,2,2011-11-30 15:13:00,5.79,,United Kingdom,False
554976,21390,FILIGRIS HEART WITH BUTTERFLY,24,2011-05-29 10:57:00,1.25,15046,United Kingdom,False
556826,20655,QUEEN OF SKIES LUGGAGE TAG,1,2011-06-15 10:25:00,2.46,,United Kingdom,False
542112,22986,GINGHAM ROSE WRAP,25,2011-01-25 13:55:00,0.42,13168,United Kingdom,False
542505,79063D,,2560,2011-01-28 12:04:00,0.0,,United Kingdom,False
554000,18094C,WHITE AND BLUE CERAMIC OIL BURNER,12,2011-05-20 11:53:00,1.25,14794,United Kingdom,False
565234,23203,JUMBO BAG VINTAGE DOILY,1,2011-09-02 09:38:00,4.13,,United Kingdom,False
550470,22933,BAKING MOULD EASTER EGG MILK CHOC,7,2011-04-18 13:49:00,3.29,,United Kingdom,False
557801,23236,DOILEY STORAGE TIN,6,2011-06-23 10:14:00,2.89,13319,United Kingdom,False
554943,20725,LUNCH BAG RED RETROSPOT,100,2011-05-27 14:10:00,1.45,13798,United Kingdom,False
564482,22673,FRENCH GARDEN SIGN BLUE METAL,12,2011-08-25 13:40:00,1.25,13149,United Kingdom,False
560567,84997d,CHILDRENS CUTLERY POLKADOT PINK,1,2011-07-19 13:57:00,8.29,,United Kingdom,False
567066,23108,SET OF 10 LED DOLLY LIGHTS,2,2011-09-16 12:17:00,6.25,13418,United Kingdom,False
562711,23172,REGENCY TEA PLATE PINK,2,2011-08-08 14:53:00,1.65,16788,United Kingdom,False
575091,23351,ROLL WRAP 50'S CHRISTMAS,12,2011-11-08 14:05:00,1.25,17160,United Kingdom,False
553477,23144,ZINC T-LIGHT HOLDER STARS SMALL,12,2011-05-17 11:46:00,0.83,14239,United Kingdom,False
573340,20973,12 PENCIL SMALL TUBE WOODLAND,4,2011-10-30 11:55:00,0.65,14159,United Kingdom,False
551810,22356,CHARLOTTE BAG PINK POLKADOT,2,2011-05-04 11:32:00,0.85,15719,United Kingdom,False
552678,82552,WASHROOM METAL SIGN,2,2011-05-10 15:08:00,2.46,,United Kingdom,False
559163,84032A,CHARLIE+LOLA PINK HOT WATER BOTTLE,1,2011-07-06 16:33:00,3.29,,United Kingdom,False
569363,23196,VINTAGE LEAF MAGNETIC NOTEPAD,24,2011-10-03 15:08:00,1.45,13297,United Kingdom,False
556504,10133,COLOURING PENCILS BROWN TUBE,20,2011-06-13 08:47:00,0.42,13936,United Kingdom,False
562417,21932,SCANDINAVIAN PAISLEY PICNIC BAG,1,2011-08-04 16:32:00,2.46,,United Kingdom,False
571061,85049e,SCANDINAVIAN REDS RIBBONS,3,2011-10-13 14:33:00,3.29,,United Kingdom,False
548498,22970,LONDON BUS COFFEE MUG,12,2011-03-31 13:46:00,2.55,16681,United Kingdom,False
579777,22352,LUNCH BOX WITH CUTLERY RETROSPOT,1,2011-11-30 15:13:00,4.96,,United Kingdom,False
578344,22757,LARGE RED BABUSHKA NOTEBOOK,1,2011-11-24 09:21:00,2.46,,United Kingdom,False
575766,23084,RABBIT NIGHT LIGHT,3,2011-11-11 11:06:00,2.08,12856,United Kingdom,False
575219,21240,BLUE POLKADOT CUP,96,2011-11-09 11:17:00,0.72,17511,United Kingdom,False
570197,22268,DECORATION SITTING BUNNY,2,2011-10-07 15:45:00,0.19,13755,United Kingdom,False
563613,21035,SET/2 RED RETROSPOT TEA TOWELS,6,2011-08-18 08:49:00,3.25,12688,Israel,False
566477,23173,REGENCY TEAPOT ROSES,2,2011-09-13 09:03:00,9.95,14359,United Kingdom,False
541493,21080,SET/20 RED RETROSPOT PAPER NAPKINS,1,2011-01-18 14:29:00,2.46,,United Kingdom,False
547370,22822,CREAM WALL PLANTER HEART SHAPED,1,2011-03-22 13:32:00,5.95,14711,United Kingdom,False
558777,23307,SET OF 60 PANTRY DESIGN CAKE CASES,1,2011-07-04 10:23:00,1.25,,United Kingdom,False
540514,22457,NATURAL SLATE HEART CHALKBOARD,3,2011-01-09 11:43:00,2.95,15708,United Kingdom,False
544677,82599,FANNY'S REST STOPMETAL SIGN,1,2011-02-22 16:13:00,2.1,18196,United Kingdom,False
563377,23297,SET 40 HEART SHAPE PETIT FOUR CASES,4,2011-08-16 10:44:00,1.65,15002,United Kingdom,False
552262,21914,BLUE HARMONICA IN BOX,12,2011-05-08 11:37:00,1.25,14911,EIRE,False
538312,72349B,SET/6 PURPLE BUTTERFLY T-LIGHTS,1,2010-12-10 13:48:00,2.1,16727,United Kingdom,False
579516,21172,PARTY METAL SIGN,3,2011-11-29 17:52:00,1.45,17841,United Kingdom,False
545464,22545,MINI JIGSAW BUNNIES,10,2011-03-03 09:10:00,0.83,,United Kingdom,False
568513,23263,SET OF 3 WOODEN HEART DECORATIONS,12,2011-09-27 12:36:00,1.25,13555,United Kingdom,False
560895,23134,LARGE ZINC HEART WALL ORGANISER,8,2011-07-21 17:12:00,7.05,13089,United Kingdom,False
542713,22202,MILK PAN PINK POLKADOT,4,2011-01-31 13:27:00,3.75,12668,Germany,False
571705,84997A,CHILDRENS CUTLERY POLKADOT GREEN,8,2011-10-18 15:22:00,4.15,12360,Austria,False
539075,47559B,TEA TIME OVEN GLOVE,1,2010-12-15 17:28:00,1.25,17189,United Kingdom,False
561922,21791,VINTAGE HEADS AND TAILS CARD GAME,1,2011-08-01 12:12:00,1.25,13167,United Kingdom,False
569544,23328,SET 6 SCHOOL MILK BOTTLES IN CRATE,2,2011-10-04 16:33:00,7.46,,United Kingdom,False
545657,22748,POPPY'S PLAYHOUSE KITCHEN,6,2011-03-04 14:02:00,2.1,14911,EIRE,False
575298,22795,SWEETHEART RECIPE BOOK STAND,1,2011-11-09 12:29:00,6.75,17841,United Kingdom,False
545324,82482,WOODEN PICTURE FRAME WHITE FINISH,2,2011-03-01 14:58:00,2.55,13110,United Kingdom,False
546538,20719,WOODLAND CHARLOTTE BAG,10,2011-03-14 14:51:00,0.85,16327,United Kingdom,False
562716,21122,SET/10 PINK POLKADOT PARTY CANDLES,24,2011-08-08 15:35:00,1.25,14257,United Kingdom,False
566979,21914,BLUE HARMONICA IN BOX,12,2011-09-16 09:54:00,1.25,13141,United Kingdom,False
579538,82600,N0 SINGING METAL SIGN,48,2011-11-30 10:04:00,1.85,14062,United Kingdom,False
559055,23184,BULL DOG BOTTLE OPENER,1,2011-07-05 17:09:00,10.79,,United Kingdom,False
540857,22333,RETROSPOT PARTY BAG + STICKER SET,48,2011-01-12 10:20:00,1.45,16779,United Kingdom,False
566726,23212,HEART WREATH DECORATION WITH BELL,4,2011-09-14 13:12:00,1.25,15021,United Kingdom,False
C569655,22729,ALARM CLOCK BAKELIKE ORANGE,-2,2011-10-05 12:58:00,3.75,14534,United Kingdom,True
578302,23534,WALL ART STOP FOR TEA,3,2011-11-23 15:23:00,5.95,16057,United Kingdom,False
560203,22406,MONEY BOX KINGS CHOICE DESIGN,1,2011-07-15 13:13:00,1.25,15311,United Kingdom,False
566055,21623,VINTAGE UNION JACK MEMOBOARD,1,2011-09-08 15:05:00,9.95,15453,United Kingdom,False
539084,22568,FELTCRAFT CUSHION OWL,4,2010-12-16 09:31:00,3.75,13890,United Kingdom,False
561363,21033,JUMBO BAG CHARLIE AND LOLA TOYS,2,2011-07-26 15:42:00,2.08,17238,United Kingdom,False
568908,72760B,VINTAGE CREAM 3 BASKET CAKE STAND,2,2011-09-29 13:38:00,9.95,16653,United Kingdom,False
558992,20749,ASSORTED COLOUR MINI CASES,2,2011-07-05 11:36:00,7.95,14223,United Kingdom,False
576665,23139,SINGLE WIRE HOOK PINK HEART,2,2011-11-16 11:46:00,1.45,17841,United Kingdom,False
578827,22996,TRAVEL CARD WALLET VINTAGE TICKET,1,2011-11-25 14:25:00,0.83,,United Kingdom,False
546650,85099C,JUMBO  BAG BAROQUE BLACK WHITE,2,2011-03-15 14:17:00,4.13,,United Kingdom,False
540848,22678,FRENCH BLUE METAL DOOR SIGN 3,1,2011-01-12 09:26:00,2.51,,United Kingdom,False
575985,22419,LIPSTICK PEN RED,2,2011-11-13 14:09:00,0.42,17841,United Kingdom,False
540801,84879,ASSORTED COLOUR BIRD ORNAMENT,40,2011-01-11 12:25:00,1.69,12540,Spain,False
543914,21681,GIANT MEDINA STAMPED METAL BOWL,1,2011-02-14 13:19:00,9.95,14715,United Kingdom,False
571456,85183A,CHARLIE & LOLA WASTEPAPER BIN BLUE,1,2011-10-17 13:57:00,1.25,16729,United Kingdom,False
575867,22488,NATURAL SLATE RECTANGLE CHALKBOARD,8,2011-11-11 12:44:00,1.65,15034,United Kingdom,False
573772,23353,6 GIFT TAGS VINTAGE CHRISTMAS,5,2011-11-01 10:16:00,0.83,17377,United Kingdom,False
539437,22549,PICTURE DOMINOES,1,2010-12-17 14:54:00,3.36,,United Kingdom,False
547386,22822,CREAM WALL PLANTER HEART SHAPED,1,2011-03-22 15:52:00,12.46,,United Kingdom,False
564140,22326,ROUND SNACK BOXES SET OF4 WOODLAND,12,2011-08-23 11:47:00,2.95,12621,Germany,False
557878,23088,ZINC HEART FLOWER T-LIGHT HOLDER,16,2011-06-23 13:13:00,1.25,16940,United Kingdom,False
564838,23177,TREASURE ISLAND BOOK BOX,1,2011-08-30 12:43:00,4.58,,United Kingdom,False
570602,23530,WALL ART ONLY ONE PERSON,12,2011-10-11 12:17:00,4.95,14141,United Kingdom,False
545937,22357,KINGS CHOICE BISCUIT TIN,4,2011-03-08 12:05:00,4.25,12758,Portugal,False
556246,22417,PACK OF 60 SPACEBOY CAKE CASES,1,2011-06-09 16:16:00,0.55,16113,United Kingdom,False
549023,20735,BLACK MINI TAPE MEASURE,2,2011-04-05 16:27:00,0.83,,United Kingdom,False
563076,23281,FOLDING BUTTERFLY MIRROR RED,96,2011-08-11 16:12:00,0.72,14646,Netherlands,False
541421,17129F,BLUE GLASS GEMS IN BAG,3,2011-01-17 17:44:00,1.63,,United Kingdom,False
556778,22629,SPACEBOY LUNCH BOX,2,2011-06-14 12:41:00,1.95,16712,United Kingdom,False
572513,82483,WOOD 2 DRAWER CABINET WHITE FINISH,1,2011-10-24 14:36:00,6.95,16728,United Kingdom,False
555413,21680,WOODLAND  STICKERS,6,2011-06-03 09:50:00,0.85,17994,United Kingdom,False
571407,48173C,DOORMAT BLACK FLOCK,2,2011-10-17 12:16:00,8.25,13750,United Kingdom,False
573038,22632,HAND WARMER RED RETROSPOT,2,2011-10-27 13:48:00,2.1,17545,United Kingdom,False
539958,22819,"BIRTHDAY CARD, RETRO SPOT",36,2010-12-23 13:26:00,0.43,,United Kingdom,False
567905,22653,BUTTON BOX,10,2011-09-22 16:37:00,1.95,12952,United Kingdom,False
544812,22379,RECYCLING BAG RETROSPOT,2,2011-02-23 15:58:00,4.13,,United Kingdom,False
554514,85099B,JUMBO BAG RED RETROSPOT,2,2011-05-24 15:58:00,4.13,,United Kingdom,False
554351,21212,PACK OF 72 RETROSPOT CAKE CASES,24,2011-05-24 08:53:00,0.55,15132,United Kingdom,False
569803,23007,SPACEBOY BABY GIFT SET,3,2011-10-06 11:48:00,16.95,13090,United Kingdom,False
554837,22430,ENAMEL WATERING CAN CREAM,2,2011-05-26 16:30:00,4.95,14584,United Kingdom,False
552857,23206,LUNCH BAG APPLE DESIGN,2,2011-05-11 15:34:00,4.13,,United Kingdom,False
548516,21932,SCANDINAVIAN PAISLEY PICNIC BAG,1,2011-03-31 16:28:00,5.79,,United Kingdom,False
568710,51014L,"FEATHER PEN,LIGHT PINK",12,2011-09-28 15:42:00,0.39,14649,United Kingdom,False
544434,22963,JAM JAR WITH GREEN LID,3,2011-02-18 16:12:00,0.85,,United Kingdom,False
556813,37447,CERAMIC CAKE DESIGN SPOTTED PLATE,1,2011-06-14 17:28:00,3.29,,United Kingdom,False
561243,23322,LARGE WHITE HEART OF WICKER,2,2011-07-26 11:24:00,2.95,,United Kingdom,False
556527,21932,SCANDINAVIAN PAISLEY PICNIC BAG,2,2011-06-13 11:33:00,1.65,16205,United Kingdom,False
568215,21791,VINTAGE HEADS AND TAILS CARD GAME,12,2011-09-26 08:38:00,1.25,13390,United Kingdom,False
570640,22972,CHILDREN'S SPACEBOY MUG,12,2011-10-11 12:38:00,1.65,12474,Germany,False
579196,22508,DOORSTOP RETROSPOT HEART,4,2011-11-28 15:54:00,7.46,14096,United Kingdom,False
580146,84997c,CHILDRENS CUTLERY POLKADOT BLUE,2,2011-12-02 10:07:00,8.29,,United Kingdom,False
550617,22367,CHILDRENS APRON SPACEBOY DESIGN,8,2011-04-19 13:03:00,1.95,13376,United Kingdom,False
C562952,23017,APOTHECARY MEASURING JAR,-1,2011-08-11 10:10:00,12.5,12749,United Kingdom,True
542718,22423,REGENCY CAKESTAND 3 TIER,1,2011-01-31 14:13:00,12.75,15602,United Kingdom,False
561217,22055,MINI CAKE STAND  HANGING STRAWBERY,1,2011-07-25 17:09:00,3.29,,United Kingdom,False
554974,84828,JUNGLE POPSICLES ICE LOLLY MOULDS,12,2011-05-27 17:14:00,1.25,14031,United Kingdom,False
570871,23517,EMBROIDERED RIBBON REEL REBECCA,1,2011-10-12 16:36:00,5.79,,United Kingdom,False
569633,22505,MEMO BOARD COTTAGE DESIGN,8,2011-10-05 12:02:00,4.95,16478,United Kingdom,False
576201,84380,SET OF 3 BUTTERFLY COOKIE CUTTERS,1,2011-11-14 12:18:00,1.45,14606,United Kingdom,False
552508,22427,ENAMEL FLOWER JUG CREAM,1,2011-05-09 16:27:00,11.63,,United Kingdom,False
545080,22027,TEA PARTY BIRTHDAY CARD,12,2011-02-28 10:33:00,0.42,13004,United Kingdom,False
547705,20914,SET/5 RED RETROSPOT LID GLASS BOWLS,5,2011-03-24 18:20:00,2.95,14056,United Kingdom,False
542617,22291,HANGING CHICK CREAM DECORATION,1,2011-01-30 15:48:00,1.45,17463,United Kingdom,False
580364,21544,SKULLS  WATER TRANSFER TATTOOS,12,2011-12-02 16:34:00,0.85,13309,United Kingdom,False
540026,84931A,PINK SCOTTIE DOG W FLOWER PATTERN,5,2011-01-04 13:25:00,1.66,,United Kingdom,False
546248,22855,FINE WICKER HEART,12,2011-03-10 13:46:00,1.25,16477,United Kingdom,False
567665,22775,PURPLE DRAWERKNOB ACRYLIC EDWARDIAN,2,2011-09-21 15:22:00,2.46,,United Kingdom,False
581219,90200A,PURPLE SWEETHEART BRACELET,1,2011-12-08 09:28:00,4.15,,United Kingdom,False
543196,21498,RED RETROSPOT WRAP,25,2011-02-04 12:29:00,0.42,13309,United Kingdom,False
566055,22744,MAKE YOUR OWN MONSOON CARD KIT,1,2011-09-08 15:05:00,2.95,15453,United Kingdom,False
537666,22920,HERB MARKER BASIL,2,2010-12-07 18:36:00,1.66,,United Kingdom,False
549936,22084,PAPER CHAIN KIT EMPIRE,40,2011-04-13 11:29:00,2.55,15465,United Kingdom,False
547358,22564,ALPHABET STENCIL CRAFT,2,2011-03-22 12:25:00,1.25,15998,United Kingdom,False
555645,22894,TABLECLOTH RED APPLES DESIGN,2,2011-06-06 13:31:00,9.95,18016,United Kingdom,False
579135,22771,CLEAR DRAWER KNOB ACRYLIC EDWARDIAN,12,2011-11-28 12:44:00,1.25,18096,United Kingdom,False
540681,22371,AIRLINE BAG VINTAGE TOKYO 78,5,2011-01-10 16:25:00,4.21,,United Kingdom,False
555726,23275,SET OF 3 HANGING OWLS OLLIE BEAK,12,2011-06-06 16:23:00,1.25,12540,Spain,False
545559,20724,RED RETROSPOT CHARLOTTE BAG,5,2011-03-03 15:31:00,0.85,15005,United Kingdom,False
563093,22734,SET OF 6 RIBBONS VINTAGE CHRISTMAS,1,2011-08-11 17:28:00,5.79,,United Kingdom,False
556201,22725,ALARM CLOCK BAKELIKE CHOCOLATE,4,2011-06-09 13:01:00,3.75,12347,Iceland,False
546365,22416,SET OF 36 DOILIES SPACEBOY DESIGN,12,2011-03-11 11:35:00,1.45,12520,Germany,False
579144,21137,BLACK RECORD COVER FRAME,4,2011-11-28 13:11:00,3.75,13269,United Kingdom,False
559816,85039A,SET/4 RED MINI ROSE CANDLE IN BOWL,1,2011-07-12 16:11:00,1.63,,United Kingdom,False
563502,23268,SET OF 2 CERAMIC CHRISTMAS REINDEER,12,2011-08-17 08:50:00,1.45,12722,France,False
567671,22607,WOODEN ROUNDERS GARDEN SET,1,2011-09-21 15:34:00,16.63,,United Kingdom,False
579741,23322,LARGE WHITE HEART OF WICKER,1,2011-11-30 14:33:00,2.95,16910,United Kingdom,False
549933,22046,TEA PARTY  WRAPPING PAPER,25,2011-04-13 11:04:00,0.42,15230,United Kingdom,False
556191,84879,ASSORTED COLOUR BIRD ORNAMENT,16,2011-06-09 12:02:00,1.69,14501,United Kingdom,False
575847,20652,BLUE POLKADOT LUGGAGE TAG,12,2011-11-11 12:07:00,1.25,18209,United Kingdom,False
570872,22086,PAPER CHAIN KIT 50'S CHRISTMAS,2,2011-10-12 16:40:00,5.79,,United Kingdom,False
565840,22196,SMALL HEART MEASURING SPOONS,1,2011-09-07 12:02:00,1.63,,United Kingdom,False
571641,21494,ROTATING LEAVES T-LIGHT HOLDER,12,2011-10-18 12:07:00,1.25,17135,United Kingdom,False
564857,48194,DOORMAT HEARTS,1,2011-08-31 09:23:00,14.13,,United Kingdom,False
571839,21967,PACK OF 12 SKULL TISSUES,48,2011-10-19 12:12:00,0.39,14107,United Kingdom,False
576603,C2,CARRIAGE,1,2011-11-15 15:22:00,50.0,14911,EIRE,False
576846,21329,DINOSAURS  WRITING SET,12,2011-11-16 15:35:00,1.65,13500,United Kingdom,False
578827,22632,HAND WARMER RED RETROSPOT,1,2011-11-25 14:25:00,4.13,,United Kingdom,False
571404,22596,CHRISTMAS STAR WISH LIST CHALKBOARD,24,2011-10-17 12:04:00,1.25,17520,United Kingdom,False
552956,23084,RABBIT NIGHT LIGHT,12,2011-05-12 12:34:00,2.08,12431,Australia,False
568191,22024,RAINY LADIES BIRTHDAY CARD,12,2011-09-25 14:37:00,0.42,16655,United Kingdom,False
552883,21918,SET 12 KIDS COLOUR  CHALK STICKS,288,2011-05-12 10:13:00,0.36,14646,Netherlands,False
565845,23307,SET OF 60 PANTRY DESIGN CAKE CASES,24,2011-09-07 12:21:00,0.55,14709,United Kingdom,False
541809,20727,LUNCH BAG  BLACK SKULL.,7,2011-01-21 14:59:00,4.96,,United Kingdom,False
580054,23371,SET 36 COLOUR PENCILS SPACEBOY,3,2011-12-01 13:08:00,1.25,18122,United Kingdom,False
551995,22489,PACK OF 12 TRADITIONAL CRAYONS,2,2011-05-05 15:42:00,0.83,,United Kingdom,False
570459,71053,WHITE METAL LANTERN,4,2011-10-10 15:42:00,3.75,15801,United Kingdom,False
562393,21136,PAINTED METAL PEARS ASSORTED,24,2011-08-04 16:17:00,1.69,18172,United Kingdom,False
572203,23344,JUMBO BAG 50'S CHRISTMAS,10,2011-10-21 12:05:00,2.08,17068,United Kingdom,False
571281,22512,DOORSTOP RACING CAR DESIGN,4,2011-10-16 13:23:00,3.39,14088,United Kingdom,False
540803,21121,SET/10 RED POLKADOT PARTY CANDLES,5,2011-01-11 12:30:00,1.25,14669,United Kingdom,False
536623,21071,VINTAGE BILLBOARD DRINK ME MUG,12,2010-12-02 10:39:00,1.25,15601,United Kingdom,False
548516,21627,ELEPHANT CARNIVAL POUFFE,1,2011-03-31 16:28:00,29.17,,United Kingdom,False
539338,22242,5 HOOK HANGER MAGIC TOADSTOOL,12,2010-12-17 10:54:00,1.65,17404,Sweden,False
581439,22124,SET OF 2 TEA TOWELS PING MICROWAVE,1,2011-12-08 16:30:00,2.46,,United Kingdom,False
537221,22750,FELTCRAFT PRINCESS LOLA DOLL,1,2010-12-05 15:54:00,3.75,17965,United Kingdom,False
C560559,20914,SET/5 RED RETROSPOT LID GLASS BOWLS,-1,2011-07-19 13:24:00,2.95,16145,United Kingdom,True
576840,22680,FRENCH BLUE METAL DOOR SIGN 5,1,2011-11-16 15:23:00,2.46,,United Kingdom,False
543555,21668,RED STRIPE CERAMIC DRAWER KNOB,12,2011-02-10 10:18:00,1.25,17686,United Kingdom,False
571441,22086,PAPER CHAIN KIT 50'S CHRISTMAS,12,2011-10-17 13:31:00,5.79,14096,United Kingdom,False
539437,21258,VICTORIAN SEWING BOX LARGE,3,2010-12-17 14:54:00,25.49,,United Kingdom,False
543798,22568,FELTCRAFT CUSHION OWL,3,2011-02-13 11:13:00,3.75,15058,United Kingdom,False
577078,21916,SET 12 RETRO WHITE CHALK STICKS,1,2011-11-17 15:17:00,0.83,,United Kingdom,False
549789,22750,FELTCRAFT PRINCESS LOLA DOLL,4,2011-04-12 12:00:00,3.75,17160,United Kingdom,False
572096,22382,LUNCH BAG SPACEBOY DESIGN,3,2011-10-20 15:20:00,1.65,16813,United Kingdom,False
552520,21888,BINGO SET,1,2011-05-09 16:34:00,7.46,,United Kingdom,False
567673,23263,SET OF 3 WOODEN HEART DECORATIONS,2,2011-09-21 15:43:00,2.46,,United Kingdom,False
576063,23171,REGENCY TEA PLATE GREEN,12,2011-11-13 15:37:00,1.65,15502,United Kingdom,False
578255,21944,KITTENS DESIGN FLANNEL,2,2011-11-23 12:58:00,0.85,14675,United Kingdom,False
578067,35953,FOLKART STAR CHRISTMAS DECORATIONS,12,2011-11-22 15:43:00,0.61,,United Kingdom,False
541213,21911,GARDEN METAL SIGN,2,2011-01-14 13:28:00,1.65,15033,United Kingdom,False
545019,22685,FRENCH BLUE METAL DOOR SIGN 0,10,2011-02-25 13:56:00,1.25,15093,United Kingdom,False
574966,22086,PAPER CHAIN KIT 50'S CHRISTMAS,10,2011-11-08 10:50:00,2.95,14901,United Kingdom,False
568241,20685,DOORMAT RED RETROSPOT,10,2011-09-26 12:10:00,7.08,15218,United Kingdom,False
548505,22430,ENAMEL WATERING CAN CREAM,1,2011-03-31 14:34:00,9.96,,United Kingdom,False
C551178,21539,RED RETROSPOT BUTTER DISH,-1,2011-04-26 17:26:00,4.95,15805,United Kingdom,True
576891,22751,FELTCRAFT PRINCESS OLIVIA DOLL,4,2011-11-16 17:26:00,3.75,12662,Germany,False
560282,84913B,MINT GREEN ROSE TOWEL,4,2011-07-18 08:21:00,4.65,14758,United Kingdom,False
577076,20695,FLORAL BLUE MONSTER,1,2011-11-17 15:08:00,4.25,14362,United Kingdom,False
574714,22469,HEART OF WICKER SMALL,1,2011-11-06 14:29:00,1.65,15427,United Kingdom,False
562377,22907,PACK OF 20 NAPKINS PANTRY DESIGN,2,2011-08-04 15:04:00,0.85,14535,United Kingdom,False
559466,22610,PENS ASSORTED FUNNY FACE,36,2011-07-08 13:31:00,0.19,15679,United Kingdom,False
C557175,22962,JAM JAR WITH PINK LID,-3,2011-06-17 11:13:00,0.85,16170,United Kingdom,True
551193,85099B,JUMBO BAG RED RETROSPOT,1,2011-04-27 11:05:00,2.08,17954,United Kingdom,False
570473,23122,PARTY CHARMS 50 PIECES,1,2011-10-10 16:41:00,0.83,,United Kingdom,False
557311,22297,HEART IVORY TRELLIS SMALL,6,2011-06-19 15:36:00,1.25,15700,United Kingdom,False
581492,71270,PHOTO CLIP LINE,1,2011-12-09 10:03:00,2.46,,United Kingdom,False
548894,22382,LUNCH BAG SPACEBOY DESIGN,1,2011-04-04 16:01:00,4.13,,United Kingdom,False
539053,22472,TV DINNER TRAY DOLLY GIRL,1,2010-12-15 16:32:00,4.95,16725,United Kingdom,False
564757,21371,MIRRORED WALL ART POPPIES,2,2011-08-30 10:36:00,4.96,,United Kingdom,False
578018,20712,JUMBO BAG WOODLAND ANIMALS,100,2011-11-22 13:08:00,1.79,15311,United Kingdom,False
550965,84078A,SET/4 WHITE RETRO STORAGE CUBES,1,2011-04-21 16:53:00,39.95,16750,United Kingdom,False
558767,21034,REX CASH+CARRY JUMBO SHOPPER,1,2011-07-03 13:27:00,0.95,13833,United Kingdom,False
557801,23206,LUNCH BAG APPLE DESIGN,10,2011-06-23 10:14:00,1.65,13319,United Kingdom,False
561046,22383,LUNCH BAG SUKI DESIGN,40,2011-07-24 12:33:00,1.65,16218,United Kingdom,False
554694,22712,CARD DOLLY GIRL,1,2011-05-25 17:06:00,0.83,,United Kingdom,False
560926,21931,JUMBO STORAGE BAG SUKI,4,2011-07-22 09:20:00,2.08,,United Kingdom,False
557746,22556,PLASTERS IN TIN CIRCUS PARADE,1,2011-06-22 12:24:00,1.65,15059,United Kingdom,False
558681,20711,JUMBO BAG TOYS,1,2011-07-01 11:20:00,4.13,,United Kingdom,False
537237,21929,JUMBO BAG PINK VINTAGE PAISLEY,2,2010-12-06 09:58:00,4.21,,United Kingdom,False
580432,35599D,PINK AND WHITE CHRISTMAS TREE 120CM,40,2011-12-04 12:14:00,2.95,13153,United Kingdom,False
565751,20725,LUNCH BAG RED RETROSPOT,5,2011-09-06 12:56:00,1.65,16393,United Kingdom,False
581238,20963,APPLE BATH SPONGE,1,2011-12-08 10:53:00,2.46,,United Kingdom,False
555644,21688,SILVER PLATE CANDLE BOWL SMALL,12,2011-06-06 13:24:00,2.95,16520,United Kingdom,False
546108,40016,CHINESE DRAGON PAPER LANTERNS,12,2011-03-09 12:35:00,0.42,15529,United Kingdom,False
563929,85035C,ROSE 3 WICK MORRIS BOX CANDLE,2,2011-08-21 15:35:00,4.25,15031,United Kingdom,False
544684,16237,SLEEPING CAT ERASERS,10,2011-02-22 16:32:00,0.42,,United Kingdom,False
544894,22892,SET OF SALT AND PEPPER TOADSTOOLS,12,2011-02-24 12:09:00,1.25,15805,United Kingdom,False
571476,21531,RED RETROSPOT SUGAR JAM BOWL,3,2011-10-17 14:51:00,2.55,13546,United Kingdom,False
575508,22631,CIRCUS PARADE LUNCH BOX,64,2011-11-10 10:32:00,1.65,14646,Netherlands,False
541244,85184C,S/4 VALENTINE DECOUPAGE HEART BOX,24,2011-01-16 12:35:00,1.25,15535,United Kingdom,False
556330,23230,WRAP ALPHABET DESIGN,25,2011-06-10 11:29:00,0.42,17797,United Kingdom,False
542083,21829,DINOSAUR KEYRINGS ASSORTED,72,2011-01-25 12:26:00,0.21,18008,United Kingdom,False
564754,22360,GLASS JAR ENGLISH CONFECTIONERY,1,2011-08-30 10:29:00,5.79,,United Kingdom,False
538155,85150,LADIES & GENTLEMEN METAL SIGN,3,2010-12-09 16:52:00,2.55,16907,United Kingdom,False
540413,22386,JUMBO BAG PINK POLKADOT,10,2011-01-07 10:29:00,1.95,15194,United Kingdom,False
574368,22171,3 HOOK PHOTO SHELF ANTIQUE WHITE,2,2011-11-04 10:59:00,8.5,13004,United Kingdom,False
564537,22382,LUNCH BAG SPACEBOY DESIGN,4,2011-08-25 15:18:00,1.65,15550,United Kingdom,False
553017,22917,HERB MARKER ROSEMARY,1,2011-05-12 19:01:00,0.65,12757,Portugal,False
558534,79030D,TUMBLER BAROQUE,24,2011-06-30 11:54:00,0.39,13988,United Kingdom,False
555477,22908,PACK OF 20 NAPKINS RED APPLES,12,2011-06-03 12:26:00,0.85,12359,Cyprus,False
560937,20694,FLORAL PINK MONSTER,2,2011-07-22 10:52:00,3.75,17920,United Kingdom,False
544598,85099C,JUMBO  BAG BAROQUE BLACK WHITE,3,2011-02-21 18:10:00,1.95,,United Kingdom,False
554570,48188,DOORMAT WELCOME PUPPIES,2,2011-05-25 10:53:00,7.95,13728,United Kingdom,False
571257,22755,SMALL PURPLE BABUSHKA NOTEBOOK,1,2011-10-14 17:17:00,1.63,,United Kingdom,False
571281,23356,LOVE HOT WATER BOTTLE,15,2011-10-16 13:23:00,4.95,14088,United Kingdom,False
577768,21619,4 VANILLA BOTANICAL CANDLES,4,2011-11-21 15:18:00,3.29,,United Kingdom,False
547248,22203,MILK PAN RED RETROSPOT,1,2011-03-22 09:23:00,7.46,,United Kingdom,False
559672,35923,CANDY HEART HANGING DECORATION,34,2011-07-11 14:04:00,0.39,14796,United Kingdom,False
552881,23093,SMALL PARISIENNE HEART PHOTO FRAME,6,2011-05-12 10:03:00,2.49,18245,United Kingdom,False
540259,22377,BOTTLE BAG RETROSPOT,40,2011-01-06 09:00:00,0.85,18226,United Kingdom,False
569257,23535,BICYCLE SAFTEY WALL ART,36,2011-10-03 11:24:00,3.88,18102,United Kingdom,False
560921,21868,POTTING SHED TEA MUG,12,2011-07-21 19:17:00,1.25,16224,United Kingdom,False
542431,22652,TRAVEL SEWING KIT,10,2011-01-28 10:28:00,1.65,12853,United Kingdom,False
536569,21809,CHRISTMAS HANGING TREE WITH BELL,1,2010-12-01 15:35:00,1.25,16274,United Kingdom,False
542890,84378,SET OF 3 HEART COOKIE CUTTERS,4,2011-02-01 13:25:00,1.25,15311,United Kingdom,False
537643,21967,PACK OF 12 SKULL TISSUES,1,2010-12-07 15:34:00,0.81,,United Kingdom,False
555275,22091,EMPIRE TISSUE BOX,2,2011-06-01 17:18:00,2.46,,United Kingdom,False
564840,90214B,"LETTER ""B"" BLING KEY RING",2,2011-08-30 12:49:00,0.83,,United Kingdom,False
562354,20982,12 PENCILS TALL TUBE SKULLS,12,2011-08-04 13:15:00,0.85,17470,United Kingdom,False
551718,21198,WHITE HEART CONFETTI IN TUBE,1,2011-05-03 16:06:00,3.29,,United Kingdom,False
556330,22047,EMPIRE GIFT WRAP,25,2011-06-10 11:29:00,0.42,17797,United Kingdom,False
550474,22980,PANTRY SCRUBBING BRUSH,1,2011-04-18 13:58:00,3.29,,United Kingdom,False
564192,22727,ALARM CLOCK BAKELIKE RED,4,2011-08-23 16:36:00,3.75,17719,United Kingdom,False
540829,22151,PLACE SETTING WHITE HEART,72,2011-01-11 14:38:00,0.42,13784,United Kingdom,False
580513,23582,VINTAGE DOILY JUMBO BAG RED,2,2011-12-04 13:59:00,2.08,14456,United Kingdom,False
569943,22621,TRADITIONAL KNITTING NANCY,2,2011-10-06 18:08:00,1.65,14592,United Kingdom,False
543610,48194,DOORMAT HEARTS,2,2011-02-10 14:30:00,7.95,16425,United Kingdom,False
578120,22594,CHRISTMAS GINGHAM TREE,12,2011-11-23 10:21:00,0.85,14493,United Kingdom,False
563764,22410,MONEY BOX HOUSEKEEPING DESIGN,1,2011-08-19 11:15:00,1.25,14606,United Kingdom,False
549831,22729,ALARM CLOCK BAKELIKE ORANGE,4,2011-04-12 13:10:00,3.75,14844,United Kingdom,False
560105,22469,HEART OF WICKER SMALL,3,2011-07-14 19:23:00,1.65,16794,United Kingdom,False
554964,20685,DOORMAT RED RETROSPOT,1,2011-05-27 15:57:00,7.95,15867,United Kingdom,False
580729,22274,FELTCRAFT DOLL EMILY,2,2011-12-05 17:24:00,5.79,,United Kingdom,False
549524,21746,SMALL RED RETROSPOT WINDMILL,1,2011-04-08 15:42:00,2.46,,United Kingdom,False
579167,23464,VINTAGE ZINC WATERING CAN SMALL,2,2011-11-28 14:06:00,4.95,16800,United Kingdom,False
C556638,84078A,SET/4 WHITE RETRO STORAGE CUBES,-2,2011-06-13 15:35:00,39.95,14231,United Kingdom,True
559068,22662,LUNCH BAG DOLLY GIRL DESIGN,1,2011-07-06 10:41:00,1.65,17841,United Kingdom,False
542908,48116,DOORMAT MULTICOLOUR STRIPE,1,2011-02-01 15:24:00,7.95,13110,United Kingdom,False
553556,85203,HANGING WOOD AND FELT BUTTERFLY,3,2011-05-17 16:48:00,0.42,17530,United Kingdom,False
541410,22169,FAMILY ALBUM WHITE PICTURE FRAME,4,2011-01-17 16:06:00,8.5,13089,United Kingdom,False
555746,90214E,"LETTER ""E"" BLING KEY RING",1,2011-06-07 10:55:00,1.25,14606,United Kingdom,False
540977,85061W,WHITE JEWELLED HEART DECORATION,5,2011-01-12 15:01:00,1.66,,United Kingdom,False
568558,23295,SET OF 12 MINI LOAF BAKING CASES,3,2011-09-27 16:28:00,0.83,16354,United Kingdom,False
539281,84836,ZINC METAL HEART DECORATION,12,2010-12-16 15:45:00,1.25,18176,United Kingdom,False
562890,21391,FRENCH LAVENDER SCENT HEART,24,2011-08-10 12:11:00,0.75,14191,United Kingdom,False
562619,21424,WOODLAND STORAGE BOX LARGE,1,2011-08-08 12:34:00,2.95,15311,United Kingdom,False
576321,21822,GLITTER CHRISTMAS TREE WITH BELLS,1,2011-11-14 14:59:00,0.79,14953,United Kingdom,False
572884,22495,SET OF 2 ROUND TINS CAMEMBERT,6,2011-10-26 13:44:00,2.95,13924,United Kingdom,False
572126,22624,IVORY KITCHEN SCALES,2,2011-10-21 09:04:00,8.5,16313,United Kingdom,False
559336,21929,JUMBO BAG PINK VINTAGE PAISLEY,2,2011-07-07 16:17:00,2.08,17315,United Kingdom,False
551171,21868,POTTING SHED TEA MUG,2,2011-04-26 16:45:00,1.25,13263,United Kingdom,False
546681,21891,TRADITIONAL WOODEN SKIPPING ROPE,12,2011-03-16 08:29:00,1.25,16297,United Kingdom,False
549547,22655,VINTAGE RED KITCHEN CABINET,1,2011-04-10 11:33:00,125.0,16359,United Kingdom,False
574967,84347,ROTATING SILVER ANGELS T-LIGHT HLDR,17,2011-11-08 10:51:00,5.79,,United Kingdom,False
557502,23290,SPACEBOY CHILDRENS BOWL,5,2011-06-20 15:32:00,1.25,,United Kingdom,False
570268,23493,VINTAGE DOILY TRAVEL SEWING KIT,30,2011-10-10 10:16:00,1.95,13098,United Kingdom,False
561773,47421,ASSORTED COLOUR LIZARD SUCTION HOOK,2,2011-07-29 12:41:00,0.42,17841,United Kingdom,False
544445,22399,MAGNETS PACK OF 4 CHILDHOOD MEMORY,3,2011-02-20 10:56:00,1.25,16746,United Kingdom,False
546136,22296,HEART IVORY TRELLIS LARGE,1,2011-03-09 16:32:00,3.29,,United Kingdom,False
577504,23235,STORAGE TIN VINTAGE LEAF,1,2011-11-20 12:36:00,2.89,14159,United Kingdom,False
576274,22654,DELUXE SEWING KIT,1,2011-11-14 14:24:00,5.95,17793,United Kingdom,False
562417,21918,SET 12 KIDS COLOUR  CHALK STICKS,1,2011-08-04 16:32:00,0.83,,United Kingdom,False
558475,21843,RED RETROSPOT CAKE STAND,1,2011-06-29 15:58:00,10.95,,United Kingdom,False
581219,20914,SET/5 RED RETROSPOT LID GLASS BOWLS,4,2011-12-08 09:28:00,5.79,,United Kingdom,False
542115,22073,RED RETROSPOT STORAGE JAR,3,2011-01-25 14:01:00,7.46,,United Kingdom,False
554289,23111,PARISIENNE SEWING BOX,1,2011-05-23 14:18:00,12.5,15434,United Kingdom,False
566294,22989,SET 2 PANTRY DESIGN TEA TOWELS,3,2011-09-11 15:41:00,3.25,15533,United Kingdom,False
572986,23445,ICE CREAM BUBBLES,40,2011-10-27 10:51:00,0.83,12681,France,False
558777,22501,PICNIC BASKET WICKER LARGE,125,2011-07-04 10:23:00,20.79,,United Kingdom,False
572316,22906,12 MESSAGE CARDS WITH ENVELOPES,4,2011-10-23 16:13:00,1.65,17836,United Kingdom,False
568938,23249,VINTAGE RED ENAMEL TRIM PLATE,3,2011-09-29 14:46:00,1.65,17220,United Kingdom,False
568661,82486,3 DRAWER ANTIQUE WHITE WOOD CABINET,1,2011-09-28 12:34:00,8.95,18109,United Kingdom,False
540469,22083,PAPER CHAIN KIT RETROSPOT,6,2011-01-07 14:04:00,2.95,12484,Spain,False
569635,16045,POPART WOODEN PENCILS ASST,100,2011-10-05 12:13:00,0.04,12748,United Kingdom,False
570113,22550,HOLIDAY FUN LUDO,3,2011-10-07 12:31:00,3.75,15874,United Kingdom,False
552306,23132,SMALL IVORY HEART WALL ORGANISER,3,2011-05-08 15:20:00,5.75,13911,United Kingdom,False
558614,22907,PACK OF 20 NAPKINS PANTRY DESIGN,5,2011-06-30 15:56:00,1.63,,United Kingdom,False
580027,84006,MAGIC TREE -PAPER FLOWERS,12,2011-12-01 12:01:00,0.85,14178,United Kingdom,False
575368,23083,SET 6 PAPER TABLE LANTERN STARS,1,2011-11-09 15:07:00,3.75,14482,United Kingdom,False
569406,23445,ICE CREAM BUBBLES,60,2011-10-04 09:09:00,0.83,16253,United Kingdom,False
545854,21033,JUMBO BAG CHARLIE AND LOLA TOYS,10,2011-03-07 13:51:00,2.95,14817,United Kingdom,False
540953,22332,SKULLS PARTY BAG + STICKER SET,1,2011-01-12 13:16:00,1.65,14587,United Kingdom,False
564360,21232,STRAWBERRY CERAMIC TRINKET BOX,12,2011-08-24 16:13:00,1.25,12471,Germany,False
564480,82482,WOODEN PICTURE FRAME WHITE FINISH,12,2011-08-25 13:24:00,2.55,17656,United Kingdom,False
552857,20727,LUNCH BAG  BLACK SKULL.,2,2011-05-11 15:34:00,4.13,,United Kingdom,False
546306,84946,ANTIQUE SILVER TEA GLASS ETCHED,3,2011-03-10 16:16:00,2.46,,United Kingdom,False
575368,21822,GLITTER CHRISTMAS TREE WITH BELLS,1,2011-11-09 15:07:00,0.79,14482,United Kingdom,False
581123,23355,HOT WATER BOTTLE KEEP CALM,4,2011-12-07 12:34:00,4.95,15750,United Kingdom,False
550278,20727,LUNCH BAG  BLACK SKULL.,3,2011-04-15 13:15:00,4.96,,United Kingdom,False
573576,22653,BUTTON BOX,2,2011-10-31 14:09:00,1.63,14096,United Kingdom,False
562999,22384,LUNCH BAG PINK POLKADOT,10,2011-08-11 11:51:00,1.65,15117,United Kingdom,False
579689,82494L,WOODEN FRAME ANTIQUE WHITE,1,2011-11-30 14:00:00,2.95,14606,United Kingdom,False
549568,84879,ASSORTED COLOUR BIRD ORNAMENT,13,2011-04-10 15:09:00,1.69,15665,United Kingdom,False
572862,21164,HOME SWEET HOME METAL SIGN,1,2011-10-26 12:48:00,2.95,16750,United Kingdom,False
537057,21912,VINTAGE SNAKES & LADDERS,1,2010-12-05 11:49:00,3.75,15351,United Kingdom,False
577167,23414,ZINC BOX SIGN HOME,2,2011-11-18 10:41:00,9.95,16511,United Kingdom,False
569027,23389,SPACEBOY MINI BACKPACK,4,2011-09-30 10:19:00,4.15,13089,United Kingdom,False
546896,22227,HANGING HEART MIRROR DECORATION,5,2011-03-17 18:24:00,1.25,,United Kingdom,False
C560588,22699,ROSES REGENCY TEACUP AND SAUCER,-1,2011-07-19 15:49:00,2.95,13767,United Kingdom,True
557118,22621,TRADITIONAL KNITTING NANCY,12,2011-06-16 17:05:00,1.65,14849,United Kingdom,False
552520,22335,HEART DECORATION PAINTED ZINC,9,2011-05-09 16:34:00,1.25,,United Kingdom,False
548269,22036,,-45,2011-03-30 11:35:00,0.0,,United Kingdom,False
538510,20980,36 PENCILS TUBE POSY,1,2010-12-12 13:47:00,1.25,18004,United Kingdom,False
580156,23428,IVORY RETRO KITCHEN WALL CLOCK,6,2011-12-02 10:32:00,8.15,14897,United Kingdom,False
C545844,22926,IVORY GIANT GARDEN THERMOMETER,-1,2011-03-07 13:38:00,5.95,16838,United Kingdom,True
574896,21888,BINGO SET,1,2011-11-07 14:51:00,3.75,17014,United Kingdom,False
546306,22381,TOY TIDY PINK POLKADOT,1,2011-03-10 16:16:00,4.13,,United Kingdom,False
578901,21813,GARLAND WITH STARS AND BELLS,1,2011-11-27 11:47:00,4.95,17812,United Kingdom,False
559024,22025,RING OF ROSES BIRTHDAY CARD,12,2011-07-05 13:38:00,0.42,16616,United Kingdom,False
549251,84836,ZINC METAL HEART DECORATION,4,2011-04-07 12:16:00,1.25,14449,United Kingdom,False
559254,23028,DRAWER KNOB CRACKLE GLAZE BLUE,12,2011-07-07 11:56:00,1.65,16814,United Kingdom,False
570016,22840,ROUND CAKE TIN VINTAGE RED,2,2011-10-07 10:06:00,7.95,14911,EIRE,False
560568,85014B,RED RETROSPOT UMBRELLA,3,2011-07-19 14:03:00,5.95,13895,United Kingdom,False
539395,22326,ROUND SNACK BOXES SET OF4 WOODLAND,12,2010-12-17 11:52:00,2.95,12471,Germany,False
538783,21561,DINOSAUR LUNCH BOX WITH CUTLERY,6,2010-12-14 11:38:00,2.55,14961,United Kingdom,False
577078,22112,CHOCOLATE HOT WATER BOTTLE,1,2011-11-17 15:17:00,10.79,,United Kingdom,False
549295,22087,PAPER BUNTING WHITE LACE,1,2011-04-07 19:49:00,5.79,,United Kingdom,False
C562811,23109,PACK OF SIX LED TEA LIGHTS,-96,2011-08-09 15:30:00,2.49,13217,United Kingdom,True
550651,22284,HEN HOUSE DECORATION,6,2011-04-19 16:52:00,1.65,15436,United Kingdom,False
542619,82583,HOT BATHS METAL SIGN,3,2011-01-30 15:54:00,2.1,13869,United Kingdom,False
566271,22030,SWALLOWS GREETING CARD,12,2011-09-11 13:44:00,0.42,14250,United Kingdom,False
557442,22746,POPPY'S PLAYHOUSE LIVINGROOM,2,2011-06-20 12:53:00,2.1,14808,United Kingdom,False
572280,23366,SET 12 COLOURING PENCILS DOILY,6,2011-10-23 11:05:00,0.65,16007,United Kingdom,False
540350,21874,GIN AND TONIC MUG,1,2011-01-06 14:14:00,1.25,18283,United Kingdom,False
578065,23241,TREASURE TIN GYMKHANA DESIGN,1,2011-11-22 15:41:00,4.13,,United Kingdom,False
558862,21790,VINTAGE SNAP CARDS,12,2011-07-04 12:25:00,0.85,13901,United Kingdom,False
552061,21987,PACK OF 6 SKULL PAPER CUPS,12,2011-05-06 10:43:00,0.65,13001,United Kingdom,False
553207,22426,ENAMEL WASH BOWL CREAM,4,2011-05-16 09:02:00,3.75,17001,United Kingdom,False
549153,48187,DOORMAT NEW ENGLAND,2,2011-04-06 15:47:00,7.95,13771,United Kingdom,False
569207,22379,RECYCLING BAG RETROSPOT,3,2011-10-02 11:04:00,2.1,17811,United Kingdom,False
540501,85034C,3 ROSE MORRIS BOXED CANDLES,12,2011-01-09 10:43:00,1.25,13162,United Kingdom,False
551436,22652,TRAVEL SEWING KIT,3,2011-04-28 15:13:00,1.65,16904,United Kingdom,False
560908,23294,SET OF 6 SNACK LOAF BAKING CASES,16,2011-07-21 17:56:00,0.83,15827,United Kingdom,False
540005,21618,4 WILDFLOWER BOTANICAL CANDLES,12,2011-01-04 10:38:00,1.25,17315,United Kingdom,False
574354,20713,JUMBO BAG OWLS,3,2011-11-04 10:47:00,2.08,17203,United Kingdom,False
566219,22750,FELTCRAFT PRINCESS LOLA DOLL,4,2011-09-09 15:51:00,3.75,17426,United Kingdom,False
575930,90190C,SILVER/AMETHYST DROP EARRINGS LEAF,1,2011-11-11 17:58:00,2.9,,United Kingdom,False
563854,23307,SET OF 60 PANTRY DESIGN CAKE CASES,24,2011-08-19 15:24:00,0.55,12364,Belgium,False
538524,22664,TOY TIDY DOLLY GIRL DESIGN,1,2010-12-13 09:35:00,4.21,,United Kingdom,False
566190,23237,SET OF 4 KNICK KNACK TINS LEAF,2,2011-09-09 13:20:00,4.15,12748,United Kingdom,False
536876,10135,COLOURING PENCILS BROWN TUBE,1,2010-12-03 11:36:00,2.51,,United Kingdom,False
539437,21947,SET OF 6 HEART CHOPSTICKS,3,2010-12-17 14:54:00,2.51,,United Kingdom,False
565366,21928,JUMBO BAG SCANDINAVIAN BLUE PAISLEY,10,2011-09-02 14:56:00,2.08,17091,United Kingdom,False
569414,22835,HOT WATER BOTTLE I AM SO POORLY,2,2011-10-04 10:11:00,12.46,,United Kingdom,False
546330,22723,SET OF 6 HERB TINS SKETCHBOOK,4,2011-03-11 10:30:00,3.95,16817,United Kingdom,False
538171,22750,FELTCRAFT PRINCESS LOLA DOLL,1,2010-12-09 20:01:00,3.75,17530,United Kingdom,False
573093,23318,BOX OF 6 MINI VINTAGE CRACKERS,1,2011-10-27 14:38:00,2.49,18283,United Kingdom,False
559359,23125,6PC WOOD PLATE SET DISPOSABLE,6,2011-07-07 19:18:00,1.25,14702,United Kingdom,False
577506,21407,BROWN CHECK CAT DOORSTOP,1,2011-11-20 12:40:00,4.25,13212,United Kingdom,False
577230,47594A,CAROUSEL DESIGN WASHBAG,2,2011-11-18 12:08:00,1.95,18034,United Kingdom,False
536464,21329,DINOSAURS  WRITING SET,1,2010-12-01 12:23:00,1.65,17968,United Kingdom,False
555701,84925D,LA PALMIERA WALL THERMOMETER,2,2011-06-06 14:34:00,2.55,14498,United Kingdom,False
537209,85231G,ORANGE SCENTED SET/9 T-LIGHTS,1,2010-12-05 15:12:00,0.85,14606,United Kingdom,False
563351,22499,WOODEN UNION JACK BUNTING,12,2011-08-15 14:17:00,5.95,16902,United Kingdom,False
556502,21907,I'M ON HOLIDAY METAL SIGN,12,2011-06-13 08:43:00,2.1,13761,United Kingdom,False
548514,48116,DOORMAT MULTICOLOUR STRIPE,1,2011-03-31 16:03:00,14.13,,United Kingdom,False
543532,85114a,BLACK ENCHANTED FOREST PLACEMAT,3,2011-02-09 12:59:00,3.29,,United Kingdom,False
581476,21154,RED RETROSPOT OVEN GLOVE,10,2011-12-09 08:48:00,1.25,12433,Norway,False
558860,21933,PINK VINTAGE PAISLEY PICNIC BAG,1,2011-07-04 12:18:00,1.65,17975,United Kingdom,False
556951,20975,,2,2011-06-15 16:57:00,0.0,,United Kingdom,False
579470,85199S,SMALL HANGING IVORY/RED WOOD BIRD,3,2011-11-29 15:06:00,0.42,16549,United Kingdom,False
559346,22393,PAPERWEIGHT VINTAGE COLLAGE,6,2011-07-07 17:19:00,2.55,13486,United Kingdom,False
544445,22505,MEMO BOARD COTTAGE DESIGN,2,2011-02-20 10:56:00,4.95,16746,United Kingdom,False
562553,23286,BLUE VINTAGE SPOT BEAKER,6,2011-08-05 16:34:00,1.63,,United Kingdom,False
564496,22423,REGENCY CAKESTAND 3 TIER,1,2011-08-25 14:21:00,12.75,13050,United Kingdom,False
568210,22819,"BIRTHDAY CARD, RETRO SPOT",12,2011-09-25 15:56:00,0.42,17159,United Kingdom,False
537624,22443,GROW YOUR OWN HERBS SET OF 3,1,2010-12-07 14:41:00,7.95,12748,United Kingdom,False
568101,23378,PACK OF 12 50'S CHRISTMAS TISSUES,24,2011-09-23 15:21:00,0.39,15978,United Kingdom,False
542115,48194,DOORMAT HEARTS,1,2011-01-25 14:01:00,14.13,,United Kingdom,False
568688,20724,RED RETROSPOT CHARLOTTE BAG,10,2011-09-28 14:38:00,0.85,16458,United Kingdom,False
541827,47585A,PINK FAIRY CAKE CUSHION COVER,5,2011-01-21 17:05:00,4.13,,United Kingdom,False
547918,48188,DOORMAT WELCOME PUPPIES,2,2011-03-28 12:49:00,7.95,15249,United Kingdom,False
550207,22378,WALL TIDY RETROSPOT,1,2011-04-15 10:38:00,4.96,,United Kingdom,False
580367,22867,HAND WARMER BIRD DESIGN,1,2011-12-02 16:39:00,4.13,,United Kingdom,False
578293,22111,SCOTTIE DOG HOT WATER BOTTLE,6,2011-11-23 14:36:00,4.95,15640,United Kingdom,False
551152,21815,STAR  T-LIGHT HOLDER,2,2011-04-26 14:47:00,1.45,13230,United Kingdom,False
575607,21977,PACK OF 60 PINK PAISLEY CAKE CASES,1,2011-11-10 12:37:00,1.25,14096,United Kingdom,False
536982,85123a,WHITE HANGING HEART T-LIGHT HOLDER,35,2010-12-03 14:27:00,6.77,,United Kingdom,False
548522,21121,SET/10 RED POLKADOT PARTY CANDLES,1,2011-03-31 16:43:00,2.46,,United Kingdom,False
541658,20751,FUNKY WASHING UP GLOVES ASSORTED,4,2011-01-20 12:16:00,2.1,15529,United Kingdom,False
577046,22193,RED DINER WALL CLOCK,6,2011-11-17 13:46:00,8.5,12449,Belgium,False
581437,22961,JAM MAKING SET PRINTED,12,2011-12-08 16:22:00,1.45,14621,United Kingdom,False
564835,82484,WOOD BLACK BOARD ANT WHITE FINISH,1,2011-08-30 12:31:00,16.63,,United Kingdom,False
544684,21240,BLUE POLKADOT CUP,3,2011-02-22 16:32:00,1.63,,United Kingdom,False
548192,23053,RECYCLED ACAPULCO MAT PINK,1,2011-03-29 15:22:00,8.25,17364,United Kingdom,False
570127,21830,ASSORTED CREEPY CRAWLIES,24,2011-10-07 13:17:00,0.42,16900,United Kingdom,False
544819,21171,BATHROOM METAL SIGN,1,2011-02-23 17:15:00,1.45,12748,United Kingdom,False
544812,22815,CARD PSYCHEDELIC APPLES,2,2011-02-23 15:58:00,0.83,,United Kingdom,False
576339,22619,SET OF 6 SOLDIER SKITTLES,2,2011-11-14 15:27:00,7.46,14096,United Kingdom,False
565456,22981,PANTRY APPLE CORER,1,2011-09-04 16:12:00,1.45,16629,United Kingdom,False
569493,23245,SET OF 3 REGENCY CAKE TINS,4,2011-10-04 13:35:00,4.95,13317,United Kingdom,False
552046,23141,TRIPLE WIRE HOOK PINK HEART,4,2011-05-06 09:44:00,4.15,15235,United Kingdom,False
575137,23569,TRADTIONAL ALPHABET STAMP SET,12,2011-11-08 15:13:00,4.95,13090,United Kingdom,False
C551463,23142,IVORY WIRE KITCHEN ORGANISER,-1,2011-04-28 16:13:00,10.4,13534,United Kingdom,True
578757,22155,STAR DECORATION RUSTIC,1,2011-11-25 11:41:00,0.42,12748,United Kingdom,False
547385,22697,GREEN REGENCY TEACUP AND SAUCER,2,2011-03-22 15:48:00,5.79,,United Kingdom,False
573358,23375,50'S CHRISTMAS PAPER GIFT BAG,10,2011-10-30 12:46:00,0.82,17213,United Kingdom,False
552181,85227,SET OF 6 3D KIT CARDS FOR KIDS,120,2011-05-06 13:36:00,0.85,17381,United Kingdom,False
543242,85175,CACTI T-LIGHT CANDLES,16,2011-02-04 14:03:00,0.42,15090,United Kingdom,False
557676,22423,REGENCY CAKESTAND 3 TIER,1,2011-06-22 10:28:00,12.75,15804,United Kingdom,False
571931,21232,STRAWBERRY CERAMIC TRINKET BOX,1,2011-10-19 16:59:00,2.46,,United Kingdom,False
575837,20914,SET/5 RED RETROSPOT LID GLASS BOWLS,1,2011-11-11 11:37:00,2.95,12748,United Kingdom,False
555280,22294,HEART FILIGREE DOVE  SMALL,24,2011-06-02 09:02:00,1.25,17162,United Kingdom,False
544942,22554,PLASTERS IN TIN WOODLAND ANIMALS,12,2011-02-25 10:29:00,1.65,15544,United Kingdom,False
568136,22178,VICTORIAN GLASS HANGING T-LIGHT,96,2011-09-25 10:30:00,1.65,13630,United Kingdom,False
572327,22037,ROBOT BIRTHDAY CARD,12,2011-10-24 10:08:00,0.42,15277,United Kingdom,False
537692,22297,HEART IVORY TRELLIS SMALL,4,2010-12-08 10:40:00,1.25,14796,United Kingdom,False
537258,22909,SET OF 20 VINTAGE CHRISTMAS NAPKINS,1,2010-12-06 11:16:00,0.85,17227,United Kingdom,False
571654,21930,JUMBO STORAGE BAG SKULLS,3,2011-10-18 12:17:00,2.08,18118,United Kingdom,False
570404,22045,SPACEBOY GIFT WRAP,25,2011-10-10 12:50:00,0.42,16395,United Kingdom,False
536531,15056N,EDWARDIAN PARASOL NATURAL,12,2010-12-01 13:23:00,5.95,15485,United Kingdom,False
581498,21137,BLACK RECORD COVER FRAME,4,2011-12-09 10:26:00,7.46,,United Kingdom,False
539220,90010B,BLACK/WHITE GLASS/SILVER BRACELET,1,2010-12-16 12:56:00,8.95,,United Kingdom,False
580668,22510,GINGHAM BABUSHKA DOORSTOP,1,2011-12-05 14:23:00,0.79,13685,United Kingdom,False
578844,23083,SET 6 PAPER TABLE LANTERN STARS,1,2011-11-25 16:14:00,7.46,,United Kingdom,False
557466,23230,WRAP ALPHABET DESIGN,25,2011-06-20 13:08:00,0.42,13815,Germany,False
575583,22553,PLASTERS IN TIN SKULLS,2,2011-11-10 11:55:00,1.65,14456,United Kingdom,False
546440,82494L,WOODEN FRAME ANTIQUE WHITE,6,2011-03-14 10:31:00,2.95,16871,United Kingdom,False
566213,23318,BOX OF 6 MINI VINTAGE CRACKERS,6,2011-09-09 15:09:00,2.49,14895,United Kingdom,False
574530,21879,HEARTS GIFT TAPE,1,2011-11-04 14:07:00,0.65,16887,United Kingdom,False
569545,23013,GLASS APOTHECARY BOTTLE TONIC,1,2011-10-04 16:37:00,8.29,,United Kingdom,False
536750,15056BL,EDWARDIAN PARASOL BLACK,6,2010-12-02 14:04:00,4.95,17850,United Kingdom,False
575609,23486,ANTIQUE HEART SHELF UNIT,1,2011-11-10 12:40:00,16.65,17243,United Kingdom,False
569900,47566,PARTY BUNTING,4,2011-10-06 16:17:00,4.95,17651,United Kingdom,False
550297,22716,CARD CIRCUS PARADE,12,2011-04-15 15:58:00,0.42,14056,United Kingdom,False
558420,22355,CHARLOTTE BAG SUKI DESIGN,3,2011-06-29 11:46:00,0.85,14577,United Kingdom,False
573576,22619,SET OF 6 SOLDIER SKITTLES,4,2011-10-31 14:09:00,7.46,14096,United Kingdom,False
539211,21231,SWEETHEART CERAMIC TRINKET BOX,4,2010-12-16 12:15:00,1.25,16743,United Kingdom,False
569129,22372,AIRLINE BAG VINTAGE WORLD CHAMPION,1,2011-09-30 13:40:00,4.25,15034,United Kingdom,False
566018,85014B,RED RETROSPOT UMBRELLA,2,2011-09-08 12:42:00,5.95,13137,United Kingdom,False
568423,20749,ASSORTED COLOUR MINI CASES,4,2011-09-27 11:24:00,7.95,17061,United Kingdom,False
555644,22652,TRAVEL SEWING KIT,3,2011-06-06 13:24:00,1.65,16520,United Kingdom,False
569229,35971,ROSE FOLKART HEART DECORATIONS,1,2011-10-02 14:56:00,1.25,14502,United Kingdom,False
543899,22730,ALARM CLOCK BAKELIKE IVORY,9,2011-02-14 12:11:00,3.75,,EIRE,False
558196,20652,BLUE POLKADOT LUGGAGE TAG,3,2011-06-27 12:38:00,1.25,16033,United Kingdom,False
537393,22441,GROW YOUR OWN BASIL IN ENAMEL MUG,24,2010-12-06 13:59:00,2.1,13089,United Kingdom,False
552042,22087,PAPER BUNTING WHITE LACE,12,2011-05-06 09:00:00,2.95,13952,United Kingdom,False
567385,22722,SET OF 6 SPICE TINS PANTRY DESIGN,48,2011-09-20 10:27:00,3.45,14866,United Kingdom,False
556107,90209B,GREEN ENAMEL+GLASS HAIR COMB,1,2011-06-08 17:09:00,2.1,17360,United Kingdom,False
546781,22493,PAINT YOUR OWN CANVAS SET,12,2011-03-17 09:03:00,1.65,12955,United Kingdom,False
555275,22699,ROSES REGENCY TEACUP AND SAUCER,1,2011-06-01 17:18:00,5.79,,United Kingdom,False
537144,21623,VINTAGE UNION JACK MEMOBOARD,2,2010-12-05 13:00:00,9.95,15880,United Kingdom,False
542519,82482,WOODEN PICTURE FRAME WHITE FINISH,12,2011-01-28 12:19:00,2.55,15159,United Kingdom,False
567186,20979,36 PENCILS TUBE RED RETROSPOT,2,2011-09-18 16:04:00,1.25,17073,United Kingdom,False
574864,37413,ICON MUG REVOLUTIONARY,6,2011-11-07 12:29:00,0.39,14387,United Kingdom,False
561231,22431,WATERING CAN BLUE ELEPHANT,3,2011-07-26 10:20:00,1.95,15855,United Kingdom,False
568549,21731,RED TOADSTOOL LED NIGHT LIGHT,12,2011-09-27 14:52:00,1.65,13950,United Kingdom,False
540701,22988,SOLDIERS EGG CUP,24,2011-01-11 09:48:00,1.25,15640,United Kingdom,False
567372,23028,DRAWER KNOB CRACKLE GLAZE BLUE,6,2011-09-20 09:24:00,1.65,14191,United Kingdom,False
575490,22042,CHRISTMAS CARD SINGING ANGEL,12,2011-11-09 17:44:00,0.42,15031,United Kingdom,False
543820,22147,FELTCRAFT BUTTERFLY HEARTS,6,2011-02-13 16:05:00,1.45,16084,United Kingdom,False
547240,21672,WHITE SPOT RED CERAMIC DRAWER KNOB,6,2011-03-21 16:32:00,1.25,17585,United Kingdom,False
556905,51014L,"FEATHER PEN,LIGHT PINK",12,2011-06-15 13:05:00,0.39,16904,United Kingdom,False
547841,20728,LUNCH BAG CARS BLUE,5,2011-03-27 11:02:00,1.65,16923,United Kingdom,False
538095,22335,HEART DECORATION PAINTED ZINC,2,2010-12-09 14:55:00,0.65,17097,Spain,False
561925,23293,SET OF 12 FAIRY CAKE BAKING CASES,16,2011-08-01 12:28:00,0.83,16551,United Kingdom,False
573585,84882,GREEN WIRE STANDING CANDLE HOLDER,2,2011-10-31 14:41:00,7.46,,United Kingdom,False
563924,22868,NUMBER TILE COTTAGE GARDEN 0,1,2011-08-21 14:32:00,1.95,15984,United Kingdom,False
564049,20838,FRENCH LATTICE CUSHION COVER,24,2011-08-22 13:30:00,0.85,17585,United Kingdom,False
566290,21931,JUMBO STORAGE BAG SUKI,2,2011-09-11 15:24:00,2.08,14456,United Kingdom,False
545514,21577,SAVE THE PLANET COTTON TOTE BAG,11,2011-03-03 12:06:00,2.25,15053,United Kingdom,False
540362,22326,ROUND SNACK BOXES SET OF4 WOODLAND,2,2011-01-06 15:42:00,2.95,13656,United Kingdom,False
568794,23203,JUMBO BAG VINTAGE DOILY,10,2011-09-29 10:10:00,2.08,17447,United Kingdom,False
552229,84755,COLOUR GLASS T-LIGHT HOLDER HANGING,4,2011-05-06 15:40:00,1.24,,United Kingdom,False
576071,22983,CARD BILLBOARD FONT,12,2011-11-13 16:03:00,0.42,18069,United Kingdom,False
546378,20751,FUNKY WASHING UP GLOVES ASSORTED,12,2011-03-11 12:17:00,2.1,14329,United Kingdom,False
537793,85099F,JUMBO BAG STRAWBERRY,100,2010-12-08 12:57:00,1.65,15032,United Kingdom,False
571864,21539,RED RETROSPOT BUTTER DISH,18,2011-10-19 13:49:00,4.25,12731,France,False
569216,23122,PARTY CHARMS 50 PIECES,1,2011-10-02 12:41:00,0.83,15555,United Kingdom,False
547934,21559,STRAWBERRY LUNCH BOX WITH CUTLERY,6,2011-03-28 14:07:00,2.55,12474,Germany,False
552678,21035,SET/2 RED RETROSPOT TEA TOWELS,1,2011-05-10 15:08:00,6.25,,United Kingdom,False
573286,22600,CHRISTMAS RETROSPOT STAR WOOD,11,2011-10-28 14:38:00,0.85,,Switzerland,False
572103,22748,POPPY'S PLAYHOUSE KITCHEN,1,2011-10-20 15:57:00,2.1,17571,United Kingdom,False
572186,23376,PACK OF 12 VINTAGE CHRISTMAS TISSUE,24,2011-10-21 10:55:00,0.39,16497,United Kingdom,False
571017,23162,REGENCY TEA STRAINER,48,2011-10-13 12:17:00,3.29,15116,United Kingdom,False
552872,84879,ASSORTED COLOUR BIRD ORNAMENT,40,2011-05-12 09:09:00,1.69,16985,United Kingdom,False
544935,22815,CARD PSYCHEDELIC APPLES,12,2011-02-25 09:09:00,0.42,13870,United Kingdom,False
542607,84378,SET OF 3 HEART COOKIE CUTTERS,3,2011-01-30 13:48:00,1.25,13148,United Kingdom,False
574856,21802,CHRISTMAS TREE HEART DECORATION,5,2011-11-07 12:06:00,0.83,,United Kingdom,False
540157,84509A,SET OF 4 ENGLISH ROSE PLACEMATS,1,2011-01-05 11:41:00,3.75,15311,United Kingdom,False
565840,23198,PANTRY MAGNETIC  SHOPPING LIST,3,2011-09-07 12:02:00,1.45,,United Kingdom,False
578846,22546,MINI JIGSAW PURDEY,6,2011-11-25 17:27:00,0.42,17757,United Kingdom,False
573003,23084,RABBIT NIGHT LIGHT,2400,2011-10-27 12:11:00,2.08,14646,Netherlands,False
558963,23300,GARDENERS KNEELING PAD CUP OF TEA,48,2011-07-05 10:57:00,1.45,14235,United Kingdom,False
556491,23301,GARDENERS KNEELING PAD KEEP CALM,1,2011-06-12 14:15:00,1.65,16794,United Kingdom,False
556256,85017B,ENVELOPE 50 BLOSSOM IMAGES,12,2011-06-09 17:37:00,0.42,14309,United Kingdom,False
579555,23490,T-LIGHT HOLDER HANGING LOVE BIRD,2,2011-11-30 11:08:00,3.75,16241,United Kingdom,False
553835,23254,CHILDRENS CUTLERY DOLLY GIRL,4,2011-05-19 11:50:00,4.15,13529,United Kingdom,False
543382,22722,SET OF 6 SPICE TINS PANTRY DESIGN,1,2011-02-07 16:21:00,3.95,14030,United Kingdom,False
551747,82613C,"METAL SIGN,CUPCAKE SINGLE HOOK",40,2011-05-04 11:00:00,0.42,14298,United Kingdom,False
579456,23287,RED VINTAGE SPOT BEAKER,1,2011-11-29 14:20:00,0.85,13428,United Kingdom,False
578251,22909,SET OF 20 VINTAGE CHRISTMAS NAPKINS,6,2011-11-23 12:45:00,0.85,15993,United Kingdom,False
565852,20726,LUNCH BAG WOODLAND,1,2011-09-07 13:11:00,1.65,,United Kingdom,False
555509,21845,DAIRY MAID STRIPE MUG,6,2011-06-03 17:07:00,0.79,13435,United Kingdom,False
580969,21169,YOU'RE CONFUSING ME METAL SIGN,12,2011-12-06 14:59:00,1.69,16076,United Kingdom,False
575219,23288,GREEN VINTAGE SPOT BEAKER,96,2011-11-09 11:17:00,0.72,17511,United Kingdom,False
558536,85152,HAND OVER THE CHOCOLATE   SIGN,12,2011-06-30 12:06:00,2.1,12424,Australia,False
581439,23220,REINDEER HEART DECORATION GOLD,3,2011-12-08 16:30:00,1.63,,United Kingdom,False
578344,20719,WOODLAND CHARLOTTE BAG,4,2011-11-24 09:21:00,1.63,,United Kingdom,False
563022,23351,ROLL WRAP 50'S CHRISTMAS,4,2011-08-11 13:34:00,1.25,17248,United Kingdom,False
537434,22104,MIRROR MOSAIC CANDLE PLATE,3,2010-12-06 16:57:00,1.66,,United Kingdom,False
556245,37449,CERAMIC CAKE STAND + HANGING CAKES,1,2011-06-09 16:10:00,9.95,17841,United Kingdom,False
544109,84231,EASTER BUNNY WITH BASKET ON BACK,4,2011-02-16 10:56:00,0.65,12841,United Kingdom,False
579854,22086,PAPER CHAIN KIT 50'S CHRISTMAS,40,2011-11-30 16:26:00,2.55,14713,United Kingdom,False
542128,22970,LONDON BUS COFFEE MUG,6,2011-01-25 15:13:00,2.55,12609,Germany,False
574072,21756,BATH BUILDING BLOCK WORD,3,2011-11-02 14:58:00,6.25,15414,United Kingdom,False
561743,84879,ASSORTED COLOUR BIRD ORNAMENT,24,2011-07-29 12:16:00,1.69,13089,United Kingdom,False
552672,22135,MINI LADLE LOVE HEART PINK,1,2011-05-10 15:06:00,0.83,,United Kingdom,False
567428,84949,SILVER HANGING T-LIGHT HOLDER,12,2011-09-20 11:35:00,1.65,14911,EIRE,False
544074,21907,I'M ON HOLIDAY METAL SIGN,2,2011-02-15 14:49:00,2.1,14156,EIRE,False
541999,21802,CHRISTMAS TREE HEART DECORATION,2,2011-01-25 10:45:00,0.42,,United Kingdom,False
574481,23351,ROLL WRAP 50'S CHRISTMAS,3,2011-11-04 12:45:00,1.25,18022,United Kingdom,False
571474,22561,WOODEN SCHOOL COLOURING SET,24,2011-10-17 14:41:00,1.65,16389,United Kingdom,False
549055,48194,DOORMAT HEARTS,2,2011-04-06 10:33:00,7.95,13515,United Kingdom,False
550518,22367,CHILDRENS APRON SPACEBOY DESIGN,8,2011-04-19 08:55:00,1.95,16628,United Kingdom,False
569491,22080,RIBBON REEL POLKADOTS,1,2011-10-04 13:25:00,1.65,14056,United Kingdom,False
573585,23349,ROLL WRAP VINTAGE CHRISTMAS,9,2011-10-31 14:41:00,2.46,,United Kingdom,False
559337,84598,BOYS ALPHABET IRON ON PATCHES,9,2011-07-07 16:27:00,0.42,,United Kingdom,False
537823,35961,FOLKART ZINC HEART CHRISTMAS DEC,5,2010-12-08 14:25:00,1.66,,United Kingdom,False
C563600,84880,WHITE WIRE EGG HOLDER,-1,2011-08-18 06:24:00,7.5,14911,EIRE,True
560773,84596L,BISCUITS SMALL BOWL LIGHT BLUE,2,2011-07-20 16:17:00,0.83,,United Kingdom,False
C543609,22456,NATURAL SLATE CHALKBOARD LARGE,-1,2011-02-10 14:17:00,4.95,16705,United Kingdom,True
544115,21224,SET/4 SKULL BADGES,20,2011-02-16 11:45:00,1.25,12727,France,False
580518,84832,ZINC WILLIE WINKIE  CANDLE STICK,24,2011-12-04 14:45:00,0.85,13435,United Kingdom,False
536784,22453,MEASURING TAPE BABUSHKA BLUE,24,2010-12-02 15:20:00,2.55,15061,United Kingdom,False
539437,22557,PLASTERS IN TIN VINTAGE PAISLEY,4,2010-12-17 14:54:00,3.36,,United Kingdom,False
559055,21328,BALLOONS  WRITING SET,15,2011-07-05 17:09:00,0.83,,United Kingdom,False
572758,22083,PAPER CHAIN KIT RETROSPOT,1,2011-10-25 18:39:00,5.79,,United Kingdom,False
551547,84991,60 TEATIME FAIRY CAKE CASES,3,2011-05-03 09:44:00,1.25,,United Kingdom,False
574298,21221,SET/4 BADGES CUTE CREATURES,1,2011-11-03 15:56:00,2.46,,United Kingdom,False
548745,23159,SET OF 5 PANCAKE DAY MAGNETS,12,2011-04-04 12:10:00,2.08,12471,Germany,False
C555935,23208,LUNCH BAG VINTAGE LEAF DESIGN,-10,2011-06-08 09:14:00,1.65,12567,France,True
543382,22072,RED RETROSPOT TEA CUP AND SAUCER,3,2011-02-07 16:21:00,3.75,14030,United Kingdom,False
571554,22111,SCOTTIE DOG HOT WATER BOTTLE,1,2011-10-18 09:13:00,12.46,,United Kingdom,False
571446,22699,ROSES REGENCY TEACUP AND SAUCER,48,2011-10-17 13:46:00,2.55,14911,EIRE,False
560090,21284,RETROSPOT CANDLE  SMALL,1,2011-07-14 16:46:00,3.29,,United Kingdom,False
567670,84970L,SINGLE HEART ZINC T-LIGHT HOLDER,1,2011-09-21 15:32:00,2.08,,United Kingdom,False
578757,23369,SET 36 COLOUR PENCILS LOVE LONDON,1,2011-11-25 11:41:00,1.25,12748,United Kingdom,False
551147,22670,FRENCH WC SIGN BLUE METAL,12,2011-04-26 14:07:00,1.25,14210,United Kingdom,False
565471,23167,SMALL CERAMIC TOP STORAGE JAR,12,2011-09-05 10:12:00,0.83,13931,United Kingdom,False
580367,15056N,EDWARDIAN PARASOL NATURAL,2,2011-12-02 16:39:00,12.46,,United Kingdom,False
580730,82494L,WOODEN FRAME ANTIQUE WHITE,1,2011-12-05 17:28:00,7.46,,United Kingdom,False
547247,85177,BASKET OF FLOWERS SEWING KIT,24,2011-03-22 09:01:00,0.85,18225,United Kingdom,False
549241,22286,DECORATION WOBBLY RABBIT METAL,4,2011-04-07 11:40:00,1.65,15719,United Kingdom,False
571192,22722,SET OF 6 SPICE TINS PANTRY DESIGN,4,2011-10-14 11:55:00,3.95,13050,United Kingdom,False
579093,23084,RABBIT NIGHT LIGHT,12,2011-11-28 10:54:00,2.08,13081,United Kingdom,False
572070,22041,"RECORD FRAME 7"" SINGLE SIZE",12,2011-10-20 13:37:00,2.55,15587,United Kingdom,False
580137,22919,HERB MARKER MINT,1,2011-12-01 19:54:00,0.65,17566,United Kingdom,False
573085,21623,VINTAGE UNION JACK MEMOBOARD,2,2011-10-27 14:27:00,9.95,14441,United Kingdom,False
579512,23287,RED VINTAGE SPOT BEAKER,1,2011-11-29 16:47:00,1.63,,United Kingdom,False
545690,22804,CANDLEHOLDER PINK HANGING HEART,3,2011-03-06 12:46:00,2.95,13263,United Kingdom,False
566601,21364,PEACE SMALL WOOD LETTERS,1,2011-09-13 15:57:00,6.75,16469,United Kingdom,False
578707,22781,GUMBALL MAGAZINE RACK,1,2011-11-25 11:20:00,7.65,17870,United Kingdom,False
550106,22907,PACK OF 20 NAPKINS PANTRY DESIGN,3,2011-04-14 12:31:00,0.85,13772,United Kingdom,False
571305,22165,"DIAMANTE HEART SHAPED WALL MIRROR,",1,2011-10-17 09:55:00,24.96,,United Kingdom,False
566921,23229,VINTAGE DONKEY TAIL GAME,2,2011-09-15 14:56:00,3.75,17898,United Kingdom,False
561804,21933,PINK VINTAGE PAISLEY PICNIC BAG,10,2011-07-29 14:40:00,1.65,14191,United Kingdom,False
543114,21527,RED RETROSPOT TRADITIONAL TEAPOT,2,2011-02-03 13:26:00,7.95,14156,EIRE,False
574298,21901,"KEY FOB , BACK DOOR",1,2011-11-03 15:56:00,1.63,,United Kingdom,False
575191,21260,FIRST AID TIN,12,2011-11-09 09:22:00,3.25,18144,United Kingdom,False
537794,85231G,ORANGE SCENTED SET/9 T-LIGHTS,3,2010-12-08 13:01:00,0.85,16713,United Kingdom,False
576329,23390,DOLLY GIRL MINI BACKPACK,1,2011-11-14 15:22:00,8.29,,United Kingdom,False
554064,22627,MINT KITCHEN SCALES,12,2011-05-22 10:29:00,7.65,14195,United Kingdom,False
571053,23031,DRAWER KNOB CRACKLE GLAZE PINK,12,2011-10-13 13:53:00,1.65,12631,Finland,False
570516,22489,PACK OF 12 TRADITIONAL CRAYONS,24,2011-10-11 10:39:00,0.42,14121,United Kingdom,False
569331,23209,LUNCH BAG DOILEY PATTERN,10,2011-10-03 13:39:00,1.65,16875,United Kingdom,False
576339,22750,FELTCRAFT PRINCESS LOLA DOLL,3,2011-11-14 15:27:00,7.46,14096,United Kingdom,False
579094,22328,ROUND SNACK BOXES SET OF 4 FRUITS,6,2011-11-28 10:56:00,2.95,12668,Germany,False
565588,22997,TRAVEL CARD WALLET UNION JACK,6,2011-09-05 13:50:00,0.42,16918,United Kingdom,False
561430,20727,LUNCH BAG  BLACK SKULL.,10,2011-07-27 11:29:00,1.65,15172,United Kingdom,False
539436,22034,ROBIN CHRISTMAS CARD,5,2010-12-17 14:49:00,0.42,,United Kingdom,False
581219,22924,FRIDGE MAGNETS LA VIE EN ROSE,6,2011-12-08 09:28:00,1.8,,United Kingdom,False
564817,22124,SET OF 2 TEA TOWELS PING MICROWAVE,1,2011-08-30 12:02:00,2.46,,United Kingdom,False
576081,23343,JUMBO BAG VINTAGE CHRISTMAS,10,2011-11-14 08:16:00,2.08,15203,United Kingdom,False
577150,22086,PAPER CHAIN KIT 50'S CHRISTMAS,86,2011-11-18 09:48:00,6.63,,United Kingdom,False
540468,22214,CANDLE PLATE LACE WHITE,3,2011-01-07 13:55:00,1.66,,United Kingdom,False
570830,21977,PACK OF 60 PINK PAISLEY CAKE CASES,24,2011-10-12 13:20:00,0.55,14852,United Kingdom,False
581439,22593,CHRISTMAS GINGHAM STAR,8,2011-12-08 16:30:00,1.63,,United Kingdom,False
542602,21669,BLUE STRIPE CERAMIC DRAWER KNOB,2,2011-01-30 12:09:00,1.25,15579,United Kingdom,False
579067,23534,STOP FOR TEA WALL ART,3,2011-11-28 10:31:00,5.95,14470,United Kingdom,False
558628,20712,JUMBO BAG WOODLAND ANIMALS,10,2011-06-30 17:59:00,2.08,12626,Germany,False
571937,21993,FLORAL FOLK STATIONERY SET,12,2011-10-20 09:28:00,1.25,14911,EIRE,False
570016,21380,WOODEN HAPPY BIRTHDAY GARLAND,6,2011-10-07 10:06:00,2.95,14911,EIRE,False
580727,22735,RIBBON REEL SOCKS AND MITTENS,4,2011-12-05 17:17:00,3.29,14096,United Kingdom,False
539954,21354,TOAST ITS - BEST MUM,24,2010-12-23 12:04:00,1.05,13777,United Kingdom,False
570113,23501,KEY RING BASEBALL BOOT UNION JACK,40,2011-10-07 12:31:00,1.25,15874,United Kingdom,False
541564,22496,SET OF 2 ROUND TINS DUTCH CHEESE,2,2011-01-19 11:38:00,2.95,16904,United Kingdom,False
547547,22386,JUMBO BAG PINK POLKADOT,1,2011-03-23 15:30:00,4.13,,United Kingdom,False
537371,22091,EMPIRE TISSUE BOX,4,2010-12-06 12:47:00,1.25,15028,United Kingdom,False
564246,23199,JUMBO BAG APPLES,10,2011-08-24 10:36:00,2.08,13534,United Kingdom,False
562688,23548,WRAP MAGIC FOREST,25,2011-08-08 13:53:00,0.42,13869,United Kingdom,False
542231,21820,GLITTER HEART GARLAND WITH BELLS,6,2011-01-26 13:40:00,3.75,16714,United Kingdom,False
577358,23350,ROLL WRAP VINTAGE SPOT,1,2011-11-18 15:59:00,2.46,,United Kingdom,False
554935,22927,GREEN GIANT GARDEN THERMOMETER,2,2011-05-27 13:30:00,5.95,14338,United Kingdom,False
537638,21705,BAG 500G SWIRLY MARBLES,2,2010-12-07 15:28:00,3.36,,United Kingdom,False
566123,22995,TRAVEL CARD WALLET SUKI,2,2011-09-09 11:15:00,0.42,15039,United Kingdom,False
564817,21356,TOAST ITS - FAIRY FLOWER,5,2011-08-30 12:02:00,0.83,,United Kingdom,False
556259,22333,RETROSPOT PARTY BAG + STICKER SET,8,2011-06-09 17:53:00,1.65,12721,France,False
545188,20914,SET/5 RED RETROSPOT LID GLASS BOWLS,3,2011-02-28 15:19:00,2.95,14056,United Kingdom,False
575054,23108,SET OF 10 LED DOLLY LIGHTS,2,2011-11-08 12:18:00,6.25,16945,United Kingdom,False
542534,21915,RED  HARMONICA IN BOX,12,2011-01-28 13:27:00,1.25,13707,United Kingdom,False
560145,22726,ALARM CLOCK BAKELIKE GREEN,4,2011-07-15 11:04:00,3.75,13381,United Kingdom,False
572767,85014B,RED RETROSPOT UMBRELLA,3,2011-10-26 10:11:00,5.95,17865,United Kingdom,False
551283,22663,JUMBO BAG DOLLY GIRL DESIGN,3,2011-04-27 14:01:00,2.08,16755,United Kingdom,False
578620,47590A,BLUE HAPPY BIRTHDAY BUNTING,3,2011-11-24 15:21:00,5.45,17247,United Kingdom,False
576611,22099,CARAVAN SQUARE TISSUE BOX,1,2011-11-15 16:29:00,0.39,17357,United Kingdom,False
578067,84832,ZINC WILLIE WINKIE  CANDLE STICK,2,2011-11-22 15:43:00,1.63,,United Kingdom,False
545072,22231,JIGSAW TREE WITH BIRDHOUSE,36,2011-02-28 08:43:00,1.45,12781,Czech Republic,False
559652,22960,JAM MAKING SET WITH JARS,6,2011-07-11 12:47:00,4.25,17164,United Kingdom,False
569653,22467,GUMBALL COAT RACK,24,2011-10-05 12:52:00,2.55,12451,Switzerland,False
560364,22847,BREAD BIN DINER STYLE IVORY,2,2011-07-18 12:15:00,16.95,16705,United Kingdom,False
541695,21494,ROTATING LEAVES T-LIGHT HOLDER,2,2011-01-20 18:01:00,1.63,,United Kingdom,False
554514,85039C,S/4 BLACK MINI ROSE CANDLE IN BOWL,6,2011-05-24 15:58:00,1.63,,United Kingdom,False
542215,22554,PLASTERS IN TIN WOODLAND ANIMALS,12,2011-01-26 12:27:00,1.65,12472,Germany,False
550987,21447,12 IVORY ROSE PEG PLACE SETTINGS,4,2011-04-21 18:10:00,2.46,,United Kingdom,False
580754,22112,CHOCOLATE HOT WATER BOTTLE,18,2011-12-06 10:05:00,12.46,,United Kingdom,False
573153,84988,SET OF 72 PINK HEART PAPER DOILIES,48,2011-10-28 07:39:00,1.45,12678,France,False
577057,21982,PACK OF 12 SUKI TISSUES,1,2011-11-17 14:26:00,0.39,12748,United Kingdom,False
547670,22359,GLASS JAR KINGS CHOICE,1,2011-03-24 13:41:00,2.95,16769,United Kingdom,False
575383,84836,ZINC METAL HEART DECORATION,12,2011-11-09 15:17:00,1.25,15986,United Kingdom,False
553228,22386,JUMBO BAG PINK POLKADOT,10,2011-05-16 10:48:00,2.08,16496,United Kingdom,False
579413,23319,BOX OF 6 MINI 50'S CRACKERS,2,2011-11-29 12:50:00,2.49,13668,United Kingdom,False
579690,21154,RED RETROSPOT OVEN GLOVE,1,2011-11-30 14:03:00,1.25,15060,United Kingdom,False
574020,22791,T-LIGHT GLASS FLUTED ANTIQUE,12,2011-11-02 12:15:00,1.25,14673,United Kingdom,False
578950,23376,PACK OF 12 VINTAGE CHRISTMAS TISSUE,2,2011-11-27 14:40:00,0.39,17885,United Kingdom,False
550203,85099B,JUMBO BAG RED RETROSPOT,1,2011-04-15 10:37:00,4.13,,United Kingdom,False
539185,35911A,MULTICOLOUR RABBIT EGG WARMER,1,2010-12-16 11:53:00,2.1,16470,United Kingdom,False
543468,22720,SET OF 3 CAKE TINS PANTRY DESIGN,3,2011-02-08 14:45:00,4.95,14562,United Kingdom,False
577728,23202,JUMBO BAG VINTAGE LEAF,3,2011-11-21 12:52:00,2.08,17811,United Kingdom,False
542993,22083,PAPER CHAIN KIT RETROSPOT,12,2011-02-02 12:02:00,2.95,16156,United Kingdom,False
573078,85099B,JUMBO BAG RED RETROSPOT,10,2011-10-27 14:13:00,2.08,12839,United Kingdom,False
559506,20717,STRAWBERRY SHOPPER BAG,2,2011-07-08 15:17:00,2.46,,United Kingdom,False
561611,82483,WOOD 2 DRAWER CABINET WHITE FINISH,16,2011-07-28 12:29:00,5.95,17975,United Kingdom,False
537653,22728,ALARM CLOCK BAKELIKE PINK,1,2010-12-07 15:54:00,3.75,17897,United Kingdom,False
566163,21558,SKULL LUNCH BOX WITH CUTLERY,6,2011-09-09 11:48:00,2.55,12637,France,False
571258,22568,FELTCRAFT CUSHION OWL,2,2011-10-14 17:23:00,3.75,17837,United Kingdom,False
537889,22086,PAPER CHAIN KIT 50'S CHRISTMAS,18,2010-12-09 10:04:00,2.95,13319,United Kingdom,False
579675,23444,NEXT DAY CARRIAGE,1,2011-11-30 13:08:00,15.0,15654,United Kingdom,False
554842,23171,REGENCY TEA PLATE GREEN,12,2011-05-26 18:17:00,1.65,14740,United Kingdom,False
576540,23559,WOODLAND BUNNIES LOLLY MAKERS,1,2011-11-15 12:48:00,2.08,18043,United Kingdom,False
578270,22557,PLASTERS IN TIN VINTAGE PAISLEY,1,2011-11-23 13:39:00,3.29,14096,United Kingdom,False
554985,22960,JAM MAKING SET WITH JARS,6,2011-05-29 12:26:00,4.25,12426,Germany,False
C542924,22423,REGENCY CAKESTAND 3 TIER,-2,2011-02-02 09:39:00,12.75,12559,Germany,True
544770,21217,RED RETROSPOT ROUND CAKE TINS,1,2011-02-23 11:11:00,20.79,,United Kingdom,False
538811,22411,JUMBO SHOPPER VINTAGE RED PAISLEY,10,2010-12-14 12:22:00,1.95,13178,United Kingdom,False
581139,21232,STRAWBERRY CERAMIC TRINKET POT,72,2011-12-07 13:21:00,1.06,13798,United Kingdom,False
560201,21671,RED SPOT CERAMIC DRAWER KNOB,12,2011-07-15 13:09:00,1.25,17061,United Kingdom,False
537888,22818,CARD CHRISTMAS VILLAGE,12,2010-12-09 10:04:00,0.42,15358,United Kingdom,False
543448,21989,PACK OF 20 SKULL PAPER NAPKINS,1,2011-02-08 12:12:00,1.63,,United Kingdom,False
540098,22383,LUNCH BAG SUKI  DESIGN,1,2011-01-04 15:50:00,1.65,16241,United Kingdom,False
578844,23245,SET OF 3 REGENCY CAKE TINS,4,2011-11-25 16:14:00,10.79,,United Kingdom,False
536821,22617,BAKING SET SPACEBOY DESIGN,1,2010-12-02 17:17:00,4.95,17757,United Kingdom,False
565784,90120C,GREEN MURANO TWIST BRACELET,4,2011-09-06 16:02:00,4.25,15089,United Kingdom,False
540545,22383,LUNCH BAG SUKI  DESIGN,2,2011-01-09 15:35:00,1.65,13451,United Kingdom,False
540562,20726,LUNCH BAG WOODLAND,20,2011-01-10 10:35:00,1.65,12524,Germany,False
559991,22939,APRON APPLE DELIGHT,1,2011-07-14 12:29:00,4.95,14527,United Kingdom,False
536544,17129F,BLUE GLASS GEMS IN BAG,2,2010-12-01 14:32:00,1.66,,United Kingdom,False
544459,22425,ENAMEL COLANDER CREAM,5,2011-02-20 13:52:00,4.95,17838,United Kingdom,False
542255,21035,SET/2 RED RETROSPOT TEA TOWELS,1,2011-01-26 16:43:00,5.79,,United Kingdom,False
539419,22728,ALARM CLOCK BAKELIKE PINK,4,2010-12-17 14:10:00,3.75,12431,Australia,False
580399,21884,CAKES AND BOWS GIFT  TAPE,12,2011-12-04 11:45:00,0.65,13471,United Kingdom,False
578250,23419,HOME SWEET HOME BOTTLE,2,2011-11-23 12:43:00,2.08,15901,United Kingdom,False
537534,22350,ILLUSTRATED CAT BOWL,1,2010-12-07 11:48:00,0.0,,United Kingdom,False
560856,23545,WRAP RED DOILEY,25,2011-07-21 13:06:00,0.42,16607,United Kingdom,False
554651,22795,SWEETHEART RECIPE BOOK STAND,2,2011-05-25 12:55:00,6.75,12779,Poland,False
564837,21993,FLORAL FOLK STATIONERY SET,1,2011-08-30 12:40:00,2.46,,United Kingdom,False
573175,22910,PAPER CHAIN KIT VINTAGE CHRISTMAS,6,2011-10-28 10:27:00,2.95,15096,United Kingdom,False
574590,22728,ALARM CLOCK BAKELIKE PINK,2,2011-11-06 10:44:00,3.75,18077,United Kingdom,False
559017,22782,SET 3 WICKER STORAGE BASKETS,4,2011-07-05 13:06:00,21.95,14034,United Kingdom,False
543732,84509a,SET OF 4 ENGLISH ROSE PLACEMATS,2,2011-02-11 12:02:00,7.46,,United Kingdom,False
565286,DOT,DOTCOM POSTAGE,1,2011-09-02 11:39:00,249.71,,United Kingdom,False
564757,22470,HEART OF WICKER LARGE,11,2011-08-30 10:36:00,5.79,,United Kingdom,False
565917,22697,GREEN REGENCY TEACUP AND SAUCER,2,2011-09-07 16:15:00,5.79,,United Kingdom,False
581057,23405,HOME SWEET HOME 2 DRAWER CABINET,4,2011-12-07 11:03:00,4.95,16817,United Kingdom,False
574878,85048,15CM CHRISTMAS GLASS BALL 20 LIGHTS,14,2011-11-07 13:18:00,6.95,14653,United Kingdom,False
553739,23165,LARGE CERAMIC TOP STORAGE JAR,12,2011-05-19 09:23:00,1.65,14895,United Kingdom,False
560499,22927,GREEN GIANT GARDEN THERMOMETER,4,2011-07-19 11:03:00,5.95,16713,United Kingdom,False
565840,22355,CHARLOTTE BAG SUKI DESIGN,2,2011-09-07 12:02:00,1.63,,United Kingdom,False
573897,82616C,MIDNIGHT GLAMOUR SCARF KNITTING KIT,2,2011-11-01 14:29:00,1.25,16729,United Kingdom,False
564141,20725,LUNCH BAG RED RETROSPOT,1,2011-08-23 11:47:00,1.65,17841,United Kingdom,False
571270,22767,TRIPLE PHOTO FRAME CORNICE,2,2011-10-16 12:09:00,9.95,12940,United Kingdom,False
578781,22435,SET OF 9 HEART SHAPED BALLOONS,2,2011-11-25 11:54:00,1.25,15872,United Kingdom,False
555116,37448,CERAMIC CAKE DESIGN SPOTTED MUG,10,2011-05-31 15:16:00,1.49,16919,United Kingdom,False
539423,84823,DANISH ROSE FOLDING CHAIR,6,2010-12-17 14:24:00,7.95,15811,United Kingdom,False
538071,84559B,3D SHEET OF CAT STICKERS,2,2010-12-09 14:09:00,1.69,,United Kingdom,False
537641,22468,BABUSHKA LIGHTS STRING OF 10,1,2010-12-07 15:32:00,13.57,,United Kingdom,False
578067,22109,FULL ENGLISH BREAKFAST PLATE,2,2011-11-22 15:43:00,7.46,,United Kingdom,False
545462,22469,HEART OF WICKER SMALL,40,2011-03-03 08:24:00,1.45,17567,United Kingdom,False
574298,84569D,PACK 6 HEART/ICE-CREAM PATCHES,2,2011-11-03 15:56:00,2.46,,United Kingdom,False
559052,85032B,BLOSSOM IMAGES GIFT WRAP SET,1,2011-07-05 16:53:00,1.63,,United Kingdom,False
543040,21936,RED RETROSPOT PICNIC BAG,2,2011-02-02 17:06:00,2.95,17337,United Kingdom,False
570448,85014B,RED RETROSPOT UMBRELLA,1,2011-10-10 14:55:00,5.95,13224,United Kingdom,False
578935,23238,SET OF 4 KNICK KNACK TINS LONDON,3,2011-11-27 12:52:00,4.15,15351,United Kingdom,False
566625,35815P,"ACRYLIC JEWEL SNOWFLAKE, PINK",48,2011-09-14 09:38:00,0.38,14911,EIRE,False
550471,20754,RETROSPOT RED WASHING UP GLOVES,1,2011-04-18 13:52:00,4.13,,United Kingdom,False
536874,85049F,BABY BOOM RIBBONS,1,2010-12-03 11:35:00,1.25,16891,United Kingdom,False
566917,22835,HOT WATER BOTTLE I AM SO POORLY,12,2011-09-15 14:37:00,4.95,18259,United Kingdom,False
560239,22745,POPPY'S PLAYHOUSE BEDROOM,6,2011-07-17 11:50:00,2.1,13507,United Kingdom,False
553718,23200,JUMBO BAG PEARS,1,2011-05-18 16:14:00,4.13,,United Kingdom,False
536592,84031B,CHARLIE LOLA BLUE HOT WATER BOTTLE,1,2010-12-01 17:06:00,4.21,,United Kingdom,False
567670,85099B,JUMBO BAG RED RETROSPOT,2,2011-09-21 15:32:00,4.13,,United Kingdom,False
538354,22558,CLOTHES PEGS RETROSPOT PACK 24,12,2010-12-10 15:45:00,1.49,16873,United Kingdom,False
537231,21110,LARGE CAKE TOWEL PINK SPOTS,2,2010-12-06 09:21:00,6.75,13652,United Kingdom,False
554124,84968C,SET OF 16 VINTAGE PISTACHIO CUTLERY,1,2011-05-23 08:31:00,12.75,13339,United Kingdom,False
543555,22849,BREAD BIN DINER STYLE MINT,4,2011-02-10 10:18:00,14.95,17686,United Kingdom,False
552336,85183A,CHARLIE & LOLA WASTEPAPER BIN BLUE,12,2011-05-09 11:26:00,1.25,15159,United Kingdom,False
564760,85099F,JUMBO BAG STRAWBERRY,4,2011-08-30 10:47:00,4.13,,United Kingdom,False
579121,23077,DOUGHNUT LIP GLOSS,20,2011-11-28 12:01:00,1.25,17299,United Kingdom,False
566571,22990,COTTON APRON PANTRY DESIGN,2,2011-09-13 12:49:00,4.95,17037,United Kingdom,False
560776,22030,SWALLOWS GREETING CARD,12,2011-07-21 08:44:00,0.42,13995,United Kingdom,False
576597,23691,WRAP KEEP CALM BIRTHDAY,50,2011-11-15 14:57:00,0.42,14194,United Kingdom,False
552259,23152,IVORY SWEETHEART WIRE LETTER RACK,4,2011-05-08 11:13:00,3.75,15796,United Kingdom,False
555568,22328,ROUND SNACK BOXES SET OF 4 FRUITS,4,2011-06-05 15:25:00,2.95,17589,United Kingdom,False
554823,20727,LUNCH BAG  BLACK SKULL.,1,2011-05-26 14:20:00,1.65,16624,United Kingdom,False
556487,21122,SET/10 PINK POLKADOT PARTY CANDLES,1,2011-06-12 13:51:00,1.25,17289,United Kingdom,False
558450,21145,,40,2011-06-29 13:41:00,0.0,,United Kingdom,False
543132,22780,LIGHT GARLAND BUTTERFILES PINK,4,2011-02-03 15:27:00,4.25,15235,United Kingdom,False
576255,23322,LARGE WHITE HEART OF WICKER,2,2011-11-14 14:09:00,2.95,15993,United Kingdom,False
565223,23174,REGENCY SUGAR BOWL GREEN,4,2011-09-01 19:08:00,4.15,15410,United Kingdom,False
560875,23199,JUMBO BAG APPLES,10,2011-07-21 15:12:00,2.08,13562,United Kingdom,False
547875,22456,NATURAL SLATE CHALKBOARD LARGE,12,2011-03-27 15:40:00,4.95,13408,United Kingdom,False
569629,22578,WOODEN STAR CHRISTMAS SCANDINAVIAN,24,2011-10-05 11:37:00,0.29,15249,United Kingdom,False
561879,21471,STRAWBERRY RAFFIA FOOD COVER,6,2011-07-31 12:43:00,3.75,13722,United Kingdom,False
550123,48138,DOORMAT UNION FLAG,2,2011-04-14 12:39:00,7.95,,United Kingdom,False
544070,35646,VINTAGE BEAD PINK EVENING BAG,4,2011-02-15 14:19:00,4.25,15370,United Kingdom,False
538163,22425,ENAMEL COLANDER CREAM,1,2010-12-09 17:27:00,4.95,17841,United Kingdom,False
539728,22526,WHEELBARROW FOR CHILDREN,1,2010-12-21 14:26:00,12.75,16270,United Kingdom,False
573032,21408,SPOTTY PINK DUCK DOORSTOP,3,2011-10-27 13:36:00,4.25,18211,United Kingdom,False
545713,20728,LUNCH BAG CARS BLUE,15,2011-03-07 10:12:00,4.13,,United Kingdom,False
543000,21756,BATH BUILDING BLOCK WORD,1,2011-02-02 12:17:00,11.63,,United Kingdom,False
551840,85116,BLACK CANDELABRA T-LIGHT HOLDER,24,2011-05-04 13:36:00,2.1,15144,United Kingdom,False
541886,22771,CLEAR DRAWER KNOB ACRYLIC EDWARDIAN,12,2011-01-24 11:21:00,1.25,15039,United Kingdom,False
561870,22244,3 HOOK HANGER MAGIC GARDEN,12,2011-07-31 11:45:00,1.95,14911,EIRE,False
572331,22812,PACK 3 BOXES CHRISTMAS PANNETONE,12,2011-10-24 10:18:00,1.95,16491,United Kingdom,False
558475,22781,GUMBALL MAGAZINE RACK,1,2011-06-29 15:58:00,14.96,,United Kingdom,False
567909,23336,EGG FRYING PAN PINK,6,2011-09-22 16:53:00,2.08,13012,United Kingdom,False
558484,22151,PLACE SETTING WHITE HEART,24,2011-06-30 10:09:00,0.42,14267,United Kingdom,False
550470,84558A,3D DOG PICTURE PLAYING CARDS,1,2011-04-18 13:49:00,5.79,,United Kingdom,False
572569,23510,MINI PLAYING CARDS GYMKHANA,1,2011-10-25 10:32:00,0.42,17870,United Kingdom,False
563848,84991,60 TEATIME FAIRY CAKE CASES,24,2011-08-19 14:57:00,0.55,14911,EIRE,False
543013,22250,DECORATION  BUTTERFLY  MAGIC GARDEN,1,2011-02-02 13:35:00,1.63,,United Kingdom,False
538811,22384,LUNCH BAG PINK POLKADOT,10,2010-12-14 12:22:00,1.65,13178,United Kingdom,False
555604,22620,4 TRADITIONAL SPINNING TOPS,12,2011-06-06 11:37:00,1.45,16612,United Kingdom,False
570488,23275,SET OF 3 HANGING OWLS OLLIE BEAK,2,2011-10-10 17:12:00,2.46,14096,United Kingdom,False
C539575,84949,SILVER HANGING T-LIGHT HOLDER,-36,2010-12-20 12:23:00,1.45,13089,United Kingdom,True
579516,22995,TRAVEL CARD WALLET SUKI,2,2011-11-29 17:52:00,0.42,17841,United Kingdom,False
538177,22356,CHARLOTTE BAG PINK POLKADOT,4,2010-12-10 09:51:00,1.66,,United Kingdom,False
541422,22174,PHOTO CUBE,1,2011-01-17 17:48:00,3.29,,United Kingdom,False
543518,20725,LUNCH BAG RED RETROSPOT,100,2011-02-09 11:21:00,1.45,12753,Japan,False
554270,23091,ZINC HERB GARDEN CONTAINER,6,2011-05-23 13:05:00,6.25,15046,United Kingdom,False
550785,22900,SET 2 TEA TOWELS I LOVE LONDON,2,2011-04-20 14:02:00,3.25,15517,United Kingdom,False
561651,20981,12 PENCILS TALL TUBE WOODLAND,2,2011-07-28 15:36:00,1.63,,United Kingdom,False
563195,22835,HOT WATER BOTTLE I AM SO POORLY,1,2011-08-12 16:36:00,9.13,,United Kingdom,False
577549,20975,12 PENCILS SMALL TUBE RED RETROSPOT,2,2011-11-20 15:00:00,0.65,17841,United Kingdom,False
556671,22174,PHOTO CUBE,1,2011-06-13 16:33:00,1.65,17841,United Kingdom,False
571564,22964,3 PIECE SPACEBOY COOKIE CUTTER SET,6,2011-10-18 10:16:00,2.1,16019,United Kingdom,False
558887,21218,RED SPOTTY BISCUIT TIN,6,2011-07-04 15:26:00,3.75,18265,United Kingdom,False
577973,20685,DOORMAT RED RETROSPOT,10,2011-11-22 12:13:00,7.08,13798,United Kingdom,False
551193,22431,WATERING CAN BLUE ELEPHANT,1,2011-04-27 11:05:00,1.95,17954,United Kingdom,False
536754,22384,LUNCH BAG PINK POLKADOT,3,2010-12-02 14:09:00,1.65,14449,United Kingdom,False
561218,21454,PAINTED PINK RABBIT,2,2011-07-25 17:11:00,0.83,,United Kingdom,False
537781,20618,QUEEN OF THE SKIES PASSPORT COVER,1,2010-12-08 12:46:00,2.1,17341,United Kingdom,False
574910,21591,COSY HOUR CIGAR BOX MATCHES,10,2011-11-07 15:44:00,1.25,16348,United Kingdom,False
559464,21386,IVORY HANGING DECORATION  EGG,24,2011-07-08 13:26:00,0.19,15157,United Kingdom,False
561363,20676,RED RETROSPOT BOWL,8,2011-07-26 15:42:00,1.25,17238,United Kingdom,False
552883,21096,SET/6 FRUIT SALAD  PAPER PLATES,192,2011-05-12 10:13:00,0.39,14646,Netherlands,False
552692,22138,BAKING SET 9 PIECE RETROSPOT,3,2011-05-10 15:19:00,4.95,13990,United Kingdom,False
566726,23201,JUMBO BAG ALPHABET,1,2011-09-14 13:12:00,2.08,15021,United Kingdom,False
558614,21003,ROSE DU SUD CUSHION COVER,4,2011-06-30 15:56:00,5.79,,United Kingdom,False
537382,84692,BOX OF 24 COCKTAIL PARASOLS,6,2010-12-06 13:13:00,0.42,16710,United Kingdom,False
559145,23308,SET OF 60 VINTAGE LEAF CAKE CASES,480,2011-07-06 14:17:00,0.55,17404,Sweden,False
571082,23204,CHARLOTTE BAG APPLES DESIGN,4,2011-10-13 15:25:00,1.63,,United Kingdom,False
577747,21523,DOORMAT FANCY FONT HOME SWEET HOME,48,2011-11-21 14:21:00,8.0,17450,United Kingdom,False
574292,21990,MODERN FLORAL STATIONERY SET,2,2011-11-03 15:27:00,1.25,16914,United Kingdom,False
540033,21499,BLUE POLKADOT WRAP,25,2011-01-04 14:12:00,0.42,13680,United Kingdom,False
577768,22578,WOODEN STAR CHRISTMAS SCANDINAVIAN,18,2011-11-21 15:18:00,0.83,,United Kingdom,False
553156,22520,CHILDS GARDEN TROWEL BLUE,1,2011-05-13 14:58:00,0.85,17841,United Kingdom,False
570876,23083,SET 6 PAPER TABLE LANTERN STARS,2,2011-10-12 17:19:00,3.75,16085,United Kingdom,False
575514,23353,6 GIFT TAGS VINTAGE CHRISTMAS,12,2011-11-10 10:40:00,0.83,12541,Spain,False
557260,62018,SOMBRERO,6,2011-06-19 10:39:00,1.95,17932,United Kingdom,False
569406,22139,RETROSPOT TEA SET CERAMIC 11 PC,9,2011-10-04 09:09:00,4.95,16253,United Kingdom,False
546107,22556,PLASTERS IN TIN CIRCUS PARADE,2,2011-03-09 12:33:00,1.65,17238,United Kingdom,False
565932,23410,CURIO CABINET LINEN AND LACE,2,2011-09-08 10:35:00,8.15,16418,United Kingdom,False
577302,23355,HOT WATER BOTTLE KEEP CALM,1,2011-11-18 12:57:00,4.95,17904,United Kingdom,False
564530,22680,FRENCH BLUE METAL DOOR SIGN 5,1,2011-08-25 14:57:00,0.0,,United Kingdom,False
561369,22029,SPACEBOY BIRTHDAY CARD,1,2011-07-26 16:21:00,0.83,,United Kingdom,False
536744,22367,CHILDRENS APRON SPACEBOY DESIGN,10,2010-12-02 13:36:00,1.95,14466,United Kingdom,False
537823,22493,PAINT YOUR OWN CANVAS SET,2,2010-12-08 14:25:00,3.36,,United Kingdom,False
547206,22285,HANGING HEN ON NEST DECORATION,2,2011-03-21 14:18:00,1.65,16791,United Kingdom,False
570703,22138,BAKING SET 9 PIECE RETROSPOT,3,2011-10-12 09:50:00,4.95,14911,EIRE,False
556528,47566,PARTY BUNTING,4,2011-06-13 11:36:00,4.95,13269,United Kingdom,False
579629,22094,RED RETROSPOT TISSUE BOX,3,2011-11-30 12:16:00,0.39,14963,United Kingdom,False
556520,23054,RECYCLED ACAPULCO MAT LAVENDER,1,2011-06-13 11:10:00,8.25,14177,United Kingdom,False
539307,85180A,RED HEARTS LIGHT CHAIN,60,2010-12-16 17:43:00,1.25,13694,United Kingdom,False
543097,21733,RED HANGING HEART T-LIGHT HOLDER,1,2011-02-03 11:41:00,5.79,,United Kingdom,False
550953,22041,"RECORD FRAME 7"" SINGLE SIZE",3,2011-04-21 16:17:00,4.96,,United Kingdom,False
545475,22557,PLASTERS IN TIN VINTAGE PAISLEY,96,2011-03-03 10:59:00,1.45,12415,Australia,False
548711,22719,GUMBALL MONOCHROME COAT RACK,1,2011-04-03 14:24:00,1.25,18116,United Kingdom,False
563288,21539,RED RETROSPOT BUTTER DISH,6,2011-08-15 12:53:00,4.95,12656,France,False
575177,22355,CHARLOTTE BAG SUKI DESIGN,1,2011-11-08 18:41:00,1.63,,United Kingdom,False
575621,22469,HEART OF WICKER SMALL,3,2011-11-10 13:03:00,1.65,16892,United Kingdom,False
547552,22501,PICNIC BASKET WICKER LARGE,1,2011-03-23 15:55:00,20.79,,United Kingdom,False
569482,22193,RED DINER WALL CLOCK,2,2011-10-04 12:43:00,8.5,14184,United Kingdom,False
575957,22954,HEN PARTY CORDON BARRIER TAPE,5,2011-11-13 12:19:00,1.25,13170,United Kingdom,False
550196,22722,SET OF 6 SPICE TINS PANTRY DESIGN,2,2011-04-15 10:09:00,3.95,14796,United Kingdom,False
567665,21993,FLORAL FOLK STATIONERY SET,1,2011-09-21 15:22:00,2.46,,United Kingdom,False
545901,20760,GARDEN PATH POCKET BOOK,3,2011-03-07 17:52:00,0.85,15834,United Kingdom,False
536532,22632,HAND WARMER RED RETROSPOT,12,2010-12-01 13:24:00,2.1,12433,Norway,False
550818,21713,CITRONELLA CANDLE FLOWERPOT,8,2011-04-20 17:10:00,2.1,15912,United Kingdom,False
558709,84950,ASSORTED COLOUR T-LIGHT HOLDER,12,2011-07-01 13:02:00,0.65,17338,United Kingdom,False
580983,90197B,BLACK GLASS BRACELET W HEART CHARMS,1,2011-12-06 16:26:00,4.98,,United Kingdom,False
580906,23196,VINTAGE LEAF MAGNETIC NOTEPAD,12,2011-12-06 13:10:00,1.45,13104,United Kingdom,False
574892,23344,JUMBO BAG 50'S CHRISTMAS,2,2011-11-07 14:40:00,2.08,14700,United Kingdom,False
571508,21028,NINJA RABBIT BLACK,1,2011-10-17 15:27:00,2.46,,United Kingdom,False
573876,23378,PACK OF 12 50'S CHRISTMAS TISSUES,3,2011-11-01 12:48:00,0.39,16360,United Kingdom,False
570872,22077,6 RIBBONS RUSTIC CHARM,2,2011-10-12 16:40:00,3.29,,United Kingdom,False
571745,21166,COOK WITH WINE METAL SIGN,12,2011-10-19 10:48:00,2.08,14911,EIRE,False
560035,21159,MOODY BOY  DOOR HANGER,12,2011-07-14 13:41:00,1.45,17706,United Kingdom,False
550986,22642,SET OF 4 NAPKIN CHARMS STARS,4,2011-04-21 18:06:00,4.96,,United Kingdom,False
555923,21212,PACK OF 72 RETROSPOT CAKE CASES,1,2011-06-07 17:09:00,1.25,,United Kingdom,False
581498,22304,COFFEE MUG BLUE PAISLEY DESIGN,1,2011-12-09 10:26:00,4.96,,United Kingdom,False
565993,21116,OWL DOORSTOP,6,2011-09-08 11:46:00,4.95,13013,United Kingdom,False
538866,84406B,CREAM CUPID HEARTS COAT HANGER,1,2010-12-14 14:40:00,3.25,17841,United Kingdom,False
553074,84086C,PINK/PURPLE RETRO RADIO,1,2011-05-13 11:45:00,2.95,15529,United Kingdom,False
558861,22147,FELTCRAFT BUTTERFLY HEARTS,12,2011-07-04 12:19:00,1.45,13373,United Kingdom,False
566258,20682,RED RETROSPOT CHILDRENS UMBRELLA,3,2011-09-11 12:45:00,3.25,13124,United Kingdom,False
558113,23142,IVORY WIRE KITCHEN ORGANISER,1,2011-06-27 08:48:00,10.4,14911,EIRE,False
572549,20718,RED RETROSPOT SHOPPER BAG,1,2011-10-24 17:03:00,2.46,,United Kingdom,False
567372,20723,STRAWBERRY CHARLOTTE BAG,20,2011-09-20 09:24:00,0.85,14191,United Kingdom,False
550480,21238,RED RETROSPOT CUP,15,2011-04-18 14:05:00,0.85,13069,United Kingdom,False
561209,23344,JUMBO BAG 50'S CHRISTMAS,2,2011-07-25 16:57:00,4.13,,United Kingdom,False
543126,21937,STRAWBERRY   PICNIC BAG,1,2011-02-03 14:41:00,2.95,13581,United Kingdom,False
555923,15060B,FAIRY CAKE DESIGN UMBRELLA,1,2011-06-07 17:09:00,8.29,,United Kingdom,False
566310,21917,SET 12 KIDS  WHITE CHALK STICKS,288,2011-09-12 09:39:00,0.36,15980,United Kingdom,False
563503,84078A,SET/4 WHITE RETRO STORAGE CUBES,1,2011-08-17 09:05:00,39.95,16488,United Kingdom,False
540551,85227,SET OF 6 3D KIT CARDS FOR KIDS,1,2011-01-10 09:43:00,1.66,,United Kingdom,False
579541,23339,EGG FRYING PAN BLUE,1,2011-11-30 10:12:00,2.08,14653,United Kingdom,False
556237,23170,REGENCY TEA PLATE ROSES,4,2011-06-09 15:34:00,3.29,,United Kingdom,False
566060,85049H,URBAN BLACK RIBBONS,1,2011-09-08 15:27:00,0.83,,United Kingdom,False
540354,90057,DIAMANTE RING ASSORTED IN BOX.,24,2011-01-06 14:58:00,1.25,13576,United Kingdom,False
543629,22698,PINK REGENCY TEACUP AND SAUCER,1,2011-02-10 15:55:00,5.79,,United Kingdom,False
570211,23354,6 GIFT TAGS 50'S CHRISTMAS,5,2011-10-09 11:15:00,0.83,13558,United Kingdom,False
562558,21982,PACK OF 12 SUKI TISSUES,12,2011-08-05 16:43:00,0.29,13451,United Kingdom,False
547924,84879,ASSORTED COLOUR BIRD ORNAMENT,16,2011-03-28 13:39:00,1.69,17749,United Kingdom,False
550834,22630,DOLLY GIRL LUNCH BOX,1,2011-04-21 10:51:00,1.95,14730,United Kingdom,False
564510,23360,SET 8 CANDLES VINTAGE DOILY,12,2011-08-25 14:42:00,1.95,14194,United Kingdom,False
577594,23351,ROLL WRAP 50'S CHRISTMAS,9,2011-11-20 16:07:00,1.25,13142,United Kingdom,False
580729,23438,RED SPOT GIFT BAG LARGE,2,2011-12-05 17:24:00,2.46,,United Kingdom,False
571255,23056,FLOWERS CHANDELIER T-LIGHT HOLDER,48,2011-10-14 17:13:00,5.39,12454,Spain,False
545812,20751,FUNKY WASHING UP GLOVES ASSORTED,12,2011-03-07 12:26:00,2.1,14214,United Kingdom,False
558197,22267,EASTER DECORATION EGG BUNNY,24,2011-06-27 12:45:00,0.39,14298,United Kingdom,False
555158,22744,MAKE YOUR OWN MONSOON CARD KIT,6,2011-06-01 08:38:00,2.95,14842,United Kingdom,False
536597,84744,S/6 SEW ON CROCHET FLOWERS,1,2010-12-01 17:35:00,1.25,18011,United Kingdom,False
570488,22493,PAINT YOUR OWN CANVAS SET,1,2011-10-10 17:12:00,3.29,14096,United Kingdom,False
563890,85107,CUT GLASS T-LIGHT HOLDER OCTAGON,24,2011-08-19 16:34:00,1.69,15862,United Kingdom,False
562031,23184,BULL DOG BOTTLE OPENER,2,2011-08-01 17:37:00,4.95,16984,United Kingdom,False
545346,22249,DECORATION WHITE CHICK MAGIC GARDEN,16,2011-03-02 09:49:00,0.85,12834,United Kingdom,False
553861,21843,RED RETROSPOT CAKE STAND,2,2011-05-19 13:58:00,10.95,13591,United Kingdom,False
539731,84459B,YELLOW METAL CHICKEN HEART,192,2010-12-21 15:05:00,1.25,14646,Netherlands,False
539437,21065,BOOM BOX SPEAKER GIRLS,1,2010-12-17 14:54:00,11.87,,United Kingdom,False
545998,22839,3 TIER CAKE TIN GREEN AND CREAM,1,2011-03-08 14:35:00,14.95,13373,United Kingdom,False
571549,22138,BAKING SET 9 PIECE RETROSPOT,3,2011-10-18 08:12:00,4.95,13536,United Kingdom,False
563450,48138,DOORMAT UNION FLAG,6,2011-08-16 14:33:00,7.95,16523,United Kingdom,False
565841,22037,ROBOT BIRTHDAY CARD,1,2011-09-07 12:04:00,0.83,,United Kingdom,False
540532,22720,SET OF 3 CAKE TINS PANTRY DESIGN,4,2011-01-09 14:11:00,4.95,14702,United Kingdom,False
553221,23083,SET 6 PAPER TABLE LANTERN STARS,12,2011-05-16 09:58:00,3.75,16607,United Kingdom,False
580367,22645,CERAMIC HEART FAIRY CAKE MONEY BANK,1,2011-12-02 16:39:00,3.29,,United Kingdom,False
580687,84879,ASSORTED COLOUR BIRD ORNAMENT,24,2011-12-05 15:38:00,1.69,16379,United Kingdom,False
559120,23344,JUMBO BAG 50'S CHRISTMAS,6,2011-07-06 12:18:00,2.08,16393,United Kingdom,False
567170,20974,12 PENCILS SMALL TUBE SKULL,10,2011-09-18 12:40:00,0.65,13566,United Kingdom,False
567280,21213,PACK OF 72 SKULL CAKE CASES,120,2011-09-19 11:46:00,0.42,14646,Netherlands,False
540033,21155,RED RETROSPOT PEG BAG,4,2011-01-04 14:12:00,2.1,13680,United Kingdom,False
541593,37379A,PINK CHERRY BLOSSOM CUP & SAUCER,6,2011-01-19 15:20:00,1.25,17611,United Kingdom,False
575091,22738,RIBBON REEL SNOWY VILLAGE,10,2011-11-08 14:05:00,1.65,17160,United Kingdom,False
557066,84879,ASSORTED COLOUR BIRD ORNAMENT,8,2011-06-16 15:10:00,1.69,17463,United Kingdom,False
556279,21754,HOME BUILDING BLOCK WORD,2,2011-06-09 19:55:00,5.95,14562,United Kingdom,False
565289,22456,NATURAL SLATE CHALKBOARD LARGE,9,2011-09-02 11:43:00,4.95,14911,EIRE,False
541870,20676,RED RETROSPOT BOWL,5,2011-01-24 09:39:00,2.46,,United Kingdom,False
546780,22626,BLACK KITCHEN SCALES,48,2011-03-17 07:40:00,7.65,12435,Denmark,False
557776,22917,HERB MARKER ROSEMARY,12,2011-06-22 15:07:00,0.65,14422,United Kingdom,False
555009,82484,WOOD BLACK BOARD ANT WHITE FINISH,12,2011-05-31 10:32:00,6.75,17340,United Kingdom,False
577078,22457,NATURAL SLATE HEART CHALKBOARD,1,2011-11-17 15:17:00,5.79,,United Kingdom,False
580678,23141,TRIPLE WIRE HOOK PINK HEART,1,2011-12-05 14:49:00,0.79,18015,United Kingdom,False
577646,35818P,"ACRYLIC JEWEL ICICLE, PINK",36,2011-11-21 10:39:00,0.38,13189,United Kingdom,False
573375,22489,PACK OF 12 TRADITIONAL CRAYONS,24,2011-10-30 13:42:00,0.42,15521,United Kingdom,False
546388,21211,SET OF 72 SKULL PAPER  DOILIES,2,2011-03-11 13:43:00,3.75,,United Kingdom,False
559163,23202,JUMBO BAG VINTAGE LEAF,2,2011-07-06 16:33:00,4.13,,United Kingdom,False
545717,20886,BOX OF 9 PEBBLE CANDLES,1,2011-03-07 10:15:00,4.13,,United Kingdom,False
574590,22585,PACK OF 6 BIRDY GIFT TAGS,6,2011-11-06 10:44:00,1.25,18077,United Kingdom,False
546136,22699,ROSES REGENCY TEACUP AND SAUCER,2,2011-03-09 16:32:00,5.79,,United Kingdom,False
579274,22489,PACK OF 12 TRADITIONAL CRAYONS,24,2011-11-29 10:01:00,0.42,13467,United Kingdom,False
559052,23250,VINTAGE RED TRIM ENAMEL BOWL,1,2011-07-05 16:53:00,2.46,,United Kingdom,False
552315,23256,CHILDRENS CUTLERY SPACEBOY,4,2011-05-08 16:10:00,4.15,12700,France,False
553521,22362,GLASS JAR PEACOCK BATH SALTS,1,2011-05-17 14:35:00,0.0,,United Kingdom,False
C570487,CRUK,CRUK COMMISSION,-1,2011-10-10 17:12:00,411.92,14096,United Kingdom,True
537638,22977,DOLLY GIRL CHILDRENS EGG CUP,1,2010-12-07 15:28:00,2.51,,United Kingdom,False
565841,22422,TOOTHPASTE TUBE PEN,1,2011-09-07 12:04:00,1.25,,United Kingdom,False
560434,21811,HANGING HEART WITH BELL,1,2011-07-18 15:56:00,2.46,,United Kingdom,False
560777,20713,JUMBO BAG OWLS,2,2011-07-21 09:30:00,4.13,,United Kingdom,False
580511,22727,ALARM CLOCK BAKELIKE RED,8,2011-12-04 13:54:00,3.75,12560,Germany,False
539434,22726,ALARM CLOCK BAKELIKE GREEN,3,2010-12-17 14:41:00,7.62,,United Kingdom,False
551315,21907,I'M ON HOLIDAY METAL SIGN,12,2011-04-27 15:08:00,2.1,17725,United Kingdom,False
541696,22481,BLACK TEA TOWEL CLASSIC DESIGN,1,2011-01-20 18:08:00,0.83,,United Kingdom,False
538351,22081,RIBBON REEL FLORA + FAUNA,1,2010-12-10 15:17:00,4.21,,United Kingdom,False
539739,21175,GIN + TONIC DIET METAL SIGN,1,2010-12-21 15:19:00,4.21,,United Kingdom,False
572284,23292,SPACEBOY CHILDRENS CUP,4,2011-10-23 12:08:00,1.25,16744,United Kingdom,False
573261,22197,POPCORN HOLDER,1992,2011-10-28 12:32:00,0.72,17949,United Kingdom,False
548521,20752,BLUE POLKADOT WASHING UP GLOVES,6,2011-03-31 16:41:00,2.1,17735,United Kingdom,False
544201,85040a,S/4 PINK FLOWER CANDLES IN BOWL,1,2011-02-17 10:11:00,3.29,,United Kingdom,False
551883,23155,KNICKERBOCKERGLORY MAGNET ASSORTED,96,2011-05-05 09:15:00,0.72,13762,United Kingdom,False
569030,22365,DOORMAT RESPECTABLE HOUSE,40,2011-09-30 10:27:00,8.0,17450,United Kingdom,False
580697,22081,RIBBON REEL FLORA + FAUNA,5,2011-12-05 16:05:00,1.65,15984,United Kingdom,False
548893,22133,PINK LOVE HEART SHAPE CUP,1,2011-04-04 15:54:00,1.63,,United Kingdom,False
541094,82578,KITCHEN METAL SIGN,2,2011-01-13 13:36:00,0.55,13246,United Kingdom,False
549522,22356,CHARLOTTE BAG PINK POLKADOT,10,2011-04-08 15:34:00,0.85,16873,United Kingdom,False
552532,21917,SET 12 KIDS  WHITE CHALK STICKS,24,2011-05-10 09:39:00,0.42,15615,United Kingdom,False
548666,22584,PACK OF 6 PANNETONE GIFT BOXES,6,2011-04-01 14:58:00,2.55,13124,United Kingdom,False
547248,21986,PACK OF 12 PINK POLKADOT TISSUES,4,2011-03-22 09:23:00,0.83,,United Kingdom,False
570011,22470,HEART OF WICKER LARGE,6,2011-10-07 09:44:00,2.95,16477,United Kingdom,False
550470,21094,SET/6 RED SPOTTY PAPER PLATES,9,2011-04-18 13:49:00,0.83,,United Kingdom,False
570672,22393,PAPERWEIGHT VINTAGE COLLAGE,6,2011-10-11 14:52:00,2.55,12536,France,False
540353,22425,ENAMEL COLANDER CREAM,1,2011-01-06 14:53:00,4.95,13764,United Kingdom,False
567626,22427,ENAMEL FLOWER JUG CREAM,12,2011-09-21 12:56:00,5.45,15311,United Kingdom,False
537434,20973,12 PENCIL SMALL TUBE WOODLAND,4,2010-12-06 16:57:00,1.28,,United Kingdom,False
579433,23118,PARISIENNE JEWELLERY DRAWER,2,2011-11-29 13:15:00,7.5,17466,United Kingdom,False
580367,22617,BAKING SET SPACEBOY DESIGN,1,2011-12-02 16:39:00,10.79,,United Kingdom,False
574082,23501,KEY RING BASEBALL BOOT UNION JACK,20,2011-11-02 16:37:00,1.25,16205,United Kingdom,False
581217,21993,FLORAL FOLK STATIONERY SET,6,2011-12-08 09:20:00,2.46,,United Kingdom,False
562039,20726,LUNCH BAG WOODLAND,10,2011-08-02 09:55:00,1.65,12593,France,False
580754,22738,RIBBON REEL SNOWY VILLAGE,2,2011-12-06 10:05:00,4.13,,United Kingdom,False
572306,82581,TOILET METAL SIGN,1,2011-10-23 15:11:00,0.55,17841,United Kingdom,False
576463,21932,SCANDINAVIAN PAISLEY PICNIC BAG,3,2011-11-15 11:37:00,1.65,17974,United Kingdom,False
577768,16254,TRANSPARENT ACRYLIC TAPE DISPENSER,2,2011-11-21 15:18:00,1.63,,United Kingdom,False
570108,23204,CHARLOTTE BAG APPLES DESIGN,10,2011-10-07 12:25:00,0.85,13004,United Kingdom,False
565378,23206,LUNCH BAG APPLE DESIGN,1,2011-09-02 15:16:00,5.63,,United Kingdom,False
558625,22651,GENTLEMAN SHIRT REPAIR KIT,12,2011-06-30 17:29:00,0.85,14132,United Kingdom,False
538177,20780,BLACK EAR MUFF HEADPHONES,1,2010-12-10 09:51:00,11.02,,United Kingdom,False
572549,85199S,SMALL HANGING IVORY/RED WOOD BIRD,2,2011-10-24 17:03:00,0.83,,United Kingdom,False
540524,22720,SET OF 3 CAKE TINS PANTRY DESIGN,3,2011-01-09 12:53:00,4.95,16735,United Kingdom,False
578433,22728,ALARM CLOCK BAKELIKE PINK,4,2011-11-24 12:21:00,3.75,17671,United Kingdom,False
569555,22191,IVORY DINER WALL CLOCK,2,2011-10-05 08:17:00,8.5,17728,United Kingdom,False
548984,85049C,ROMANTIC PINKS RIBBONS,1,2011-04-05 12:37:00,1.25,14546,United Kingdom,False
545327,22284,HEN HOUSE DECORATION,6,2011-03-01 15:16:00,1.65,13166,United Kingdom,False
549100,21484,CHICK GREY HOT WATER BOTTLE,1,2011-04-06 11:14:00,8.29,,United Kingdom,False
551301,21671,RED SPOT CERAMIC DRAWER KNOB,12,2011-04-27 14:49:00,1.25,17675,United Kingdom,False
575875,22698,PINK REGENCY TEACUP AND SAUCER,3,2011-11-11 13:06:00,5.79,,United Kingdom,False
560434,21790,VINTAGE SNAP CARDS,1,2011-07-18 15:56:00,1.63,,United Kingdom,False
546884,22295,HEART FILIGREE DOVE LARGE,1,2011-03-17 18:08:00,3.29,,United Kingdom,False
558835,21216,"SET 3 RETROSPOT TEA,COFFEE,SUGAR",1,2011-07-04 11:58:00,10.79,,United Kingdom,False
578078,22138,BAKING SET 9 PIECE RETROSPOT,3,2011-11-22 16:24:00,4.95,12586,Italy,False
564838,22897,OVEN MITT APPLES DESIGN,1,2011-08-30 12:43:00,3.29,,United Kingdom,False
548565,21937,STRAWBERRY   PICNIC BAG,5,2011-04-01 10:23:00,2.95,16180,United Kingdom,False
540568,22649,STRAWBERRY FAIRY CAKE TEAPOT,1,2011-01-10 11:22:00,4.95,15039,United Kingdom,False
558709,22329,ROUND CONTAINER SET OF 5 RETROSPOT,2,2011-07-01 13:02:00,1.65,17338,United Kingdom,False
568236,21791,VINTAGE HEADS AND TAILS CARD GAME,12,2011-09-26 11:49:00,1.25,12820,United Kingdom,False
581219,22791,T-LIGHT GLASS FLUTED ANTIQUE,9,2011-12-08 09:28:00,2.46,,United Kingdom,False
564342,23156,SET OF 5 MINI GROCERY MAGNETS,3,2011-08-24 14:53:00,2.08,16340,United Kingdom,False
575739,23389,SPACEBOY MINI BACKPACK,1,2011-11-11 09:05:00,8.29,,United Kingdom,False
573153,22553,PLASTERS IN TIN SKULLS,48,2011-10-28 07:39:00,1.65,12678,France,False
576364,23531,WALL ART BIG LOVE,1,2011-11-14 17:40:00,6.95,15009,United Kingdom,False
576840,23306,SET OF 36 PANTRY PAPER DOILIES,2,2011-11-16 15:23:00,2.92,,United Kingdom,False
562264,22131,FOOD CONTAINER SET 3 LOVE HEART,1,2011-08-03 16:14:00,4.13,,United Kingdom,False
543013,21985,PACK OF 12 HEARTS DESIGN TISSUES,1,2011-02-02 13:35:00,0.83,,United Kingdom,False
577480,23014,GLASS APOTHECARY BOTTLE ELIXIR,3,2011-11-20 11:37:00,3.95,14525,United Kingdom,False
540672,22960,JAM MAKING SET WITH JARS,6,2011-01-10 15:51:00,4.25,15281,United Kingdom,False
542624,84559a,3D SHEET OF DOG STICKERS,1,2011-01-31 09:48:00,1.66,,United Kingdom,False
559337,22366,DOORMAT AIRMAIL,1,2011-07-07 16:27:00,15.79,,United Kingdom,False
547397,84660c,PINK STITCHED WALL CLOCK,1,2011-03-22 16:55:00,7.46,,United Kingdom,False
545721,21931,JUMBO STORAGE BAG SUKI,10,2011-03-07 10:52:00,1.95,15039,United Kingdom,False
567901,DOT,DOTCOM POSTAGE,1,2011-09-22 16:28:00,175.6,,United Kingdom,False
579147,23211,RED ROCKING HORSE HAND PAINTED,5,2011-11-28 13:20:00,1.25,13263,United Kingdom,False
577521,22564,ALPHABET STENCIL CRAFT,3,2011-11-20 13:23:00,1.25,16411,United Kingdom,False
552640,23203,JUMBO BAG DOILEY PATTERNS,1,2011-05-10 13:19:00,2.08,17841,United Kingdom,False
566075,20932,PINK POT PLANT CANDLE,12,2011-09-09 09:03:00,2.95,16173,United Kingdom,False
563835,20713,JUMBO BAG OWLS,10,2011-08-19 12:53:00,2.08,13242,United Kingdom,False
579286,23084,RABBIT NIGHT LIGHT,2,2011-11-29 10:57:00,2.08,17772,United Kingdom,False
567293,22191,IVORY DINER WALL CLOCK,2,2011-09-19 12:01:00,8.5,12640,France,False
570638,84952C,MIRROR LOVE BIRD T-LIGHT HOLDER,3,2011-10-11 12:36:00,3.75,17888,United Kingdom,False
547650,20728,LUNCH BAG CARS BLUE,2,2011-03-24 12:08:00,1.65,17059,United Kingdom,False
568590,20992,JAZZ HEARTS PURSE NOTEBOOK,24,2011-09-28 10:29:00,0.39,13126,United Kingdom,False
573348,21824,PAINTED METAL STAR WITH HOLLY BELLS,4,2011-10-30 12:27:00,0.39,14487,United Kingdom,False
568531,22572,ROCKING HORSE GREEN CHRISTMAS,6,2011-09-27 13:49:00,0.85,16713,United Kingdom,False
539737,21257,VICTORIAN SEWING BOX MEDIUM,4,2010-12-21 15:19:00,16.13,,United Kingdom,False
561028,23300,GARDENERS KNEELING PAD CUP OF TEA,6,2011-07-24 11:06:00,1.65,17769,United Kingdom,False
572859,21591,COSY HOUR CIGAR BOX MATCHES,3,2011-10-26 12:39:00,1.25,16418,United Kingdom,False
545687,22983,CARD BILLBOARD FONT,12,2011-03-06 12:20:00,0.42,17769,United Kingdom,False
574342,22959,WRAP CHRISTMAS VILLAGE,25,2011-11-04 10:10:00,0.42,13447,United Kingdom,False
558902,21174,POTTERING IN THE SHED METAL SIGN,12,2011-07-04 16:08:00,2.08,13001,United Kingdom,False
562031,21260,FIRST AID TIN,2,2011-08-01 17:37:00,3.25,16984,United Kingdom,False
545653,21313,GLASS HEART T-LIGHT HOLDER,96,2011-03-04 13:39:00,0.64,15311,United Kingdom,False
571212,23407,SET OF 2 TRAYS HOME SWEET HOME,1,2011-10-14 12:53:00,9.95,12856,United Kingdom,False
547370,22558,CLOTHES PEGS RETROSPOT PACK 24,2,2011-03-22 13:32:00,1.49,14711,United Kingdom,False
549165,35815P,,-63,2011-04-06 17:20:00,0.0,,United Kingdom,False
579694,22197,POPCORN HOLDER,35,2011-11-30 14:11:00,1.63,,United Kingdom,False
555949,23103,JINGLE BELL HEART DECORATION,24,2011-06-08 10:50:00,1.65,16626,United Kingdom,False
537773,85123A,WHITE HANGING HEART T-LIGHT HOLDER,1,2010-12-08 12:36:00,2.95,16016,United Kingdom,False
567474,22897,OVEN MITT APPLES DESIGN,2,2011-09-20 12:53:00,1.45,13448,United Kingdom,False
581439,23524,WALL ART HORSE & PONY,1,2011-12-08 16:30:00,7.46,,United Kingdom,False
536598,21422,PORCELAIN ROSE SMALL,16,2010-12-02 07:48:00,0.85,13090,United Kingdom,False
560924,22960,JAM MAKING SET WITH JARS,72,2011-07-22 09:01:00,3.75,15061,United Kingdom,False
574561,22601,CHRISTMAS RETROSPOT ANGEL WOOD,2,2011-11-04 15:52:00,1.63,,United Kingdom,False
545318,22586,FELTCRAFT HAIRBAND PINK AND BLUE,24,2011-03-01 14:26:00,0.85,14676,United Kingdom,False
536544,21892,TRADITIONAL WOODEN CATCH CUP GAME,3,2010-12-01 14:32:00,2.51,,United Kingdom,False
548968,22386,JUMBO BAG PINK POLKADOT,20,2011-04-05 10:58:00,2.08,12744,Singapore,False
564734,22720,SET OF 3 CAKE TINS PANTRY DESIGN,2,2011-08-28 13:32:00,4.95,12484,Spain,False
565421,21212,PACK OF 72 RETROSPOT CAKE CASES,1,2011-09-04 12:10:00,0.55,16744,United Kingdom,False
567077,84997D,CHILDRENS CUTLERY POLKADOT PINK,1,2011-09-16 12:34:00,4.15,18122,United Kingdom,False
581114,21257,VICTORIAN SEWING BOX MEDIUM,1,2011-12-07 12:19:00,7.95,14527,United Kingdom,False
537868,22095,LADS ONLY TISSUE BOX,12,2010-12-08 16:49:00,1.25,12433,Norway,False
560500,84849D,HOT BATHS SOAP HOLDER,3,2011-07-19 11:08:00,1.69,17975,United Kingdom,False
566912,23302,KNEELING MAT HOUSEWORK  DESIGN,12,2011-09-15 14:05:00,1.65,14367,United Kingdom,False
578844,22666,RECIPE BOX PANTRY YELLOW DESIGN,3,2011-11-25 16:14:00,5.79,,United Kingdom,False
575637,21908,CHOCOLATE THIS WAY METAL SIGN,1,2011-11-10 13:46:00,2.1,16904,United Kingdom,False
564360,23309,SET OF 60 I LOVE LONDON CAKE CASES,24,2011-08-24 16:13:00,0.55,12471,Germany,False
550440,21977,PACK OF 60 PINK PAISLEY CAKE CASES,48,2011-04-18 12:25:00,0.55,12407,Belgium,False
559064,22744,MAKE YOUR OWN MONSOON CARD KIT,6,2011-07-06 10:15:00,2.95,15673,United Kingdom,False
539958,85087,CANDY SPOT CUSHION COVER,5,2010-12-23 13:26:00,3.36,,United Kingdom,False
575943,85032A,ROMANTIC IMAGES GIFT WRAP SET,6,2011-11-13 11:44:00,0.65,17920,United Kingdom,False
563833,22899,CHILDREN'S APRON DOLLY GIRL,6,2011-08-19 12:49:00,2.1,14755,United Kingdom,False
576200,23451,SQUARE MINI PORTRAIT FRAME,6,2011-11-14 12:14:00,1.95,15572,United Kingdom,False
539408,20973,12 PENCIL SMALL TUBE WOODLAND,24,2010-12-17 12:56:00,0.65,12720,Germany,False
569524,23511,EMBROIDERED RIBBON REEL EMILY,2,2011-10-04 14:42:00,2.08,14506,United Kingdom,False
557494,75049L,LARGE CIRCULAR MIRROR MOBILE,1,2011-06-20 15:19:00,2.46,,United Kingdom,False
546092,47599B,BLUE PARTY BAGS,6,2011-03-09 11:54:00,2.1,17138,United Kingdom,False
540418,37446,MINI CAKE STAND WITH HANGING CAKES,2,2011-01-07 11:04:00,3.36,,United Kingdom,False
554372,82482,WOODEN PICTURE FRAME WHITE FINISH,6,2011-05-24 10:50:00,2.55,13842,United Kingdom,False
558538,51014L,"FEATHER PEN,LIGHT PINK",12,2011-06-30 12:12:00,0.39,15005,United Kingdom,False
553134,23159,SET OF 5 PANCAKE DAY MAGNETS,12,2011-05-13 12:50:00,2.08,15382,United Kingdom,False
577695,21034,REX CASH+CARRY JUMBO SHOPPER,1,2011-11-21 11:55:00,0.95,15645,United Kingdom,False
558262,21385,IVORY HANGING DECORATION  HEART,288,2011-06-28 08:45:00,0.72,14646,Netherlands,False
544214,84692,BOX OF 24 COCKTAIL PARASOLS,13,2011-02-17 11:19:00,1.63,,United Kingdom,False
576329,20971,PINK BLUE FELT CRAFT TRINKET BOX,2,2011-11-14 15:22:00,2.46,,United Kingdom,False
568912,22051,BLUE SCANDINAVIAN PAISLEY WRAP,25,2011-09-29 13:45:00,0.42,17528,United Kingdom,False
570488,22619,SET OF 6 SOLDIER SKITTLES,4,2011-10-10 17:12:00,7.46,14096,United Kingdom,False
580904,22678,FRENCH BLUE METAL DOOR SIGN 3,1,2011-12-06 12:59:00,1.25,15311,United Kingdom,False
550282,22138,BAKING SET 9 PIECE RETROSPOT,6,2011-04-15 13:56:00,4.95,16686,United Kingdom,False
572186,23101,SILVER STARS TABLE DECORATION,12,2011-10-21 10:55:00,0.83,16497,United Kingdom,False
564440,21172,PARTY METAL SIGN,12,2011-08-25 12:13:00,1.45,13928,United Kingdom,False
553730,22791,T-LIGHT GLASS FLUTED ANTIQUE,144,2011-05-19 07:49:00,1.06,16525,United Kingdom,False
547383,21250,SET OF SKULL WALL STICKERS,6,2011-03-22 15:42:00,2.95,12613,Germany,False
565235,23089,GLASS BON BON JAR,12,2011-09-02 09:43:00,1.65,13418,United Kingdom,False
578270,85049A,TRADITIONAL CHRISTMAS RIBBONS,6,2011-11-23 13:39:00,2.46,14096,United Kingdom,False
569241,22491,PACK OF 12 COLOURED PENCILS,12,2011-10-03 09:30:00,0.85,14488,United Kingdom,False
541948,22957,SET 3 PAPER VINTAGE CHICK PAPER EGG,2,2011-01-24 12:00:00,2.95,15820,United Kingdom,False
575623,23202,JUMBO BAG VINTAGE LEAF,1,2011-11-10 13:14:00,2.08,14064,United Kingdom,False
556237,21993,FLORAL FOLK STATIONERY SET,1,2011-06-09 15:34:00,2.46,,United Kingdom,False
572812,23427,STOOL HOME SWEET HOME,1,2011-10-26 11:19:00,12.5,15089,United Kingdom,False
540468,22481,BLACK TEA TOWEL CLASSIC DESIGN,1,2011-01-07 13:55:00,0.85,,United Kingdom,False
578307,23296,SET OF 6 TEA TIME BAKING CASES,2,2011-11-23 15:53:00,1.25,17290,United Kingdom,False
579508,21813,GARLAND WITH STARS AND BELLS,5,2011-11-29 16:33:00,3.29,,United Kingdom,False
570983,23313,VINTAGE CHRISTMAS BUNTING,3,2011-10-13 11:57:00,4.95,14963,United Kingdom,False
548670,21770,OPEN CLOSED METAL SIGN,1,2011-04-01 15:37:00,4.95,15356,United Kingdom,False
567183,22615,PACK OF 12 CIRCUS PARADE TISSUES,12,2011-09-18 15:32:00,0.39,14769,United Kingdom,False
569847,23367,SET 12 COLOUR PENCILS SPACEBOY,16,2011-10-06 13:45:00,0.65,14116,United Kingdom,False
537818,84378,SET OF 3 HEART COOKIE CUTTERS,12,2010-12-08 13:53:00,1.25,12766,Portugal,False
576617,46776F,WOVEN ROSE GARDEN CUSHION COVER,1,2011-11-15 16:57:00,4.13,,United Kingdom,False
580059,22197,POPCORN HOLDER,50,2011-12-01 13:22:00,0.85,17768,United Kingdom,False
577358,85169B,BLACK LOVE BIRD CANDLE,2,2011-11-18 15:59:00,2.46,,United Kingdom,False
547910,82583,HOT BATHS METAL SIGN,2,2011-03-28 12:23:00,2.1,14159,United Kingdom,False
555728,21987,PACK OF 6 SKULL PAPER CUPS,5,2011-06-06 16:41:00,0.65,17252,United Kingdom,False
552278,22982,PANTRY PASTRY BRUSH,2,2011-05-08 12:36:00,1.25,15059,United Kingdom,False
561636,20970,PINK FLORAL FELTCRAFT SHOULDER BAG,12,2011-07-28 14:36:00,3.75,12910,United Kingdom,False
552949,22151,PLACE SETTING WHITE HEART,24,2011-05-12 12:01:00,0.42,16033,United Kingdom,False
565857,22558,CLOTHES PEGS RETROSPOT PACK 24,12,2011-09-07 14:13:00,1.65,14911,EIRE,False
540646,85199S,SMALL HANGING IVORY/RED WOOD BIRD,4,2011-01-10 14:32:00,0.85,,United Kingdom,False
555936,22328,ROUND SNACK BOXES SET OF 4 FRUITS,6,2011-06-08 09:16:00,2.95,12567,France,False
578541,22625,RED KITCHEN SCALES,2,2011-11-24 15:01:00,8.5,14277,France,False
573885,22689,HAD BEEN PUT ASIDE,40,2011-11-01 13:26:00,0.0,,United Kingdom,False
C553533,22770,MIRROR CORNICE,-1,2011-05-17 15:13:00,14.95,17612,United Kingdom,True
572897,22077,6 RIBBONS RUSTIC CHARM,1,2011-10-26 14:42:00,4.13,,United Kingdom,False
581219,22963,JAM JAR WITH GREEN LID,3,2011-12-08 09:28:00,1.63,,United Kingdom,False
575867,23343,JUMBO BAG VINTAGE CHRISTMAS,3,2011-11-11 12:44:00,2.08,15034,United Kingdom,False
573492,21990,MODERN FLORAL STATIONERY SET,1,2011-10-31 11:57:00,1.25,13544,United Kingdom,False
564849,22179,SET 10 NIGHT OWL LIGHTS,2,2011-08-30 15:42:00,6.75,17675,United Kingdom,False
575487,22430,ENAMEL WATERING CAN CREAM,4,2011-11-09 17:11:00,4.95,15450,United Kingdom,False
536464,22988,SOLDIERS EGG CUP,1,2010-12-01 12:23:00,1.25,17968,United Kingdom,False
569544,85204,HANGING WOOD AND FELT FLOWER,1,2011-10-04 16:33:00,0.42,,United Kingdom,False
567183,22398,MAGNETS PACK OF 4 SWALLOWS,12,2011-09-18 15:32:00,0.39,14769,United Kingdom,False
546982,85199S,SMALL HANGING IVORY/RED WOOD BIRD,1,2011-03-18 12:26:00,0.42,15483,United Kingdom,False
540977,84968E,SET OF 16 VINTAGE BLACK CUTLERY,4,2011-01-12 15:01:00,8.47,,United Kingdom,False
547850,85130D,BEADED CRYSTAL HEART PINK LARGE,2,2011-03-27 12:06:00,1.65,14472,United Kingdom,False
552855,21914,BLUE HARMONICA IN BOX,240,2011-05-11 15:17:00,1.06,15815,United Kingdom,False
565416,22819,"BIRTHDAY CARD, RETRO SPOT",12,2011-09-04 12:00:00,0.42,12710,Germany,False
550513,23077,DOUGHNUT LIP GLOSS,40,2011-04-18 16:37:00,1.25,16928,United Kingdom,False
555649,21912,VINTAGE SNAKES & LADDERS,4,2011-06-06 13:47:00,3.75,15386,United Kingdom,False
552544,22661,CHARLOTTE BAG DOLLY GIRL DESIGN,10,2011-05-10 10:29:00,0.85,13320,United Kingdom,False
541846,22795,SWEETHEART RECIPE BOOK STAND,2,2011-01-23 12:43:00,6.75,13050,United Kingdom,False
569918,20749,ASSORTED COLOUR MINI CASES,2,2011-10-06 17:03:00,7.95,15766,United Kingdom,False
539249,22781,GUMBALL MAGAZINE RACK,4,2010-12-16 13:43:00,7.65,14709,United Kingdom,False
541698,15060B,FAIRY CAKE DESIGN UMBRELLA,3,2011-01-20 19:16:00,3.75,14713,United Kingdom,False
538354,21866,UNION JACK FLAG LUGGAGE TAG,12,2010-12-10 15:45:00,1.25,16873,United Kingdom,False
552229,22440,BALLOON WATER BOMB PACK OF 35,1,2011-05-06 15:40:00,0.83,,United Kingdom,False
567297,20983,12 PENCILS TALL TUBE RED RETROSPOT,12,2011-09-19 12:27:00,0.85,15594,United Kingdom,False
579187,23318,BOX OF 6 MINI VINTAGE CRACKERS,1,2011-11-28 15:31:00,4.96,,United Kingdom,False
540642,22669,RED BABY BUNTING,5,2011-01-10 13:22:00,2.95,12681,France,False
563558,22720,SET OF 3 CAKE TINS PANTRY DESIGN,3,2011-08-17 13:40:00,4.95,14156,EIRE,False
549300,20867,PINK ROSE FABRIC MIRROR,12,2011-04-08 08:21:00,1.25,13362,United Kingdom,False
566048,22609,PENS ASSORTED SPACEBALL,36,2011-09-08 14:21:00,0.19,16558,United Kingdom,False
550346,23206,LUNCH BAG APPLE DESIGN,10,2011-04-18 09:31:00,1.65,16639,United Kingdom,False
575070,23424,GINGHAM RECIPE BOOK BOX,1,2011-11-08 12:58:00,4.95,17841,United Kingdom,False
552037,21212,PACK OF 72 RETROSPOT CAKE CASES,24,2011-05-05 19:48:00,0.55,13450,United Kingdom,False
560732,22616,PACK OF 12 LONDON TISSUES,12,2011-07-20 14:55:00,0.29,14056,United Kingdom,False
544089,21756,BATH BUILDING BLOCK WORD,1,2011-02-15 17:51:00,11.63,,United Kingdom,False
578949,84970L,SINGLE HEART ZINC T-LIGHT HOLDER,1,2011-11-27 14:30:00,1.25,14954,United Kingdom,False
561513,21555,CERAMIC STRAWBERRY TRINKET TRAY,1,2011-07-27 15:12:00,2.46,,United Kingdom,False
578781,22734,SET OF 6 RIBBONS VINTAGE CHRISTMAS,1,2011-11-25 11:54:00,2.89,15872,United Kingdom,False
573264,23203,JUMBO BAG VINTAGE DOILY,4,2011-10-28 12:36:00,2.08,14415,United Kingdom,False
564219,20676,RED RETROSPOT BOWL,72,2011-08-24 09:30:00,1.06,16422,United Kingdom,False
544795,22564,ALPHABET STENCIL CRAFT,1,2011-02-23 13:21:00,1.25,15858,United Kingdom,False
579187,22818,CARD CHRISTMAS VILLAGE,2,2011-11-28 15:31:00,0.42,,United Kingdom,False
580051,85150,LADIES & GENTLEMEN METAL SIGN,6,2011-12-01 12:55:00,2.55,12963,United Kingdom,False
568703,23005,TRAVEL CARD WALLET I LOVE LONDON,10,2011-09-28 15:21:00,0.42,12748,United Kingdom,False
557938,21933,PINK VINTAGE PAISLEY PICNIC BAG,1,2011-06-23 15:35:00,2.46,,United Kingdom,False
544162,22289,HANGING METAL CHICKEN DECORATION,3,2011-02-16 13:00:00,1.25,14959,United Kingdom,False
538368,21723,ALPHABET HEARTS STICKER SHEET,1,2010-12-12 10:57:00,0.85,15503,United Kingdom,False
552229,21640,ASSORTED TUTTI FRUTTI  FOB NOTEBOOK,1,2011-05-06 15:40:00,1.63,,United Kingdom,False
578347,22817,CARD SUKI BIRTHDAY,5,2011-11-24 09:26:00,0.42,,United Kingdom,False
581133,22266,EASTER DECORATION HANGING BUNNY,64,2011-12-07 12:55:00,0.19,14904,United Kingdom,False
579938,23350,ROLL WRAP VINTAGE SPOT,12,2011-12-01 10:18:00,1.25,14146,United Kingdom,False
578833,23311,VINTAGE CHRISTMAS STOCKING,6,2011-11-25 15:23:00,4.96,,United Kingdom,False
561100,22023,EMPIRE BIRTHDAY CARD,12,2011-07-25 11:01:00,0.42,15289,United Kingdom,False
539453,21992,VINTAGE PAISLEY STATIONERY SET,5,2010-12-17 17:08:00,2.51,,United Kingdom,False
566094,22363,GLASS JAR MARMALADE,1,2011-09-09 10:42:00,2.95,17965,United Kingdom,False
576148,22578,WOODEN STAR CHRISTMAS SCANDINAVIAN,24,2011-11-14 10:50:00,0.29,15671,United Kingdom,False
549573,21626,VINTAGE UNION JACK PENNANT,2,2011-04-10 16:01:00,1.95,14504,United Kingdom,False
563922,23297,SET 40 HEART SHAPE PETIT FOUR CASES,1,2011-08-21 14:10:00,1.65,14529,United Kingdom,False
552662,22501,PICNIC BASKET WICKER LARGE,1,2011-05-10 15:04:00,20.79,,United Kingdom,False
548714,11001,ASSTD DESIGN RACING CAR PEN,16,2011-04-03 15:07:00,1.69,17337,United Kingdom,False
537434,85176,SEWING SUSAN 21 NEEDLE SET,2,2010-12-06 16:57:00,1.66,,United Kingdom,False
563248,22077,6 RIBBONS RUSTIC CHARM,3,2011-08-15 11:30:00,1.65,14702,United Kingdom,False
557265,22467,GUMBALL COAT RACK,36,2011-06-19 11:10:00,2.1,13097,United Kingdom,False
544684,22845,VINTAGE CREAM CAT FOOD CONTAINER,1,2011-02-22 16:32:00,12.46,,United Kingdom,False
548194,21212,PACK OF 72 RETROSPOT CAKE CASES,2,2011-03-29 15:30:00,1.25,,United Kingdom,False
578266,21980,PACK OF 12 RED RETROSPOT TISSUES,1,2011-11-23 13:34:00,0.39,12748,United Kingdom,False
581019,23202,JUMBO BAG VINTAGE LEAF,10,2011-12-07 10:11:00,2.08,14794,United Kingdom,False
555199,22241,GARLAND WOODEN HAPPY EASTER,1,2011-06-01 12:05:00,1.25,14606,United Kingdom,False
567529,21481,FAWN BLUE HOT WATER BOTTLE,4,2011-09-21 09:22:00,3.75,18236,United Kingdom,False
569015,20981,12 PENCILS TALL TUBE WOODLAND,12,2011-09-30 09:20:00,0.85,13575,United Kingdom,False
571179,M,MANUAL,1,2011-10-14 10:42:00,40.0,15482,United Kingdom,False
559162,22031,BOTANICAL LAVENDER BIRTHDAY CARD,4,2011-07-06 16:29:00,0.42,,United Kingdom,False
577106,22531,MAGIC DRAWING SLATE CIRCUS PARADE,1,2011-11-17 17:18:00,0.42,14456,United Kingdom,False
580677,22695,WICKER WREATH SMALL,2,2011-12-05 14:40:00,0.59,16200,United Kingdom,False
547663,22375,AIRLINE BAG VINTAGE JET SET BROWN,3,2011-03-24 13:16:00,4.25,16022,United Kingdom,False
546656,22386,JUMBO BAG PINK POLKADOT,9,2011-03-15 14:19:00,4.13,,United Kingdom,False
547705,22382,LUNCH BAG SPACEBOY DESIGN,1,2011-03-24 18:20:00,1.65,14056,United Kingdom,False
545460,47559B,TEA TIME OVEN GLOVE,2,2011-03-02 17:33:00,1.25,13230,United Kingdom,False
579185,23045,PAPER LANTERN 5 POINT STAR MOON,24,2011-11-28 15:28:00,4.15,13188,United Kingdom,False
543097,22133,PINK LOVE HEART SHAPE CUP,2,2011-02-03 11:41:00,1.63,,United Kingdom,False
572282,21232,STRAWBERRY CERAMIC TRINKET BOX,2,2011-10-23 11:39:00,1.25,17634,United Kingdom,False
569234,21716,BOYS VINTAGE TIN SEASIDE BUCKET,1,2011-10-02 15:33:00,2.55,17841,United Kingdom,False
580520,21914,BLUE HARMONICA IN BOX,2,2011-12-04 14:55:00,1.25,13521,United Kingdom,False
579097,23313,VINTAGE CHRISTMAS BUNTING,15,2011-11-28 11:11:00,4.95,13758,United Kingdom,False
569481,23351,ROLL WRAP 50'S CHRISTMAS,12,2011-10-04 12:43:00,1.25,15255,United Kingdom,False
542406,22654,DELUXE SEWING KIT,1,2011-01-27 16:13:00,5.95,17757,United Kingdom,False
545301,21242,RED RETROSPOT PLATE,8,2011-03-01 12:26:00,1.69,12679,France,False
575687,22736,RIBBON REEL MAKING SNOWMEN,30,2011-11-10 16:03:00,1.65,16126,United Kingdom,False
573291,84029E,RED WOOLLY HOTTIE WHITE HEART.,4,2011-10-28 14:51:00,4.25,16554,United Kingdom,False
568054,85032D,YULETIDE IMAGES GIFT WRAP SET,12,2011-09-23 12:50:00,0.65,16978,United Kingdom,False
538917,22585,PACK OF 6 BIRDY GIFT TAGS,2,2010-12-15 10:57:00,1.25,17449,United Kingdom,False
566481,20713,JUMBO BAG OWLS,300,2011-09-13 09:33:00,1.79,15769,United Kingdom,False
555507,23108,SET OF 10 LED DOLLY LIGHTS,8,2011-06-03 16:39:00,6.25,16186,United Kingdom,False
567507,22086,PAPER CHAIN KIT 50'S CHRISTMAS,4,2011-09-20 14:46:00,6.63,,United Kingdom,False
565865,23290,SPACEBOY CHILDRENS BOWL,8,2011-09-07 15:07:00,1.25,12637,France,False
547841,21136,PAINTED METAL PEARS ASSORTED,19,2011-03-27 11:02:00,1.69,16923,United Kingdom,False
550458,84596F,SMALL MARSHMALLOWS PINK BOWL,2,2011-04-18 13:13:00,0.83,,United Kingdom,False
569685,23340,VINTAGE CHRISTMAS CAKE FRILL,42,2011-10-05 14:47:00,1.65,16758,United Kingdom,False
578551,23378,PACK OF 12 50'S CHRISTMAS TISSUES,12,2011-11-24 15:05:00,0.39,12937,United Kingdom,False
560782,23244,ROUND STORAGE TIN VINTAGE LEAF,6,2011-07-21 10:10:00,1.95,14769,United Kingdom,False
559488,21080,SET/20 RED RETROSPOT PAPER NAPKINS,2,2011-07-08 13:52:00,2.46,,United Kingdom,False
569239,22423,REGENCY CAKESTAND 3 TIER,16,2011-10-03 08:30:00,10.95,14644,United Kingdom,False
543010,85062,PEARL CRYSTAL PUMPKIN T-LIGHT HLDR,12,2011-02-02 13:16:00,1.65,18250,United Kingdom,False
576844,23252,VINTAGE RED ENAMEL TRIM JUG,4,2011-11-16 15:33:00,3.75,16713,United Kingdom,False
567670,84970S,HANGING HEART ZINC T-LIGHT HOLDER,2,2011-09-21 15:32:00,2.08,,United Kingdom,False
574444,23371,SET 36 COLOUR PENCILS SPACEBOY,3,2011-11-04 11:41:00,1.25,18122,United Kingdom,False
C550358,22501,PICNIC BASKET WICKER LARGE,-4,2011-04-18 10:37:00,8.5,13113,United Kingdom,True
568539,23184,BULL DOG BOTTLE OPENER,4,2011-09-27 14:07:00,4.95,13016,United Kingdom,False
538177,22549,PICTURE DOMINOES,1,2010-12-10 09:51:00,3.36,,United Kingdom,False
554665,21830,ASSORTED CREEPY CRAWLIES,24,2011-05-25 14:44:00,0.42,14336,United Kingdom,False
563073,22748,POPPY'S PLAYHOUSE KITCHEN,6,2011-08-11 15:56:00,2.1,18235,United Kingdom,False
565202,21098,CHRISTMAS TOILET ROLL,3,2011-09-01 16:44:00,1.25,14482,United Kingdom,False
578018,22500,SET OF 2 TINS JARDIN DE PROVENCE,1,2011-11-22 13:08:00,4.95,15311,United Kingdom,False
547205,23008,DOLLY GIRL BABY GIFT SET,1,2011-03-21 14:00:00,16.95,16558,United Kingdom,False
538877,20718,RED RETROSPOT SHOPPER BAG,22,2010-12-14 15:29:00,3.36,,United Kingdom,False
576590,22842,BISCUIT TIN VINTAGE RED,12,2011-11-15 14:30:00,5.95,16240,United Kingdom,False
540550,21843,RED RETROSPOT CAKE STAND,1,2011-01-10 09:11:00,10.95,12539,Spain,False
563854,21123,SET/10 IVORY POLKADOT PARTY CANDLES,24,2011-08-19 15:24:00,1.25,12364,Belgium,False
541987,21746,SMALL RED RETROSPOT WINDMILL,6,2011-01-24 16:05:00,1.25,14130,United Kingdom,False
562166,16235,RECYCLED PENCIL WITH RABBIT ERASER,60,2011-08-03 12:10:00,0.21,13209,United Kingdom,False
552852,22721,SET OF 3 CAKE TINS SKETCHBOOK,1,2011-05-11 15:08:00,4.95,16712,United Kingdom,False
563166,23170,REGENCY TEA PLATE ROSES,24,2011-08-12 12:37:00,1.65,18092,United Kingdom,False
574484,23293,SET OF 12 FAIRY CAKE BAKING CASES,8,2011-11-04 12:50:00,0.83,14388,United Kingdom,False
576889,21588,RETROSPOT GIANT TUBE MATCHES,4,2011-11-16 17:24:00,2.55,12748,United Kingdom,False
549681,21181,PLEASE ONE PERSON METAL SIGN,12,2011-04-11 13:19:00,2.1,13881,United Kingdom,False
571945,23493,VINTAGE DOILY TRAVEL SEWING KIT,100,2011-10-20 10:34:00,1.95,17354,United Kingdom,False
560772,21137,BLACK RECORD COVER FRAME,1,2011-07-20 16:12:00,7.46,,United Kingdom,False
551810,21928,JUMBO BAG SCANDINAVIAN BLUE PAISLEY,3,2011-05-04 11:32:00,2.08,15719,United Kingdom,False
551564,22779,WOODEN OWLS LIGHT GARLAND,4,2011-05-03 10:56:00,4.25,16609,United Kingdom,False
566491,22178,VICTORIAN GLASS HANGING T-LIGHT,12,2011-09-13 10:25:00,1.95,14060,United Kingdom,False
566603,20717,STRAWBERRY SHOPPER BAG,1,2011-09-13 16:12:00,2.46,,United Kingdom,False
573904,23156,SET OF 5 MINI GROCERY MAGNETS,4,2011-11-01 14:54:00,2.08,14505,United Kingdom,False
569414,21668,RED STRIPE CERAMIC DRAWER KNOB,18,2011-10-04 10:11:00,2.46,,United Kingdom,False
563021,22993,SET OF 4 PANTRY JELLY MOULDS,8,2011-08-11 13:25:00,1.25,18077,United Kingdom,False
566602,23322,LARGE WHITE HEART OF WICKER,1,2011-09-13 16:05:00,5.79,,United Kingdom,False
561073,23170,REGENCY TEA PLATE ROSES,12,2011-07-24 15:46:00,1.65,13408,United Kingdom,False
550283,21870,I CAN ONLY PLEASE ONE PERSON MUG,12,2011-04-15 14:05:00,1.25,18094,United Kingdom,False
575875,22934,BAKING MOULD EASTER EGG WHITE CHOC,1,2011-11-11 13:06:00,5.79,,United Kingdom,False
567656,22687,DOORMAT CHRISTMAS VILLAGE,1,2011-09-21 14:40:00,16.63,14096,United Kingdom,False
564484,20711,JUMBO BAG TOYS,3,2011-08-25 13:46:00,2.08,13634,United Kingdom,False
570211,22866,HAND WARMER SCOTTY DOG DESIGN,1,2011-10-09 11:15:00,2.1,13558,United Kingdom,False
573508,84968F,SET OF 16 VINTAGE SKY BLUE CUTLERY,1,2011-10-31 12:11:00,12.75,12552,Italy,False
573323,22728,ALARM CLOCK BAKELIKE PINK,3,2011-10-30 10:54:00,3.75,15708,United Kingdom,False
574477,23329,DECORATIVE WICKER HEART LARGE,8,2011-11-04 12:21:00,1.65,15453,United Kingdom,False
552530,22908,PACK OF 20 NAPKINS RED APPLES,12,2011-05-10 08:58:00,0.85,13055,United Kingdom,False
551603,22417,PACK OF 60 SPACEBOY CAKE CASES,24,2011-05-03 11:34:00,0.55,16745,United Kingdom,False
571931,21205,MULTICOLOUR 3D BALLS GARLAND,1,2011-10-19 16:59:00,4.96,,United Kingdom,False
536755,22838,3 TIER CAKE TIN RED AND CREAM,1,2010-12-02 14:14:00,14.95,,United Kingdom,False
544481,84978,HANGING HEART JAR T-LIGHT HOLDER,12,2011-02-21 10:36:00,1.25,18155,United Kingdom,False
553035,22429,ENAMEL MEASURING JUG CREAM,1,2011-05-12 20:13:00,4.25,17337,United Kingdom,False
554280,22961,JAM MAKING SET PRINTED,12,2011-05-23 13:35:00,1.45,14817,United Kingdom,False
578247,22731,3D CHRISTMAS STAMPS STICKERS,4,2011-11-23 12:39:00,1.25,14581,United Kingdom,False
573035,21166,COOK WITH WINE METAL SIGN,12,2011-10-27 13:43:00,2.08,12433,Norway,False
537645,DOT,DOTCOM POSTAGE,1,2010-12-07 15:34:00,607.96,,United Kingdom,False
560257,22144,CHRISTMAS CRAFT LITTLE FRIENDS,12,2011-07-17 13:25:00,2.1,13340,United Kingdom,False
559672,22064,PINK DOUGHNUT TRINKET POT,4,2011-07-11 14:04:00,1.65,14796,United Kingdom,False
579777,23393,HOME SWEET HOME CUSHION COVER,3,2011-11-30 15:13:00,10.79,,United Kingdom,False
539586,22473,TV DINNER TRAY VINTAGE PAISLEY,8,2010-12-20 13:08:00,1.95,14298,United Kingdom,False
564305,21210,SET OF 72 RETROSPOT PAPER  DOILIES,12,2011-08-24 12:20:00,1.45,14875,United Kingdom,False
581219,21822,GLITTER CHRISTMAS TREE WITH BELLS,2,2011-12-08 09:28:00,1.63,,United Kingdom,False
569781,84945,MULTI COLOUR SILVER T-LIGHT HOLDER,192,2011-10-06 11:38:00,0.72,13199,United Kingdom,False
543828,21446,12 RED ROSE PEG PLACE SETTINGS,12,2011-02-14 09:45:00,1.25,14156,EIRE,False
552853,22900,SET 2 TEA TOWELS I LOVE LONDON,1,2011-05-11 15:13:00,3.25,16712,United Kingdom,False
568328,21942,SKULLS DESIGN FLANNEL,12,2011-09-26 14:06:00,0.85,18016,United Kingdom,False
543345,90173,PAIR BUTTERFLY HAIR CLIPS,1,2011-02-07 12:29:00,3.73,,United Kingdom,False
580983,72799C,PINK PILLAR CANDLE SILVER FLOCK,1,2011-12-06 16:26:00,5.79,,United Kingdom,False
558993,22995,TRAVEL CARD WALLET SUKI,24,2011-07-05 11:49:00,0.42,16729,United Kingdom,False
563429,23203,JUMBO BAG VINTAGE DOILY,10,2011-08-16 11:48:00,2.08,13999,United Kingdom,False
548745,23183,MOTHER'S KITCHEN SPOON REST,6,2011-04-04 12:10:00,3.75,12471,Germany,False
573038,23196,VINTAGE LEAF MAGNETIC NOTEPAD,2,2011-10-27 13:48:00,1.45,17545,United Kingdom,False
544598,22698,PINK REGENCY TEACUP AND SAUCER,1,2011-02-21 18:10:00,5.79,,United Kingdom,False
540463,POST,POSTAGE,2,2011-01-07 13:13:00,18.0,12489,France,False
538511,21035,SET/2 RED RETROSPOT TEA TOWELS,5,2010-12-12 13:56:00,2.95,13959,United Kingdom,False
553197,21668,RED STRIPE CERAMIC DRAWER KNOB,2,2011-05-15 14:32:00,1.25,17263,United Kingdom,False
562843,22988,SOLDIERS EGG CUP,1,2011-08-09 17:37:00,2.46,,United Kingdom,False
541871,21116,OWL DOORSTOP,1,2011-01-24 09:41:00,8.29,,United Kingdom,False
576339,21832,CHOCOLATE CALCULATOR,1,2011-11-14 15:27:00,3.29,14096,United Kingdom,False
579297,85071C,"CHARLIE+LOLA""EXTREMELY BUSY"" SIGN",1,2011-11-29 11:23:00,1.63,,United Kingdom,False
564670,23252,VINTAGE RED ENAMEL TRIM JUG,4,2011-08-26 15:44:00,3.75,12683,France,False
568650,21880,RED RETROSPOT TAPE,12,2011-09-28 11:56:00,0.65,13505,Switzerland,False
543629,82599,FANNY'S REST STOPMETAL SIGN,1,2011-02-10 15:55:00,4.13,,United Kingdom,False
570244,85049A,TRADITIONAL CHRISTMAS RIBBONS,24,2011-10-09 16:05:00,1.25,14514,United Kingdom,False
541292,22139,RETROSPOT TEA SET CERAMIC 11 PC,3,2011-01-17 13:30:00,4.95,15596,United Kingdom,False
560278,23245,SET OF 3 REGENCY CAKE TINS,2,2011-07-17 15:45:00,4.95,13610,United Kingdom,False
550636,84991,60 TEATIME FAIRY CAKE CASES,1,2011-04-19 15:37:00,1.25,,United Kingdom,False
560780,22077,6 RIBBONS RUSTIC CHARM,1,2011-07-21 09:31:00,4.13,,United Kingdom,False
541596,84536B,FAIRY CAKES NOTEBOOK A7 SIZE,5,2011-01-19 16:19:00,0.42,17602,United Kingdom,False
542084,21156,RETROSPOT CHILDRENS APRON,5,2011-01-25 12:31:00,1.95,14680,United Kingdom,False
572312,23075,PARLOUR CERAMIC WALL HOOK,2,2011-10-23 15:47:00,4.15,15022,United Kingdom,False
576840,21212,PACK OF 72 RETROSPOT CAKE CASES,1,2011-11-16 15:23:00,1.25,,United Kingdom,False
562200,22720,SET OF 3 CAKE TINS PANTRY DESIGN,3,2011-08-03 12:21:00,4.95,17719,United Kingdom,False
551547,47566,PARTY BUNTING,124,2011-05-03 09:44:00,10.79,,United Kingdom,False
550946,22585,PACK OF 6 BIRDY GIFT TAGS,12,2011-04-21 15:52:00,1.25,12708,Germany,False
546896,21080,SET/20 RED RETROSPOT PAPER NAPKINS,2,2011-03-17 18:24:00,1.63,,United Kingdom,False
560385,48187,DOORMAT NEW ENGLAND,1,2011-07-18 12:53:00,7.95,14583,United Kingdom,False
574044,84946,ANTIQUE SILVER T-LIGHT GLASS,24,2011-11-02 13:14:00,1.25,16210,United Kingdom,False
540848,20801,LARGE PINK GLASS SUNDAE DISH,5,2011-01-12 09:26:00,2.51,,United Kingdom,False
548373,84991,60 TEATIME FAIRY CAKE CASES,1,2011-03-30 16:34:00,1.25,,United Kingdom,False
536796,20728,LUNCH BAG CARS BLUE,1,2010-12-02 15:46:00,1.65,15574,United Kingdom,False
574476,23330,DECORATIVE WICKER HEART MEDIUM,2,2011-11-04 12:20:00,1.25,17203,United Kingdom,False
570726,21191,LARGE WHITE HONEYCOMB PAPER BELL,6,2011-10-12 11:32:00,2.1,16607,United Kingdom,False
564052,35954,SMALL FOLKART STAR CHRISTMAS DEC,6,2011-08-22 13:40:00,0.42,15033,United Kingdom,False
571668,82583,HOT BATHS METAL SIGN,12,2011-10-18 13:10:00,2.1,16515,United Kingdom,False
538863,85152,HAND OVER THE CHOCOLATE   SIGN,3,2010-12-14 14:15:00,2.1,16919,United Kingdom,False
580877,20763,DAISY SKETCHBOOK,1,2011-12-06 12:15:00,3.75,17250,United Kingdom,False
565854,22027,TEA PARTY BIRTHDAY CARD,24,2011-09-07 13:22:00,0.42,12490,France,False
580550,22464,HANGING METAL HEART LANTERN,12,2011-12-05 10:00:00,0.79,13126,United Kingdom,False
546569,22857,ASSORTED EASTER GIFT TAGS,12,2011-03-15 10:53:00,0.85,14016,EIRE,False
547223,21791,VINTAGE HEADS AND TAILS CARD GAME,2,2011-03-21 15:10:00,1.25,12867,United Kingdom,False
571486,21382,SET/4 SPRING FLOWER DECORATION,24,2011-10-17 14:59:00,0.75,17612,United Kingdom,False
570187,84598,BOYS ALPHABET IRON ON PATCHES,5,2011-10-07 15:09:00,0.42,,United Kingdom,False
554094,23100,SILVER BELLS TABLE DECORATION,1,2011-05-22 12:49:00,1.25,15716,United Kingdom,False
580731,84006,MAGIC TREE -PAPER FLOWERS,12,2011-12-05 17:36:00,0.85,17383,United Kingdom,False
570184,23176,ABC TREASURE BOOK BOX,8,2011-10-07 14:46:00,2.25,14029,United Kingdom,False
549052,84970S,HANGING HEART ZINC T-LIGHT HOLDER,12,2011-04-06 10:19:00,0.85,17682,United Kingdom,False
574868,22693,GROW A FLYTRAP OR SUNFLOWER IN TIN,24,2011-11-07 12:41:00,1.25,13824,United Kingdom,False
550052,21936,RED RETROSPOT PICNIC BAG,5,2011-04-14 12:00:00,2.95,17068,United Kingdom,False
575911,22801,ANTIQUE GLASS PEDESTAL BOWL,4,2011-11-11 16:13:00,3.75,17314,United Kingdom,False
562955,20669,RED HEART LUGGAGE TAG,5,2011-08-11 10:14:00,2.46,,United Kingdom,False
567184,23122,PARTY CHARMS 50 PIECES,3,2011-09-18 15:41:00,0.83,16033,United Kingdom,False
567631,84945,MULTI COLOUR SILVER T-LIGHT HOLDER,12,2011-09-21 13:33:00,0.85,13350,United Kingdom,False
577331,23221,REINDEER HEART DECORATION SILVER,48,2011-11-18 14:23:00,0.83,14667,United Kingdom,False
573122,22951,60 CAKE CASES DOLLY GIRL DESIGN,3,2011-10-27 16:23:00,0.55,14357,United Kingdom,False
541919,21677,HEARTS  STICKERS,12,2011-01-24 11:35:00,0.85,14334,United Kingdom,False
572549,22212,FOUR HOOK  WHITE LOVEBIRDS,1,2011-10-24 17:03:00,4.13,,United Kingdom,False
574896,23489,VINTAGE BELLS GARLAND,1,2011-11-07 14:51:00,2.89,17014,United Kingdom,False
572755,22930,BAKING MOULD HEART MILK CHOCOLATE,6,2011-10-25 17:31:00,2.55,13601,United Kingdom,False
568805,20978,36 PENCILS TUBE SKULLS,16,2011-09-29 10:55:00,1.25,12826,United Kingdom,False
567334,82494L,WOODEN FRAME ANTIQUE WHITE,6,2011-09-19 14:55:00,2.95,14911,EIRE,False
553535,22697,GREEN REGENCY TEACUP AND SAUCER,6,2011-05-17 15:17:00,2.95,,EIRE,False
576087,20712,JUMBO BAG WOODLAND ANIMALS,10,2011-11-14 08:31:00,2.08,12689,France,False
549023,85094,CANDY SPOT EGG WARMER RABBIT,3,2011-04-05 16:27:00,0.83,,United Kingdom,False
575845,22551,PLASTERS IN TIN SPACEBOY,24,2011-11-11 12:07:00,1.65,12598,France,False
550836,21080,SET/20 RED RETROSPOT PAPER NAPKINS,12,2011-04-21 10:55:00,0.85,14759,United Kingdom,False
538998,22585,PACK OF 6 BIRDY GIFT TAGS,84,2010-12-15 12:08:00,1.25,15061,United Kingdom,False
537346,22809,SET OF 6 T-LIGHTS SANTA,12,2010-12-06 12:21:00,2.95,15301,United Kingdom,False
577485,23311,VINTAGE CHRISTMAS STOCKING,5,2011-11-20 11:56:00,2.55,16360,United Kingdom,False
567901,23113,PANTRY CHOPPING BOARD,1,2011-09-22 16:28:00,10.79,,United Kingdom,False
562024,23286,BLUE VINTAGE SPOT BEAKER,3,2011-08-01 16:07:00,1.63,,United Kingdom,False
574387,23247,BISCUIT TIN 50'S CHRISTMAS,6,2011-11-04 11:04:00,2.89,12944,United Kingdom,False
575583,22411,JUMBO SHOPPER VINTAGE RED PAISLEY,1,2011-11-10 11:55:00,2.08,14456,United Kingdom,False
543989,22331,WOODLAND PARTY BAG + STICKER SET,144,2011-02-15 09:52:00,1.45,12415,Australia,False
553390,22674,FRENCH TOILET SIGN BLUE METAL,3,2011-05-16 16:41:00,1.25,17841,United Kingdom,False
559014,21790,VINTAGE SNAP CARDS,24,2011-07-05 12:53:00,0.85,14262,United Kingdom,False
571039,21902,"KEY FOB , FRONT  DOOR",2,2011-10-13 12:59:00,0.65,16121,United Kingdom,False
560267,22854,CREAM SWEETHEART EGG HOLDER,4,2011-07-17 14:05:00,4.95,13880,United Kingdom,False
560254,22037,ROBOT BIRTHDAY CARD,12,2011-07-17 13:07:00,0.42,16678,United Kingdom,False
552979,35970,,-217,2011-05-12 14:49:00,0.0,,United Kingdom,False
547816,22443,GROW YOUR OWN HERBS SET OF 3,1,2011-03-25 14:30:00,7.95,12748,United Kingdom,False
542621,15060B,FAIRY CAKE DESIGN UMBRELLA,4,2011-01-31 09:05:00,3.75,12528,Germany,False
569244,23111,PARISIENNE SEWING BOX,2,2011-10-03 09:45:00,12.5,13344,United Kingdom,False
564503,84879,ASSORTED COLOUR BIRD ORNAMENT,24,2011-08-25 14:23:00,1.69,13971,United Kingdom,False
537595,22475,SKULL DESIGN TV DINNER TRAY,1,2010-12-07 12:29:00,4.95,13569,United Kingdom,False
577411,23207,LUNCH BAG ALPHABET DESIGN,10,2011-11-20 11:00:00,1.65,17387,United Kingdom,False
561324,37327,ASSTD MULTICOLOUR CIRCLES MUG,48,2011-07-26 13:45:00,0.39,14414,United Kingdom,False
560120,84992,72 SWEETHEART FAIRY CAKE CASES,48,2011-07-15 10:27:00,0.55,14907,United Kingdom,False
557626,21908,CHOCOLATE THIS WAY METAL SIGN,12,2011-06-21 14:29:00,2.1,14175,United Kingdom,False
558390,23199,JUMBO BAG APPLES,20,2011-06-29 10:23:00,2.08,13461,United Kingdom,False
567213,20983,12 PENCILS TALL TUBE RED RETROSPOT,2,2011-09-19 11:04:00,0.85,14684,United Kingdom,False
571669,23356,LOVE HOT WATER BOTTLE,2,2011-10-18 13:11:00,5.95,17758,United Kingdom,False
542239,47578A,ENGLISH ROSE SMALL SCENTED FLOWER,1,2011-01-26 14:35:00,0.85,17786,United Kingdom,False
541837,85159A,"BLACK TEA,COFFEE,SUGAR JARS",12,2011-01-23 10:32:00,1.25,17714,United Kingdom,False
541130,22681,FRENCH BLUE METAL DOOR SIGN 6,2,2011-01-14 10:15:00,2.46,,United Kingdom,False
560723,22273,FELTCRAFT DOLL MOLLY,1,2011-07-20 13:53:00,2.95,16464,United Kingdom,False
566787,21731,RED TOADSTOOL LED NIGHT LIGHT,13,2011-09-15 10:31:00,4.13,,United Kingdom,False
563195,22326,ROUND SNACK BOXES SET OF4 WOODLAND,1,2011-08-12 16:36:00,5.79,,United Kingdom,False
557141,22644,CERAMIC CHERRY CAKE MONEY BANK,12,2011-06-17 09:54:00,1.45,16779,United Kingdom,False
540692,21470,FLOWER VINE RAFFIA FOOD COVER,6,2011-01-11 09:12:00,3.75,14320,United Kingdom,False
555510,22348,TEA BAG PLATE RED RETROSPOT,1,2011-06-03 17:09:00,1.63,,United Kingdom,False
551339,22109,FULL ENGLISH BREAKFAST PLATE,1,2011-04-27 17:18:00,7.46,,United Kingdom,False
579472,21528,DAIRY MAID TRADITIONAL TEAPOT,1,2011-11-29 15:09:00,6.95,13521,United Kingdom,False
580647,21469,POLKA DOT RAFFIA FOOD COVER,1,2011-12-05 13:14:00,3.75,14083,United Kingdom,False
545692,22890,NOVELTY BISCUITS CAKE STAND 3 TIER,2,2011-03-06 12:58:00,9.95,17428,United Kingdom,False
548293,37450,CERAMIC CAKE BOWL + HANGING CAKES,18,2011-03-30 11:51:00,2.55,13798,United Kingdom,False
540372,22936,BAKING MOULD ROSE WHITE CHOCOLATE,6,2011-01-06 16:41:00,3.25,13081,United Kingdom,False
547722,22621,TRADITIONAL KNITTING NANCY,12,2011-03-25 10:19:00,1.45,12553,France,False
569968,23268,SET OF 2 CERAMIC CHRISTMAS REINDEER,6,2011-10-06 18:56:00,1.45,17921,United Kingdom,False
579751,84997a,CHILDRENS CUTLERY POLKADOT GREEN,1,2011-11-30 14:46:00,8.29,,United Kingdom,False
552508,21894,POTTING SHED SEED ENVELOPES,1,2011-05-09 16:27:00,2.46,,United Kingdom,False
575889,21034,REX CASH+CARRY JUMBO SHOPPER,1,2011-11-11 14:09:00,0.95,16433,United Kingdom,False
574959,21991,BOHEMIAN COLLAGE STATIONERY SET,1,2011-11-08 10:09:00,1.25,17886,United Kingdom,False
576840,22154,ANGEL DECORATION 3 BUTTONS,6,2011-11-16 15:23:00,0.83,,United Kingdom,False
570237,21673,WHITE SPOT BLUE CERAMIC DRAWER KNOB,1,2011-10-09 14:48:00,1.45,13212,United Kingdom,False
540185,21725,SWEETIES  STICKERS,5,2011-01-05 13:40:00,0.85,14653,United Kingdom,False
557132,22706,WRAP COWBOYS,50,2011-06-17 08:57:00,0.42,13107,United Kingdom,False
561008,22147,FELTCRAFT BUTTERFLY HEARTS,12,2011-07-22 15:43:00,1.45,18150,United Kingdom,False
573385,23266,SET OF 3 WOODEN STOCKING DECORATION,24,2011-10-30 14:21:00,1.25,13421,United Kingdom,False
539050,20967,GREY FLORAL FELTCRAFT SHOULDER BAG,1,2010-12-15 16:21:00,3.75,12577,France,False
576254,20972,PINK CREAM FELT CRAFT TRINKET BOX,36,2011-11-14 14:02:00,1.25,16422,United Kingdom,False
552332,21844,RED RETROSPOT MUG,6,2011-05-09 10:24:00,2.95,13908,United Kingdom,False
562772,21790,VINTAGE SNAP CARDS,24,2011-08-09 12:07:00,0.85,13097,United Kingdom,False
551997,22026,BANQUET BIRTHDAY  CARD,1,2011-05-05 15:47:00,0.83,,United Kingdom,False
570488,22364,GLASS JAR DIGESTIVE BISCUITS,1,2011-10-10 17:12:00,5.79,14096,United Kingdom,False
550633,82567,"AIRLINE LOUNGE,METAL SIGN",1,2011-04-19 14:57:00,2.1,17449,United Kingdom,False
562282,48116,DOORMAT MULTICOLOUR STRIPE,10,2011-08-04 10:38:00,6.75,13098,United Kingdom,False
557950,23170,REGENCY TEA PLATE ROSES,2,2011-06-23 17:35:00,1.65,17848,United Kingdom,False
552803,21792,CLASSIC FRENCH STYLE BASKET GREEN,2,2011-05-11 12:32:00,3.95,14573,United Kingdom,False
555276,84078A,SET/4 WHITE RETRO STORAGE CUBES,2,2011-06-01 17:28:00,58.29,,United Kingdom,False
566769,23219,LAUREL STAR ANTIQUE SILVER,12,2011-09-15 08:27:00,1.25,18211,United Kingdom,False
546388,22328,ROUND SNACK BOXES SET OF 4 FRUITS,5,2011-03-11 13:42:00,4.13,,United Kingdom,False
579470,21871,SAVE THE PLANET MUG,1,2011-11-29 15:06:00,1.65,16549,United Kingdom,False
571283,85123A,WHITE HANGING HEART T-LIGHT HOLDER,3,2011-10-16 13:51:00,2.95,16533,United Kingdom,False
542535,22661,CHARLOTTE BAG DOLLY GIRL DESIGN,10,2011-01-28 13:37:00,0.85,12735,France,False
552872,48138,DOORMAT UNION FLAG,10,2011-05-12 09:09:00,6.75,16985,United Kingdom,False
572513,21620,SET OF 4 ROSE BOTANICAL CANDLES,2,2011-10-24 14:36:00,1.25,16728,United Kingdom,False
581400,22988,SOLDIERS EGG CUP,7,2011-12-08 13:36:00,1.25,14056,United Kingdom,False
570983,23434,3 RAFFIA RIBBONS 50'S CHRISTMAS,3,2011-10-13 11:57:00,0.79,14963,United Kingdom,False
552878,84828,JUNGLE POPSICLES ICE LOLLY MOULDS,36,2011-05-12 09:54:00,1.25,12625,Germany,False
566305,22065,CHRISTMAS PUDDING TRINKET POT,12,2011-09-12 09:26:00,1.45,14110,United Kingdom,False
574673,23270,SET OF 2 CERAMIC PAINTED HEARTS,2,2011-11-06 12:26:00,1.45,15555,United Kingdom,False
570444,21204,DAISIES  HONEYCOMB GARLAND,3,2011-10-10 14:38:00,1.65,17284,United Kingdom,False
575947,48194,DOORMAT HEARTS,4,2011-11-13 11:50:00,14.13,,United Kingdom,False
546404,22128,PARTY CONES CANDY ASSORTED,120,2011-03-11 15:42:00,1.06,13509,United Kingdom,False
550953,22460,EMBOSSED GLASS TEALIGHT HOLDER,4,2011-04-21 16:17:00,2.46,,United Kingdom,False
568650,20981,12 PENCILS TALL TUBE WOODLAND,24,2011-09-28 11:56:00,0.85,13505,Switzerland,False
558475,23288,GREEN VINTAGE SPOT BEAKER,9,2011-06-29 15:58:00,1.63,,United Kingdom,False
570714,23290,SPACEBOY CHILDRENS BOWL,16,2011-10-12 10:20:00,1.25,13520,Switzerland,False
538524,21175,GIN + TONIC DIET METAL SIGN,3,2010-12-13 09:35:00,4.21,,United Kingdom,False
547444,21164,HOME SWEET HOME METAL SIGN,6,2011-03-23 10:55:00,2.95,12811,Portugal,False
568715,22032,BOTANICAL LILY GREETING CARD,12,2011-09-28 16:07:00,0.42,17783,United Kingdom,False
567668,22078,RIBBON REEL LACE DESIGN,1,2011-09-21 15:29:00,4.13,,United Kingdom,False
571266,22616,PACK OF 12 LONDON TISSUES,12,2011-10-16 11:41:00,0.39,17769,United Kingdom,False
546899,85099B,JUMBO BAG RED RETROSPOT,30,2011-03-17 18:27:00,1.65,14298,United Kingdom,False
573020,23344,JUMBO BAG 50'S CHRISTMAS,10,2011-10-27 12:37:00,2.08,14842,United Kingdom,False
554112,90198B,VINTAGE ROSE BEAD BRACELET BLACK,1,2011-05-22 14:44:00,4.25,17611,United Kingdom,False
568245,22469,HEART OF WICKER SMALL,12,2011-09-26 12:23:00,1.65,13867,United Kingdom,False
539436,16236,KITTY PENCIL ERASERS,1,2010-12-17 14:49:00,0.43,,United Kingdom,False
578347,22129,PARTY CONES CANDY DECORATION,1,2011-11-24 09:26:00,2.46,,United Kingdom,False
566539,23005,TRAVEL CARD WALLET I LOVE LONDON,7,2011-09-13 11:34:00,0.42,17228,United Kingdom,False
546388,84991,60 TEATIME FAIRY CAKE CASES,3,2011-03-11 13:42:00,1.25,,United Kingdom,False
555260,22892,SET OF SALT AND PEPPER TOADSTOOLS,6,2011-06-01 15:34:00,1.25,13263,United Kingdom,False
551134,20725,LUNCH BAG RED RETROSPOT,2,2011-04-26 13:02:00,1.65,16729,United Kingdom,False
552839,22694,WICKER STAR,5,2011-05-11 14:25:00,2.1,14367,United Kingdom,False
559526,23300,GARDENERS KNEELING PAD CUP OF TEA,1,2011-07-10 11:19:00,1.65,15756,United Kingdom,False
555510,22672,FRENCH BATHROOM SIGN BLUE METAL,1,2011-06-03 17:09:00,3.29,,United Kingdom,False
537419,22588,CARD HOLDER GINGHAM HEART,12,2010-12-06 15:14:00,2.55,13495,United Kingdom,False
563030,22675,FRENCH KITCHEN SIGN BLUE METAL,12,2011-08-11 14:36:00,1.25,14834,United Kingdom,False
568193,22111,SCOTTIE DOG HOT WATER BOTTLE,1,2011-09-25 14:37:00,4.95,17107,United Kingdom,False
578833,21329,DINOSAURS  WRITING SET,1,2011-11-25 15:23:00,3.29,,United Kingdom,False
547397,35809a,ENAMEL PINK TEA CONTAINER,1,2011-03-22 16:55:00,4.13,,United Kingdom,False
546651,22456,NATURAL SLATE CHALKBOARD LARGE,1,2011-03-15 14:17:00,9.96,,United Kingdom,False
560049,22273,FELTCRAFT DOLL MOLLY,6,2011-07-14 15:03:00,2.95,14857,United Kingdom,False
553915,21174,POTTERING IN THE SHED METAL SIGN,12,2011-05-19 19:51:00,2.08,18225,United Kingdom,False
543909,84978,HANGING HEART JAR T-LIGHT HOLDER,4,2011-02-14 12:32:00,2.46,,United Kingdom,False
581400,20713,JUMBO BAG OWLS,1,2011-12-08 13:36:00,2.08,14056,United Kingdom,False
562534,21128,GOLD FISHING GNOME,2,2011-08-05 14:49:00,6.95,14031,United Kingdom,False
547918,21090,SET/6 COLLAGE PAPER PLATES,12,2011-03-28 12:49:00,0.85,15249,United Kingdom,False
557409,22916,HERB MARKER THYME,12,2011-06-20 11:34:00,0.65,15410,United Kingdom,False
561222,22709,WRAP WEDDING DAY,25,2011-07-26 09:27:00,0.42,13588,United Kingdom,False
547815,22328,ROUND SNACK BOXES SET OF 4 FRUITS,18,2011-03-25 14:19:00,2.95,13520,Switzerland,False
539044,77101A,UNION FLAG WINDSOCK,4,2010-12-15 15:47:00,1.25,15727,United Kingdom,False
545658,22259,FELT FARM ANIMAL HEN,3,2011-03-04 14:13:00,1.25,14670,United Kingdom,False
547397,21181,PLEASE ONE PERSON METAL SIGN,2,2011-03-22 16:55:00,4.13,,United Kingdom,False
546502,22766,PHOTO FRAME CORNICE,1,2011-03-14 11:46:00,2.95,16005,United Kingdom,False
550470,90187B,GREEN DROP EARRINGS W BEAD CLUSTER,1,2011-04-18 13:49:00,3.32,,United Kingdom,False
555406,22989,SET 2 PANTRY DESIGN TEA TOWELS,3,2011-06-02 19:50:00,3.25,17231,United Kingdom,False
559923,22501,PICNIC BASKET WICKER LARGE,1,2011-07-13 16:07:00,20.79,,United Kingdom,False
562199,23438,RED SPOT GIFT BAG LARGE,20,2011-08-03 12:20:00,1.25,12748,United Kingdom,False
539283,22976,CIRCUS PARADE CHILDRENS EGG CUP,12,2010-12-16 15:47:00,1.25,14092,United Kingdom,False
559289,47566B,TEA TIME PARTY BUNTING,3,2011-07-07 12:22:00,4.95,15719,United Kingdom,False
560504,22908,PACK OF 20 NAPKINS RED APPLES,24,2011-07-19 11:47:00,0.85,13081,United Kingdom,False
545232,84378,SET OF 3 HEART COOKIE CUTTERS,12,2011-03-01 10:19:00,1.25,15676,United Kingdom,False
567975,23033,DRAWER KNOB CERAMIC RED,12,2011-09-23 10:25:00,1.45,17416,United Kingdom,False
565919,21509,COWBOYS AND INDIANS BIRTHDAY CARD,1,2011-09-07 16:48:00,0.83,,United Kingdom,False
551007,22171,3 HOOK PHOTO SHELF ANTIQUE WHITE,2,2011-04-26 09:49:00,16.63,,United Kingdom,False
544911,22800,ANTIQUE TALL SWIRLGLASS TRINKET POT,4,2011-02-24 15:01:00,3.75,16838,United Kingdom,False
553134,23206,LUNCH BAG APPLE DESIGN,10,2011-05-13 12:50:00,1.65,15382,United Kingdom,False
562313,22617,BAKING SET SPACEBOY DESIGN,3,2011-08-04 11:38:00,4.95,14640,United Kingdom,False
537403,22633,HAND WARMER UNION JACK,3,2010-12-06 14:43:00,2.1,17191,United Kingdom,False
572669,22577,WOODEN HEART CHRISTMAS SCANDINAVIAN,7,2011-10-25 13:10:00,0.29,16549,United Kingdom,False
541696,22530,MAGIC DRAWING SLATE DOLLY GIRL,2,2011-01-20 18:08:00,0.83,,United Kingdom,False
568189,23409,PHOTO FRAME LINEN AND LACE LARGE,6,2011-09-25 14:36:00,3.75,14757,United Kingdom,False
571284,22865,HAND WARMER OWL DESIGN,4,2011-10-16 14:07:00,2.1,14562,United Kingdom,False
570872,23115,RED APPLES CHOPPING BOARD,1,2011-10-12 16:40:00,10.79,,United Kingdom,False
536401,21744,SNOWFLAKE PORTABLE TABLE LIGHT,2,2010-12-01 11:21:00,2.95,15862,United Kingdom,False
549525,84978,HANGING HEART JAR T-LIGHT HOLDER,11,2011-04-08 15:44:00,2.46,,United Kingdom,False
558341,85053,FRENCH ENAMEL CANDLEHOLDER,6,2011-06-28 14:20:00,2.1,14741,United Kingdom,False
564856,20754,RETROSPOT RED WASHING UP GLOVES,6,2011-08-31 09:11:00,2.1,12477,Germany,False
577782,22379,RECYCLING BAG RETROSPOT,1,2011-11-21 16:17:00,2.1,16549,United Kingdom,False
566312,84879,ASSORTED COLOUR BIRD ORNAMENT,8,2011-09-12 09:43:00,1.69,16150,United Kingdom,False
560535,82486,WOOD S/3 CABINET ANT WHITE FINISH,2,2011-07-19 12:13:00,8.95,13167,United Kingdom,False
539831,21870,I CAN ONLY PLEASE ONE PERSON MUG,1,2010-12-22 13:17:00,1.25,14606,United Kingdom,False
576067,23203,JUMBO BAG VINTAGE DOILY,20,2011-11-13 15:48:00,2.08,14227,United Kingdom,False
549155,22341,LOVE GARLAND PAINTED ZINC,1,2011-04-06 17:08:00,3.29,,United Kingdom,False
549944,21718,RED METAL BEACH SPADE,12,2011-04-13 12:23:00,1.25,14262,United Kingdom,False
571429,22865,HAND WARMER OWL DESIGN,1,2011-10-17 12:50:00,2.1,15335,United Kingdom,False
554126,84978,HANGING HEART JAR T-LIGHT HOLDER,12,2011-05-23 09:14:00,1.25,12431,Australia,False
538177,22546,MINI JIGSAW PURDEY,1,2010-12-10 09:51:00,0.85,,United Kingdom,False
547358,84997A,CHILDRENS CUTLERY POLKADOT GREEN,1,2011-03-22 12:25:00,4.15,15998,United Kingdom,False
574705,23583,LUNCH BAG PAISLEY PARK,1,2011-11-06 14:06:00,1.65,14553,United Kingdom,False
575983,21035,SET/2 RED RETROSPOT TEA TOWELS,1,2011-11-13 13:45:00,3.25,13379,United Kingdom,False
561508,47566,PARTY BUNTING,20,2011-07-27 14:23:00,4.95,16696,United Kingdom,False
562420,21906,PHARMACIE FIRST AID TIN,1,2011-08-04 16:38:00,13.29,,United Kingdom,False
545464,79302M,"ART LIGHTS,FUNK MONKEY",1,2011-03-03 09:10:00,5.79,,United Kingdom,False
548614,21238,RED RETROSPOT CUP,2,2011-04-01 11:47:00,0.85,14419,United Kingdom,False
561517,23078,ICE CREAM PEN LIP GLOSS,24,2011-07-27 15:17:00,1.25,18226,United Kingdom,False
577033,21916,SET 12 RETRO WHITE CHALK STICKS,1,2011-11-17 13:16:00,0.42,17797,United Kingdom,False
565734,21034,REX CASH+CARRY JUMBO SHOPPER,5,2011-09-06 12:15:00,0.95,17191,United Kingdom,False
563697,21179,NO JUNK MAIL METAL SIGN,5,2011-08-18 13:44:00,0.39,16813,United Kingdom,False
576326,21982,PACK OF 12 SUKI TISSUES,1,2011-11-14 15:18:00,0.39,16504,United Kingdom,False
539437,22487,WHITE WOOD GARDEN PLANT LADDER,1,2010-12-17 14:54:00,20.38,,United Kingdom,False
537638,22084,PAPER CHAIN KIT EMPIRE,3,2010-12-07 15:28:00,5.91,,United Kingdom,False
540681,21930,JUMBO STORAGE BAG SKULLS,2,2011-01-10 16:25:00,4.21,,United Kingdom,False
580727,23090,VINTAGE GLASS T-LIGHT HOLDER,1,2011-12-05 17:17:00,1.63,14096,United Kingdom,False
538051,22356,CHARLOTTE BAG PINK POLKADOT,20,2010-12-09 13:24:00,0.85,18041,United Kingdom,False
556017,21212,PACK OF 72 RETROSPOT CAKE CASES,24,2011-06-08 11:56:00,0.55,15382,United Kingdom,False
544106,22178,VICTORIAN GLASS HANGING T-LIGHT,6,2011-02-16 10:47:00,1.25,14530,United Kingdom,False
538637,22798,ANTIQUE GLASS DRESSING TABLE POT,1,2010-12-13 13:52:00,2.95,17611,United Kingdom,False
580612,85123a,WHITE HANGING HEART T-LIGHT HOLDER,3,2011-12-05 11:58:00,6.63,,United Kingdom,False
556631,21977,PACK OF 60 PINK PAISLEY CAKE CASES,24,2011-06-13 14:59:00,0.55,13080,United Kingdom,False
571705,20978,36 PENCILS TUBE SKULLS,16,2011-10-18 15:22:00,1.25,12360,Austria,False
564057,23244,ROUND STORAGE TIN VINTAGE LEAF,6,2011-08-22 14:20:00,1.95,15296,United Kingdom,False
563019,84970L,SINGLE HEART ZINC T-LIGHT HOLDER,12,2011-08-11 12:58:00,0.95,17340,United Kingdom,False
558475,22090,PAPER BUNTING RETROSPOT,1,2011-06-29 15:58:00,5.79,,United Kingdom,False
562619,22670,FRENCH WC SIGN BLUE METAL,1,2011-08-08 12:34:00,1.25,15311,United Kingdom,False
547649,72741,GRAND CHOCOLATECANDLE,9,2011-03-24 12:02:00,1.45,18118,United Kingdom,False
571713,23234,BISCUIT TIN VINTAGE CHRISTMAS,1,2011-10-18 16:58:00,5.79,,United Kingdom,False
553074,20774,GREEN FERN NOTEBOOK,2,2011-05-13 11:45:00,1.65,15529,United Kingdom,False
547945,22908,PACK OF 20 NAPKINS RED APPLES,12,2011-03-28 14:59:00,0.85,14851,United Kingdom,False
555649,22150,3 STRIPEY MICE FELTCRAFT,6,2011-06-06 13:47:00,1.95,15386,United Kingdom,False
572870,23305,SET 4 PICNIC CUTLERY BLUEBERRY,24,2011-10-26 13:22:00,1.95,13408,United Kingdom,False
565841,23329,DECORATIVE WICKER HEART LARGE,1,2011-09-07 12:04:00,3.29,,United Kingdom,False
554016,22156,HEART DECORATION WITH PEARLS,6,2011-05-20 13:14:00,0.85,13243,United Kingdom,False
569236,22993,SET OF 4 PANTRY JELLY MOULDS,1,2011-10-02 15:49:00,1.25,14432,United Kingdom,False
560225,21871,SAVE THE PLANET MUG,1,2011-07-15 16:27:00,3.29,,United Kingdom,False
564301,22413,METAL SIGN TAKE IT OR LEAVE IT,6,2011-08-24 11:54:00,2.95,14299,United Kingdom,False
551720,85123A,WHITE HANGING HEART T-LIGHT HOLDER,6,2011-05-03 16:35:00,2.95,18146,United Kingdom,False
550636,85131B,BEADED CRYSTAL HEART GREEN ON STICK,2,2011-04-19 15:37:00,0.83,,United Kingdom,False
578703,21446,12 RED ROSE PEG PLACE SETTINGS,2,2011-11-25 11:02:00,1.25,17385,United Kingdom,False
556926,84596F,SMALL MARSHMALLOWS PINK BOWL,1,2011-06-15 14:26:00,0.42,16324,United Kingdom,False
563262,47351B,BLUE  VOILE LAMPSHADE,4,2011-08-15 12:44:00,2.95,15311,United Kingdom,False
558232,21041,RED RETROSPOT OVEN GLOVE DOUBLE,1,2011-06-27 14:30:00,2.95,17841,United Kingdom,False
559052,16216,LETTER SHAPE PENCIL SHARPENER,3,2011-07-05 16:53:00,0.42,,United Kingdom,False
572295,23256,CHILDRENS CUTLERY SPACEBOY,1,2011-10-23 13:49:00,4.15,16686,United Kingdom,False
569670,23187,FRENCH STYLE STORAGE JAR BONBONS,6,2011-10-05 13:47:00,0.29,14730,United Kingdom,False
561223,21723,ALPHABET HEARTS STICKER SHEET,12,2011-07-26 09:51:00,0.85,15358,United Kingdom,False
572037,21500,PINK POLKADOT WRAP,25,2011-10-20 12:07:00,0.42,17365,United Kingdom,False
548733,22960,JAM MAKING SET WITH JARS,6,2011-04-04 10:29:00,4.25,17648,United Kingdom,False
568314,37413,ICON MUG REVOLUTIONARY,18,2011-09-26 12:58:00,0.39,14387,United Kingdom,False
545906,22979,PANTRY WASHING UP BRUSH,12,2011-03-08 09:23:00,1.45,15764,United Kingdom,False
575589,22142,CHRISTMAS CRAFT WHITE FAIRY,12,2011-11-10 12:05:00,1.45,14262,United Kingdom,False
578844,23581,JUMBO BAG PAISLEY PARK,2,2011-11-25 16:14:00,4.13,,United Kingdom,False
552285,20970,PINK FLORAL FELTCRAFT SHOULDER BAG,1,2011-05-08 12:58:00,3.75,14684,United Kingdom,False
578251,85071C,"CHARLIE+LOLA""EXTREMELY BUSY"" SIGN",5,2011-11-23 12:45:00,0.39,15993,United Kingdom,False
550622,22714,CARD BIRTHDAY COWBOY,12,2011-04-19 13:49:00,0.42,13735,United Kingdom,False
539290,22411,JUMBO SHOPPER VINTAGE RED PAISLEY,10,2010-12-16 16:36:00,1.95,16271,United Kingdom,False
556243,21041,RED RETROSPOT OVEN GLOVE DOUBLE,1,2011-06-09 16:07:00,5.79,,United Kingdom,False
562101,23180,MUM'S KITCHEN CLOCK,4,2011-08-02 14:04:00,4.95,13850,United Kingdom,False
558475,20956,PORCELAIN T-LIGHT HOLDERS ASSORTED,8,2011-06-29 15:58:00,2.46,,United Kingdom,False
550017,21171,BATHROOM METAL SIGN,12,2011-04-14 11:07:00,1.45,17865,United Kingdom,False
577807,22776,SWEETHEART 3 TIER CAKE STAND,2,2011-11-22 08:26:00,9.95,15699,United Kingdom,False
565152,21371,MIRRORED WALL ART POPPIES,2,2011-09-01 14:42:00,0.75,17799,United Kingdom,False
568408,23168,CLASSIC CAFE SUGAR DISPENSER,8,2011-09-27 10:40:00,3.29,,United Kingdom,False
537421,22581,WOOD STOCKING CHRISTMAS SCANDISPOT,5,2010-12-06 15:25:00,0.85,17218,United Kingdom,False
571671,22665,RECIPE BOX BLUE SKETCHBOOK DESIGN,4,2011-10-18 13:15:00,2.95,16940,United Kingdom,False
571544,22682,FRENCH BLUE METAL DOOR SIGN 7,3,2011-10-17 16:53:00,1.25,17757,United Kingdom,False
C576903,23485,BOTANICAL GARDENS WALL CLOCK,-1,2011-11-17 09:15:00,25.0,12712,Germany,True
580640,23439,HAND WARMER RED LOVE HEART,1,2011-12-05 12:51:00,2.1,16910,United Kingdom,False
556484,23209,LUNCH BAG DOILEY PATTERN,2,2011-06-12 13:17:00,1.65,16938,United Kingdom,False
550890,22826,LOVE SEAT ANTIQUE WHITE METAL,1,2011-04-21 12:00:00,195.0,14711,United Kingdom,False
552442,84997D,CHILDRENS CUTLERY POLKADOT PINK,2,2011-05-09 13:03:00,4.15,14667,United Kingdom,False
545842,22631,CIRCUS PARADE LUNCH BOX,12,2011-03-07 13:37:00,1.95,15498,United Kingdom,False
551958,22686,FRENCH BLUE METAL DOOR SIGN NO,12,2011-05-05 12:37:00,1.25,13883,United Kingdom,False
541670,22722,SET OF 6 SPICE TINS PANTRY DESIGN,24,2011-01-20 12:34:00,3.45,14911,EIRE,False
575838,22841,ROUND CAKE TIN VINTAGE GREEN,2,2011-11-11 11:38:00,7.95,13999,United Kingdom,False
537642,22699,ROSES REGENCY TEACUP AND SAUCER,2,2010-12-07 15:33:00,5.91,,United Kingdom,False
565201,22185,SLATE TILE NATURAL HANGING,12,2011-09-01 16:41:00,1.65,14907,United Kingdom,False
576695,23084,RABBIT NIGHT LIGHT,3,2011-11-16 12:25:00,2.08,16469,United Kingdom,False
572859,22079,RIBBON REEL HEARTS DESIGN,1,2011-10-26 12:39:00,1.65,16418,United Kingdom,False
571197,22575,METAL MERRY CHRISTMAS WREATH,6,2011-10-14 12:08:00,1.95,16413,United Kingdom,False
552508,21669,BLUE STRIPE CERAMIC DRAWER KNOB,1,2011-05-09 16:27:00,3.29,,United Kingdom,False
575739,84380,SET OF 3 BUTTERFLY COOKIE CUTTERS,1,2011-11-11 09:05:00,2.46,,United Kingdom,False
540821,22660,DOORMAT I LOVE LONDON,1,2011-01-11 13:16:00,14.43,,United Kingdom,False
550213,21232,STRAWBERRY CERAMIC TRINKET BOX,1,2011-04-15 10:42:00,3.29,,United Kingdom,False
566987,23202,JUMBO BAG VINTAGE LEAF,10,2011-09-16 10:56:00,2.08,12476,Germany,False
547358,22990,COTTON APRON PANTRY DESIGN,1,2011-03-22 12:25:00,4.95,15998,United Kingdom,False
563712,22630,DOLLY GIRL LUNCH BOX,12,2011-08-18 15:44:00,1.95,12680,France,False
562389,22564,ALPHABET STENCIL CRAFT,12,2011-08-04 15:55:00,1.25,16531,United Kingdom,False
559921,21156,RETROSPOT CHILDRENS APRON,1,2011-07-13 15:42:00,1.95,13667,United Kingdom,False
563376,22553,PLASTERS IN TIN SKULLS,2,2011-08-16 10:36:00,1.65,15752,United Kingdom,False
564817,22814,CARD PARTY GAMES,2,2011-08-30 12:02:00,0.42,,United Kingdom,False
571247,23437,50'S CHRISTMAS GIFT BAG LARGE,12,2011-10-14 16:04:00,1.25,15826,United Kingdom,False
537135,22531,MAGIC DRAWING SLATE CIRCUS PARADE,1,2010-12-05 12:35:00,0.42,17059,United Kingdom,False
556237,22536,MAGIC DRAWING SLATE PURDEY,3,2011-06-09 15:34:00,0.83,,United Kingdom,False
560412,23206,LUNCH BAG APPLE DESIGN,3,2011-07-18 14:32:00,1.65,12748,United Kingdom,False
577071,84879,ASSORTED COLOUR BIRD ORNAMENT,20,2011-11-17 14:56:00,1.69,13969,United Kingdom,False
575070,22939,ADULT APRON APPLE DELIGHT,1,2011-11-08 12:58:00,4.95,17841,United Kingdom,False
569650,23518,EMBROIDERED RIBBON REEL RACHEL,96,2011-10-05 12:44:00,2.49,12415,Australia,False
569521,23081,GREEN METAL BOX ARMY SUPPLIES,1,2011-10-04 14:33:00,8.25,16474,United Kingdom,False
571441,21155,RED RETROSPOT PEG BAG,1,2011-10-17 13:31:00,4.96,14096,United Kingdom,False
566446,22452,MEASURING TAPE BABUSHKA PINK,1,2011-09-12 15:40:00,1.63,,United Kingdom,False
540469,20727,LUNCH BAG  BLACK SKULL.,6,2011-01-07 14:04:00,1.65,12484,Spain,False
569374,22488,NATURAL SLATE RECTANGLE CHALKBOARD,1,2011-10-03 16:14:00,3.29,,United Kingdom,False
580635,23493,VINTAGE DOILY TRAVEL SEWING KIT,3,2011-12-05 12:30:00,1.95,14649,United Kingdom,False
556082,20717,STRAWBERRY SHOPPER BAG,1,2011-06-08 15:22:00,2.46,,United Kingdom,False
537823,20974,12 PENCILS SMALL TUBE SKULL,2,2010-12-08 14:25:00,1.28,,United Kingdom,False
536587,21098,CHRISTMAS TOILET ROLL,12,2010-12-01 16:33:00,1.25,14142,United Kingdom,False
574830,23373,VINTAGE CHRISTMAS PAPER GIFT BAG,12,2011-11-07 11:21:00,0.82,16053,United Kingdom,False
565396,22437,SET OF 9 BLACK SKULL BALLOONS,1,2011-09-02 16:39:00,1.63,,United Kingdom,False
541516,84952B,BLACK LOVE BIRD T-LIGHT HOLDER,2,2011-01-18 17:34:00,1.63,,United Kingdom,False
567280,22553,PLASTERS IN TIN SKULLS,96,2011-09-19 11:46:00,1.45,14646,Netherlands,False
563444,23152,IVORY SWEETHEART WIRE LETTER RACK,1,2011-08-16 13:50:00,3.75,16033,United Kingdom,False
552670,21035,SET/2 RED RETROSPOT TEA TOWELS,1,2011-05-10 15:06:00,6.25,,United Kingdom,False
560434,84596F,SMALL MARSHMALLOWS PINK BOWL,9,2011-07-18 15:56:00,0.83,,United Kingdom,False
556781,23308,SET OF 60 VINTAGE LEAF CAKE CASES,24,2011-06-14 12:47:00,0.55,13384,United Kingdom,False
545149,22569,FELTCRAFT CUSHION BUTTERFLY,4,2011-02-28 12:19:00,3.75,15062,United Kingdom,False
553881,21892,TRADITIONAL WOODEN CATCH CUP GAME,60,2011-05-19 15:24:00,1.25,16966,United Kingdom,False
542729,84078A,SET/4 WHITE RETRO STORAGE CUBES,1,2011-01-31 15:17:00,39.95,15194,United Kingdom,False
538371,22154,ANGEL DECORATION 3 BUTTONS,10,2010-12-12 11:07:00,0.42,15570,United Kingdom,False
547122,22720,SET OF 3 CAKE TINS PANTRY DESIGN,3,2011-03-21 11:52:00,4.95,17678,United Kingdom,False
548919,22697,GREEN REGENCY TEACUP AND SAUCER,6,2011-04-05 10:18:00,2.95,13013,United Kingdom,False
545150,22805,BLUE DRAWER KNOB ACRYLIC EDWARDIAN,12,2011-02-28 12:27:00,1.25,14227,United Kingdom,False
544812,90206A,GOLD DIAMANTE STAR BROOCH,1,2011-02-23 15:58:00,4.98,,United Kingdom,False
576508,21810,CHRISTMAS HANGING STAR WITH BELL,6,2011-11-15 12:02:00,0.39,17777,United Kingdom,False
577549,22694,WICKER STAR,1,2011-11-20 15:00:00,2.1,17841,United Kingdom,False
555544,23199,JUMBO BAG APPLES,10,2011-06-05 13:05:00,2.08,14621,United Kingdom,False
580393,72351A,SET/6 TURQUOISE BUTTERFLY T-LIGHTS,12,2011-12-04 10:51:00,2.1,16438,United Kingdom,False
561195,22093,MOTORING TISSUE BOX,2,2011-07-25 13:57:00,0.39,14796,United Kingdom,False
551284,47566B,TEA TIME PARTY BUNTING,2,2011-04-27 14:05:00,4.95,15005,United Kingdom,False
574015,23027,DRAWER KNOB VINTAGE GLASS HEXAGON,6,2011-11-02 12:03:00,2.08,15576,United Kingdom,False
548888,84726,,-14,2011-04-04 15:25:00,0.0,,United Kingdom,False
580399,82600,N0 SINGING METAL SIGN,2,2011-12-04 11:45:00,2.1,13471,United Kingdom,False
578149,21115,ROSE CARAVAN DOORSTOP,4,2011-11-23 11:11:00,14.13,,United Kingdom,False
577768,22817,CARD SUKI BIRTHDAY,2,2011-11-21 15:18:00,0.42,,United Kingdom,False
572913,22562,MONSTERS STENCIL CRAFT,2,2011-10-26 16:21:00,1.25,15993,United Kingdom,False
540957,20727,LUNCH BAG  BLACK SKULL.,7,2011-01-12 13:30:00,1.65,15311,United Kingdom,False
551747,37413,ICON MUG REVOLUTIONARY,96,2011-05-04 11:00:00,0.39,14298,United Kingdom,False
573585,22282,12 EGG HOUSE PAINTED WOOD,2,2011-10-31 14:41:00,24.96,,United Kingdom,False
546972,22328,ROUND SNACK BOXES SET OF 4 FRUITS,3,2011-03-18 12:04:00,4.13,,United Kingdom,False
554124,23167,SMALL CERAMIC TOP STORAGE JAR,12,2011-05-23 08:31:00,0.83,13339,United Kingdom,False
543985,84796B,BLUE SAVANNAH PICNIC HAMPER FOR 2,1,2011-02-15 09:44:00,8.29,,United Kingdom,False
552857,82613B,"METAL SIGN,CUPCAKE SINGLE HOOK",1,2011-05-11 15:34:00,2.46,,United Kingdom,False
549977,22730,ALARM CLOCK BAKELIKE IVORY,2,2011-04-13 14:54:00,3.75,14810,United Kingdom,False
573311,22187,GREEN CHRISTMAS TREE CARD HOLDER,2,2011-10-28 16:45:00,1.95,14071,United Kingdom,False
538307,21272,SALLE DE BAIN HOOK,2,2010-12-10 13:27:00,1.25,14667,United Kingdom,False
570672,21648,ASSORTED TUTTI FRUTTI SMALL PURSE,24,2011-10-11 14:52:00,1.25,12536,France,False
579792,22578,WOODEN STAR CHRISTMAS SCANDINAVIAN,24,2011-11-30 15:43:00,0.29,12714,France,False
540182,21790,VINTAGE SNAP CARDS,72,2011-01-05 13:29:00,0.72,14739,United Kingdom,False
580115,22086,PAPER CHAIN KIT 50'S CHRISTMAS,75,2011-12-01 16:22:00,2.55,,United Kingdom,False
565835,23298,SPOTTY BUNTING,1,2011-09-07 11:32:00,4.95,14452,United Kingdom,False
557798,84991,60 TEATIME FAIRY CAKE CASES,24,2011-06-23 09:38:00,0.55,16187,United Kingdom,False
575090,22426,ENAMEL WASH BOWL CREAM,2,2011-11-08 14:04:00,3.75,17515,United Kingdom,False
540482,21695,SMALL SILVER FLOWER CANDLE POT,6,2011-01-07 15:48:00,2.95,14672,United Kingdom,False
552181,22617,BAKING SET SPACEBOY DESIGN,24,2011-05-06 13:36:00,4.25,17381,United Kingdom,False
539215,21135,VICTORIAN  METAL POSTCARD SPRING,8,2010-12-16 12:42:00,1.69,15574,United Kingdom,False
545423,22684,FRENCH BLUE METAL DOOR SIGN 9,10,2011-03-02 14:34:00,1.25,15643,United Kingdom,False
556459,20956,PORCELAIN T-LIGHT HOLDERS ASSORTED,1,2011-06-10 17:25:00,2.46,,United Kingdom,False
543530,72807B,SET/3 OCEAN SCENT CANDLE JEWEL BOX,1,2011-02-09 12:46:00,8.29,,United Kingdom,False
543020,82483,WOOD 2 DRAWER CABINET WHITE FINISH,1,2011-02-02 14:29:00,5.95,15005,United Kingdom,False
574675,23294,SET OF 6 SNACK LOAF BAKING CASES,2,2011-11-06 12:31:00,0.83,17289,United Kingdom,False
543467,37448,CERAMIC CAKE DESIGN SPOTTED MUG,1,2011-02-08 14:35:00,3.29,,United Kingdom,False
577539,21810,CHRISTMAS HANGING STAR WITH BELL,48,2011-11-20 14:24:00,0.39,14547,United Kingdom,False
559898,23321,SMALL WHITE HEART OF WICKER,3,2011-07-13 12:18:00,1.65,16225,United Kingdom,False
548198,22352,LUNCH BOX WITH CUTLERY RETROSPOT,2,2011-03-29 16:05:00,2.55,16712,United Kingdom,False
548612,22855,FINE WICKER HEART,2,2011-04-01 11:34:00,1.25,13137,United Kingdom,False
540704,22761,CHEST 7 DRAWER MA CAMPAGNE,1,2011-01-11 10:04:00,24.95,17742,United Kingdom,False
573405,21167,WHITE SAGE INCENSE,25,2011-10-30 15:55:00,0.21,13822,United Kingdom,False
564733,22136,LOVE HEART SOCK HANGER,1,2011-08-28 13:18:00,1.65,17841,United Kingdom,False
569487,22969,HOMEMADE JAM SCENTED CANDLES,12,2011-10-04 12:55:00,1.45,13351,United Kingdom,False
567482,22118,JOY WOODEN BLOCK LETTERS,1,2011-09-20 13:42:00,4.95,16464,United Kingdom,False
567630,23268,SET OF 2 CERAMIC CHRISTMAS REINDEER,12,2011-09-21 13:24:00,1.45,15737,United Kingdom,False
537237,51014C,"FEATHER PEN,COAL BLACK",1,2010-12-06 09:58:00,1.66,,United Kingdom,False
548312,22499,WOODEN UNION JACK BUNTING,3,2011-03-30 12:12:00,5.95,16059,United Kingdom,False
545216,90175A,WHITE GLASS CHUNKY CHARM BRACELET,1,2011-02-28 16:50:00,9.15,,United Kingdom,False
542109,21212,PACK OF 72 RETROSPOT CAKE CASES,28,2011-01-25 13:44:00,2.08,,United Kingdom,False
555923,23052,RECYCLED ACAPULCO MAT TURQUOISE,1,2011-06-07 17:09:00,16.63,,United Kingdom,False
564974,22446,PIN CUSHION BABUSHKA PINK,4,2011-08-31 15:32:00,2.46,,United Kingdom,False
578844,23300,GARDENERS KNEELING PAD CUP OF TEA,3,2011-11-25 16:14:00,3.29,,United Kingdom,False
539654,21870,I CAN ONLY PLEASE ONE PERSON MUG,24,2010-12-20 17:05:00,1.25,17340,United Kingdom,False
566518,22456,NATURAL SLATE CHALKBOARD LARGE,3,2011-09-13 11:24:00,4.95,17779,United Kingdom,False
559043,21935,SUKI  SHOULDER BAG,3,2011-07-05 15:35:00,4.13,,United Kingdom,False
555626,85123A,WHITE HANGING HEART T-LIGHT HOLDER,12,2011-06-06 11:55:00,2.95,16103,United Kingdom,False
546441,22371,AIRLINE BAG VINTAGE TOKYO 78,12,2011-03-14 10:36:00,3.95,15159,United Kingdom,False
559305,84949,SILVER HANGING T-LIGHT HOLDER,6,2011-07-07 12:56:00,1.65,17892,United Kingdom,False
541965,22556,PLASTERS IN TIN CIRCUS PARADE,12,2011-01-24 13:27:00,1.65,12625,Germany,False
550527,21484,CHICK GREY HOT WATER BOTTLE,8,2011-04-19 10:48:00,3.45,12476,Germany,False
572880,21619,4 VANILLA BOTANICAL CANDLES,2,2011-10-26 13:35:00,1.25,16415,United Kingdom,False
541592,22478,BIRDHOUSE GARDEN MARKER,1,2011-01-19 15:08:00,2.46,,United Kingdom,False
558087,16254,TRANSPARENT ACRYLIC TAPE DISPENSER,12,2011-06-26 12:04:00,0.85,17323,United Kingdom,False
545340,22605,WOODEN CROQUET GARDEN SET,2,2011-03-02 08:41:00,14.95,15416,United Kingdom,False
545046,22111,SCOTTIE DOG HOT WATER BOTTLE,3,2011-02-27 11:42:00,4.95,16598,United Kingdom,False
580351,23084,RABBIT NIGHT LIGHT,12,2011-12-02 15:55:00,2.08,12962,United Kingdom,False
545416,22078,RIBBON REEL LACE DESIGN,15,2011-03-02 13:35:00,2.1,17770,United Kingdom,False
575331,20719,WOODLAND CHARLOTTE BAG,10,2011-11-09 13:52:00,0.85,13209,United Kingdom,False
547964,22178,VICTORIAN GLASS HANGING T-LIGHT,10,2011-03-28 15:45:00,2.46,,United Kingdom,False
558198,22781,GUMBALL MAGAZINE RACK,1,2011-06-27 12:49:00,7.65,14104,United Kingdom,False
558247,72807B,SET/3 OCEAN SCENT CANDLE JEWEL BOX,3,2011-06-27 16:46:00,4.25,14167,United Kingdom,False
576837,23377,PACK OF 12 DOLLY GIRL TISSUES,10,2011-11-16 15:16:00,0.83,,United Kingdom,False
577768,23004,TRAVEL CARD WALLET PANTRY,1,2011-11-21 15:18:00,0.83,,United Kingdom,False
577167,23241,TREASURE TIN GYMKHANA DESIGN,1,2011-11-18 10:41:00,2.08,16511,United Kingdom,False
566891,23293,SET OF 12 FAIRY CAKE BAKING CASES,8,2011-09-15 13:51:00,0.83,14894,United Kingdom,False
554950,21786,POLKADOT RAIN HAT,24,2011-05-27 14:48:00,0.42,14227,United Kingdom,False
559422,22419,LIPSTICK PEN RED,12,2011-07-08 12:00:00,0.42,12553,France,False
577951,85034C,3 ROSE MORRIS BOXED CANDLES,12,2011-11-22 12:09:00,1.25,17238,United Kingdom,False
553843,22352,LUNCH BOX WITH CUTLERY RETROSPOT,6,2011-05-19 12:29:00,2.55,12553,France,False
561926,23306,SET OF 36 DOILIES PANTRY DESIGN,12,2011-08-01 12:48:00,1.45,12749,United Kingdom,False
558200,22523,CHILDS GARDEN FORK PINK,2,2011-06-27 13:00:00,0.85,15976,United Kingdom,False
567653,15060B,FAIRY CAKE DESIGN UMBRELLA,4,2011-09-21 14:35:00,3.75,12550,Spain,False
555556,21891,TRADITIONAL WOODEN SKIPPING ROPE,1,2011-06-05 14:04:00,1.45,15704,United Kingdom,False
551289,21984,PACK OF 12 PINK PAISLEY TISSUES,24,2011-04-27 14:18:00,0.29,18226,United Kingdom,False
537136,21980,PACK OF 12 RED RETROSPOT TISSUES,12,2010-12-05 12:42:00,0.29,12748,United Kingdom,False
575935,21875,KINGS CHOICE MUG,24,2011-11-13 11:20:00,1.25,17838,United Kingdom,False
545302,84806A,PINK CANDYSTUFT ARTIFICIAL FLOWER,2,2011-03-01 12:46:00,1.45,14506,United Kingdom,False
563954,22730,ALARM CLOCK BAKELIKE IVORY,8,2011-08-22 10:59:00,3.75,16652,United Kingdom,False
580088,23344,JUMBO BAG 50'S CHRISTMAS,10,2011-12-01 14:30:00,2.08,17115,United Kingdom,False
564855,22945,CHRISTMAS METAL TAGS ASSORTED,144,2011-08-31 09:10:00,0.72,16746,United Kingdom,False
539451,85152,HAND OVER THE CHOCOLATE   SIGN,3,2010-12-17 16:59:00,4.21,,United Kingdom,False
571158,21738,COSY SLIPPER SHOES SMALL  RED,3,2011-10-14 10:25:00,2.95,14606,United Kingdom,False
549546,47566,PARTY BUNTING,3,2011-04-10 11:24:00,4.95,16889,United Kingdom,False
566443,23079,TOADSTOOL BEDSIDE LIGHT,2,2011-09-12 15:31:00,8.95,17071,United Kingdom,False
571372,23559,WOODLAND BUNNIES LOLLY MAKERS,1,2011-10-17 11:55:00,2.08,17201,United Kingdom,False
573096,22965,3 TRADITIONAL BISCUIT CUTTERS  SET,6,2011-10-27 14:40:00,2.1,14004,United Kingdom,False
555924,20898,VINTAGE NOTEBOOK TRAVELOGUE,1,2011-06-07 17:12:00,2.46,,United Kingdom,False
547719,22382,LUNCH BAG SPACEBOY DESIGN,10,2011-03-25 10:05:00,1.65,14404,United Kingdom,False
554512,84596B,SMALL DOLLY MIX DESIGN ORANGE BOWL,2,2011-05-24 15:54:00,0.83,,United Kingdom,False
560504,21755,LOVE BUILDING BLOCK WORD,3,2011-07-19 11:47:00,5.95,13081,United Kingdom,False
567580,23323,WHITE WICKER STAR,12,2011-09-21 11:10:00,2.1,16493,United Kingdom,False
558861,85185B,PINK HORSE SOCK PUPPET,6,2011-07-04 12:19:00,2.95,13373,United Kingdom,False
578827,22312,OFFICE MUG WARMER POLKADOT,16,2011-11-25 14:25:00,2.46,,United Kingdom,False
563691,23265,SET OF 3 WOODEN TREE DECORATIONS,3,2011-08-18 12:53:00,1.25,13668,United Kingdom,False
558362,22625,RED KITCHEN SCALES,24,2011-06-28 15:14:00,7.65,16029,United Kingdom,False
557846,16161U,WRAP SUKI AND FRIENDS,25,2011-06-23 10:44:00,0.42,17365,United Kingdom,False
581217,90158,ST TROPEZ NECKLACE,1,2011-12-08 09:20:00,4.98,,United Kingdom,False
576618,22748,POPPY'S PLAYHOUSE KITCHEN,1,2011-11-15 17:00:00,4.13,,United Kingdom,False
571280,22189,CREAM HEART CARD HOLDER,4,2011-10-16 13:08:00,3.95,18122,United Kingdom,False
538566,20724,RED RETROSPOT CHARLOTTE BAG,3,2010-12-13 11:21:00,1.66,,United Kingdom,False
555572,20665,RED RETROSPOT PURSE,6,2011-06-05 15:37:00,2.95,12449,Belgium,False
568705,23301,GARDENERS KNEELING PAD KEEP CALM,48,2011-09-28 15:31:00,1.45,14434,United Kingdom,False
577152,22908,PACK OF 20 NAPKINS RED APPLES,12,2011-11-18 09:53:00,0.85,14277,France,False
537643,79067,CORONA MEXICAN TRAY,1,2010-12-07 15:34:00,7.62,,United Kingdom,False
545853,84950,ASSORTED COLOUR T-LIGHT HOLDER,12,2011-03-07 13:50:00,0.65,16517,United Kingdom,False
548011,22244,3 HOOK HANGER MAGIC GARDEN,96,2011-03-29 11:14:00,1.65,14646,Netherlands,False
573876,21975,PACK OF 60 DINOSAUR CAKE CASES,2,2011-11-01 12:48:00,0.55,16360,United Kingdom,False
579297,23354,6 GIFT TAGS 50'S CHRISTMAS,5,2011-11-29 11:23:00,1.63,,United Kingdom,False
539750,20966,SANDWICH BATH SPONGE,4,2010-12-21 15:40:00,2.51,,United Kingdom,False
575339,22752,SET 7 BABUSHKA NESTING BOXES,3,2011-11-09 14:29:00,8.5,15555,United Kingdom,False
546896,20733,GOLD MINI TAPE MEASURE,1,2011-03-17 18:24:00,0.83,,United Kingdom,False
547250,17084P,DRAGONS BLOOD INCENSE,1,2011-03-22 09:30:00,0.42,,United Kingdom,False
548267,22060,LARGE CAKE STAND HANGING HEARTS,16,2011-03-30 11:32:00,3.95,16954,United Kingdom,False
563206,82578,KITCHEN METAL SIGN,5,2011-08-14 12:08:00,0.55,17613,United Kingdom,False
537640,22367,CHILDRENS APRON SPACEBOY DESIGN,15,2010-12-07 15:31:00,5.06,,United Kingdom,False
567892,85123A,WHITE HANGING HEART T-LIGHT HOLDER,12,2011-09-22 15:51:00,2.95,15394,United Kingdom,False
581492,22763,KEY CABINET MA CAMPAGNE,1,2011-12-09 10:03:00,19.96,,United Kingdom,False
570872,22418,10 COLOUR SPACEBOY PEN,1,2011-10-12 16:40:00,1.63,,United Kingdom,False
537666,22464,HANGING METAL HEART LANTERN,3,2010-12-07 18:36:00,3.36,,United Kingdom,False
575610,20727,LUNCH BAG  BLACK SKULL.,10,2011-11-10 12:45:00,1.65,16628,United Kingdom,False
543015,22636,CHILDS BREAKFAST SET CIRCUS PARADE,4,2011-02-02 13:46:00,8.5,14188,United Kingdom,False
571498,22993,SET OF 4 PANTRY JELLY MOULDS,7,2011-10-17 15:06:00,1.25,17841,United Kingdom,False
537155,22983,CARD BILLBOARD FONT,12,2010-12-05 13:05:00,0.42,12748,United Kingdom,False
568898,22381,TOY TIDY PINK POLKADOT,5,2011-09-29 13:17:00,2.1,13354,United Kingdom,False
576655,71477,COLOUR GLASS. STAR T-LIGHT HOLDER,4,2011-11-16 10:55:00,3.95,15687,United Kingdom,False
551173,47566,PARTY BUNTING,2,2011-04-26 16:54:00,10.79,,United Kingdom,False
565249,22555,PLASTERS IN TIN STRONGMAN,1,2011-09-02 10:38:00,1.65,18027,United Kingdom,False
572553,23354,6 GIFT TAGS 50'S CHRISTMAS,1,2011-10-24 17:09:00,1.63,,United Kingdom,False
541270,21908,CHOCOLATE THIS WAY METAL SIGN,2,2011-01-17 11:09:00,2.1,14976,United Kingdom,False
540551,84992,72 SWEETHEART FAIRY CAKE CASES,2,2011-01-10 09:43:00,1.28,,United Kingdom,False
565859,21888,BINGO SET,4,2011-09-07 14:40:00,3.75,16818,United Kingdom,False
574653,22732,3D VINTAGE CHRISTMAS STICKERS,36,2011-11-06 11:30:00,1.25,12619,Germany,False
547428,21430,SET/3 RED GINGHAM ROSE STORAGE BOX,4,2011-03-23 10:51:00,3.75,14870,United Kingdom,False
553053,84792,ENCHANTED BIRD COATHANGER 5 HOOK,4,2011-05-13 10:20:00,4.65,12857,United Kingdom,False
568651,23243,SET OF TEA COFFEE SUGAR TINS PANTRY,4,2011-09-28 12:04:00,4.95,12362,Belgium,False
576689,20733,GOLD MINI TAPE MEASURE,1,2011-11-16 12:18:00,0.85,16657,United Kingdom,False
538849,21429,RED GINGHAM ROSE JEWELLERY BOX,1,2010-12-14 13:31:00,1.65,14415,United Kingdom,False
568788,21584,RETROSPOT SMALL TUBE MATCHES,2,2011-09-29 09:23:00,1.65,17894,United Kingdom,False
552457,20971,PINK BLUE FELT CRAFT TRINKET BOX,12,2011-05-09 14:40:00,1.25,16477,United Kingdom,False
554511,21990,MODERN FLORAL STATIONERY SET,1,2011-05-24 15:52:00,2.46,,United Kingdom,False
562928,21232,STRAWBERRY CERAMIC TRINKET BOX,4,2011-08-10 15:29:00,1.25,15494,United Kingdom,False
568171,22138,BAKING SET 9 PIECE RETROSPOT,3,2011-09-25 13:10:00,4.95,15312,United Kingdom,False
557311,21615,4 LAVENDER BOTANICAL DINNER CANDLES,2,2011-06-19 15:36:00,3.75,15700,United Kingdom,False
555924,22321,BIRD DECORATION RED RETROSPOT,1,2011-06-07 17:12:00,1.63,,United Kingdom,False
550211,22720,SET OF 3 CAKE TINS PANTRY DESIGN,1,2011-04-15 10:41:00,10.79,,United Kingdom,False
541002,22969,HOMEMADE JAM SCENTED CANDLES,12,2011-01-13 10:33:00,1.45,12951,United Kingdom,False
566076,21915,RED  HARMONICA IN BOX,12,2011-09-09 09:13:00,1.25,12449,Belgium,False
575898,22946,WOODEN ADVENT CALENDAR CREAM,1,2011-11-11 15:08:00,16.95,16368,United Kingdom,False
565847,22698,PINK REGENCY TEACUP AND SAUCER,3,2011-09-07 12:44:00,5.79,,United Kingdom,False
578347,22598,CHRISTMAS MUSICAL ZINC TREE,4,2011-11-24 09:26:00,0.83,,United Kingdom,False
571905,85123A,WHITE HANGING HEART T-LIGHT HOLDER,30,2011-10-19 14:51:00,2.95,12370,Cyprus,False
556791,23031,DRAWER KNOB CRACKLE GLAZE PINK,3,2011-06-14 13:51:00,1.65,16928,United Kingdom,False
580395,20992,JAZZ HEARTS PURSE NOTEBOOK,24,2011-12-04 10:56:00,0.39,17629,United Kingdom,False
552025,23177,TREASURE ISLAND BOOK BOX,1,2011-05-05 18:04:00,2.25,13969,United Kingdom,False
574056,20725,LUNCH BAG RED RETROSPOT,100,2011-11-02 14:09:00,1.45,14646,Netherlands,False
543272,82494L,WOODEN FRAME ANTIQUE WHITE,6,2011-02-06 11:11:00,2.95,14810,United Kingdom,False
550805,47566,PARTY BUNTING,12,2011-04-20 15:38:00,4.95,13162,United Kingdom,False
555739,23204,CHARLOTTE BAG APPLES DESIGN,10,2011-06-07 09:49:00,0.85,12380,Belgium,False
571429,23330,DECORATIVE WICKER HEART MEDIUM,5,2011-10-17 12:50:00,1.25,15335,United Kingdom,False
563404,22334,DINOSAUR PARTY BAG + STICKER SET,16,2011-08-16 11:04:00,1.65,16303,United Kingdom,False
579328,22138,BAKING SET 9 PIECE RETROSPOT,3,2011-11-29 11:40:00,4.95,17711,United Kingdom,False
568188,23354,6 GIFT TAGS 50'S CHRISTMAS,2,2011-09-25 14:33:00,0.83,16049,United Kingdom,False
568517,20867,PINK ROSE FABRIC MIRROR,2,2011-09-27 12:52:00,1.25,14456,United Kingdom,False
576326,23267,SET OF 4 SANTA PLACE SETTINGS,4,2011-11-14 15:18:00,1.25,16504,United Kingdom,False
540968,22378,WALL TIDY RETROSPOT,3,2011-01-12 13:40:00,2.1,17338,United Kingdom,False
565442,22356,CHARLOTTE BAG PINK POLKADOT,10,2011-09-04 14:09:00,0.85,12627,Germany,False
562157,21654,RIDGED GLASS FINGER BOWL,6,2011-08-03 11:44:00,0.39,16012,United Kingdom,False
579938,35970,ZINC FOLKART SLEIGH BELLS,12,2011-12-01 10:18:00,1.69,14146,United Kingdom,False
573344,22623,BOX OF VINTAGE JIGSAW BLOCKS,1,2011-10-30 12:07:00,5.95,14179,United Kingdom,False
561857,21213,PACK OF 72 SKULL CAKE CASES,24,2011-07-29 16:24:00,0.55,13004,United Kingdom,False
580178,23326,HANGING MINI COLOURED BOTTLES,384,2011-12-02 11:53:00,0.52,16013,United Kingdom,False
538201,22835,HOT WATER BOTTLE I AM SO POORLY,1,2010-12-10 11:12:00,4.65,15723,United Kingdom,False
580142,23560,SET OF 6 RIBBONS COUNTRY STYLE,6,2011-12-02 09:23:00,2.89,14895,United Kingdom,False
557301,82484,WOOD BLACK BOARD ANT WHITE FINISH,2,2011-06-19 14:08:00,7.95,15373,United Kingdom,False
558437,21365,MIRRORED WALL ART STARS,4,2011-06-29 12:46:00,0.75,17799,United Kingdom,False
573992,23311,VINTAGE CHRISTMAS STOCKING,6,2011-11-02 11:20:00,2.55,15275,United Kingdom,False
549713,21896,POTTING SHED TWINE,2,2011-04-11 14:11:00,2.1,17611,United Kingdom,False
579283,21975,PACK OF 60 DINOSAUR CAKE CASES,24,2011-11-29 10:45:00,0.55,13883,United Kingdom,False
554813,21340,CLASSIC METAL BIRDCAGE PLANT HOLDER,1,2011-05-26 13:26:00,12.75,15852,United Kingdom,False
C547725,22045,SPACEBOY GIFT WRAP,-25,2011-03-25 10:43:00,0.42,,United Kingdom,True
570128,21889,WOODEN BOX OF DOMINOES,12,2011-10-07 13:21:00,1.25,13689,United Kingdom,False
578667,22208,WOOD STAMP SET THANK YOU,3,2011-11-24 17:10:00,0.83,15514,United Kingdom,False
568198,85231B,CINAMMON SET OF 9 T-LIGHTS,4,2011-09-25 14:52:00,0.85,16771,United Kingdom,False
580705,22816,CARD MOTORBIKE SANTA,12,2011-12-05 16:28:00,0.42,12683,France,False
553074,22243,5 HOOK HANGER RED MAGIC TOADSTOOL,3,2011-05-13 11:45:00,1.65,15529,United Kingdom,False
578929,82482,WOODEN PICTURE FRAME WHITE FINISH,6,2011-11-27 12:31:00,2.95,13064,United Kingdom,False
573373,23439,HAND WARMER RED LOVE HEART,1,2011-10-30 13:37:00,2.1,14684,United Kingdom,False
537643,22752,SET 7 BABUSHKA NESTING BOXES,2,2010-12-07 15:34:00,16.98,,United Kingdom,False
556728,85099F,JUMBO BAG STRAWBERRY,1,2011-06-14 11:36:00,2.08,15719,United Kingdom,False
539501,22190,LOCAL CAFE MUG,2,2010-12-20 11:08:00,2.1,17085,United Kingdom,False
565841,23228,FILIGREE HEART BIRD WHITE,5,2011-09-07 12:04:00,2.46,,United Kingdom,False
559337,23108,SET OF 10 LED DOLLY LIGHTS,1,2011-07-07 16:27:00,12.46,,United Kingdom,False
579434,22578,WOODEN STAR CHRISTMAS SCANDINAVIAN,24,2011-11-29 13:17:00,0.29,16678,United Kingdom,False
556184,22303,COFFEE MUG APPLES DESIGN,18,2011-06-09 11:39:00,2.55,16592,United Kingdom,False
541886,22624,IVORY KITCHEN SCALES,4,2011-01-24 11:21:00,8.5,15039,United Kingdom,False
536544,21000,ROSE DU SUD COSMETICS BAG,1,2010-12-01 14:32:00,3.36,,United Kingdom,False
561513,20652,BLUE POLKADOT LUGGAGE TAG,1,2011-07-27 15:12:00,2.46,,United Kingdom,False
560090,20977,36 PENCILS TUBE WOODLAND,3,2011-07-14 16:46:00,2.46,,United Kingdom,False
557853,22568,FELTCRAFT CUSHION OWL,4,2011-06-23 11:01:00,3.75,16258,United Kingdom,False
570688,35953,FOLKART STAR CHRISTMAS DECORATIONS,4,2011-10-11 16:29:00,0.61,,United Kingdom,False
564837,22179,SET 10 NIGHT OWL LIGHTS,1,2011-08-30 12:40:00,13.29,,United Kingdom,False
C562126,21533,RETROSPOT LARGE MILK JUG,-2,2011-08-02 17:31:00,4.95,15764,United Kingdom,True
546984,21398,RED POLKADOT COFFEE  MUG,4,2011-03-18 12:35:00,0.39,15019,United Kingdom,False
565734,23150,IVORY SWEETHEART SOAP DISH,2,2011-09-06 12:15:00,2.49,17191,United Kingdom,False
550312,16161P,WRAP ENGLISH ROSE,25,2011-04-17 11:18:00,0.42,13089,United Kingdom,False
568139,22758,LARGE PURPLE BABUSHKA NOTEBOOK,12,2011-09-25 10:46:00,1.25,13083,United Kingdom,False
544932,22274,FELTCRAFT DOLL EMILY,6,2011-02-25 08:14:00,2.95,16133,United Kingdom,False
541421,21002,ROSE DU SUD DRAWSTRING BAG,1,2011-01-17 17:44:00,3.29,,United Kingdom,False
541266,22898,CHILDRENS APRON APPLES DESIGN,8,2011-01-16 16:25:00,1.95,15673,United Kingdom,False
568833,22534,MAGIC DRAWING SLATE SPACEBOY,12,2011-09-29 11:39:00,0.42,17348,United Kingdom,False
538951,22470,HEART OF WICKER LARGE,1,2010-12-15 11:26:00,2.95,16782,United Kingdom,False
579124,23196,VINTAGE LEAF MAGNETIC NOTEPAD,1,2011-11-28 12:14:00,1.45,15721,United Kingdom,False
573582,22113,GREY HEART HOT WATER BOTTLE,4,2011-10-31 14:23:00,4.25,16633,United Kingdom,False
541256,22131,FOOD CONTAINER SET 3 LOVE HEART,3,2011-01-16 14:36:00,1.95,13048,United Kingdom,False
552442,22383,LUNCH BAG SUKI DESIGN,1,2011-05-09 13:03:00,1.65,14667,United Kingdom,False
571036,22379,RECYCLING BAG RETROSPOT,50,2011-10-13 12:52:00,1.85,17567,United Kingdom,False
565201,21977,PACK OF 60 PINK PAISLEY CAKE CASES,24,2011-09-01 16:41:00,0.55,14907,United Kingdom,False
564312,85099F,JUMBO BAG STRAWBERRY,200,2011-08-24 12:52:00,1.79,15769,United Kingdom,False
545071,84520B,PACK 20 ENGLISH ROSE PAPER NAPKINS,3,2011-02-27 15:59:00,0.85,15996,United Kingdom,False
544940,84991,60 TEATIME FAIRY CAKE CASES,24,2011-02-25 10:19:00,0.55,16592,United Kingdom,False
552717,22779,WOODEN OWLS LIGHT GARLAND,2,2011-05-11 09:42:00,4.25,12483,Sweden,False
563613,47503A,ASS FLORAL PRINT MULTI SCREWDRIVER,72,2011-08-18 08:49:00,0.42,12688,Israel,False
572755,23198,PANTRY MAGNETIC  SHOPPING LIST,3,2011-10-25 17:31:00,1.45,13601,United Kingdom,False
550211,23182,TOILET SIGN OCCUPIED OR VACANT,1,2011-04-15 10:41:00,2.5,,United Kingdom,False
539451,22971,QUEENS GUARD COFFEE MUG,1,2010-12-17 16:59:00,5.06,,United Kingdom,False
552308,22692,DOORMAT WELCOME TO OUR HOME,6,2011-05-08 15:21:00,7.95,17410,United Kingdom,False
569521,82486,3 DRAWER ANTIQUE WHITE WOOD CABINET,1,2011-10-04 14:33:00,8.95,16474,United Kingdom,False
562784,23242,TREASURE TIN BUFFALO BILL,1,2011-08-09 13:22:00,2.08,16791,United Kingdom,False
564760,90064A,WHITE VINTAGE CRYSTAL EARRINGS,1,2011-08-30 10:47:00,4.15,,United Kingdom,False
544462,84536B,FAIRY CAKES NOTEBOOK A7 SIZE,8,2011-02-20 14:21:00,0.42,17050,United Kingdom,False
553148,22326,ROUND SNACK BOXES SET OF4 WOODLAND,6,2011-05-13 14:09:00,2.95,,Hong Kong,False
564853,22554,PLASTERS IN TIN WOODLAND ANIMALS,12,2011-08-31 08:55:00,1.65,12423,Belgium,False
548333,85144,JARDIN ETCHED GLASS CHEESE DISH,2,2011-03-30 13:44:00,7.25,15189,United Kingdom,False
545748,22980,PANTRY SCRUBBING BRUSH,48,2011-03-07 11:52:00,1.45,17381,United Kingdom,False
552229,22478,BIRDHOUSE GARDEN MARKER,1,2011-05-06 15:40:00,2.46,,United Kingdom,False
565616,23212,HEART WREATH DECORATION WITH BELL,12,2011-09-05 15:26:00,1.25,15238,United Kingdom,False
559051,22208,WOOD STAMP SET THANK YOU,2,2011-07-05 16:47:00,0.83,,United Kingdom,False
543394,22721,SET OF 3 CAKE TINS SKETCHBOOK,96,2011-02-08 10:17:00,4.25,15797,United Kingdom,False
547248,22584,PACK OF 6 PANNETONE GIFT BOXES,3,2011-03-22 09:23:00,4.96,,United Kingdom,False
547897,22859,EASTER TIN BUNNY BOUQUET,6,2011-03-28 11:36:00,1.65,12792,Portugal,False
546917,23178,JAM CLOCK MAGNET,6,2011-03-18 09:17:00,2.89,14911,EIRE,False
580673,22382,LUNCH BAG SPACEBOY DESIGN,12,2011-12-05 14:30:00,1.65,13089,United Kingdom,False
581402,23335,EGG FRYING PAN IVORY,4,2011-12-08 13:45:00,2.08,14653,United Kingdom,False
563184,22303,COFFEE MUG APPLES DESIGN,2,2011-08-12 14:50:00,2.55,17516,United Kingdom,False
578666,22556,PLASTERS IN TIN CIRCUS PARADE,12,2011-11-24 17:06:00,1.65,17727,United Kingdom,False
556467,21937,STRAWBERRY   PICNIC BAG,5,2011-06-12 11:17:00,2.95,13232,United Kingdom,False
569403,23110,PARISIENNE KEY CABINET,4,2011-10-04 09:02:00,5.75,13319,United Kingdom,False
544833,22698,PINK REGENCY TEACUP AND SAUCER,6,2011-02-24 10:10:00,2.95,15974,United Kingdom,False
538566,21974,SET OF 36 PAISLEY FLOWER DOILIES,1,2010-12-13 11:21:00,2.98,,United Kingdom,False
563538,22273,FELTCRAFT DOLL MOLLY,1,2011-08-17 11:48:00,2.95,17841,United Kingdom,False
562339,20724,RED RETROSPOT CHARLOTTE BAG,4,2011-08-04 11:59:00,0.85,13571,United Kingdom,False
554065,21556,CERAMIC STRAWBERRY MONEY BOX,12,2011-05-22 10:39:00,2.55,18287,United Kingdom,False
541506,22383,LUNCH BAG SUKI  DESIGN,3,2011-01-18 16:05:00,4.96,,United Kingdom,False
567473,72349B,SET/6 PURPLE BUTTERFLY T-LIGHTS,1,2011-09-20 12:50:00,2.1,17841,United Kingdom,False
546235,82583,HOT BATHS METAL SIGN,2,2011-03-10 12:42:00,2.1,14976,United Kingdom,False
562024,48184,DOORMAT ENGLISH ROSE,1,2011-08-01 16:07:00,15.79,,United Kingdom,False
C566940,20914,SET/5 RED RETROSPOT LID GLASS BOWLS,-1,2011-09-15 16:13:00,2.95,14105,United Kingdom,True
C574472,22791,T-LIGHT GLASS FLUTED ANTIQUE,-1,2011-11-04 12:01:00,1.25,17690,United Kingdom,True
539451,22262,FELT EGG COSY CHICKEN,1,2010-12-17 16:59:00,1.66,,United Kingdom,False
554697,22855,FINE WICKER HEART,5,2011-05-25 17:31:00,1.25,14584,United Kingdom,False
580546,23406,CHECK,-21,2011-12-05 09:27:00,0.0,,United Kingdom,False
570492,22423,REGENCY CAKESTAND 3 TIER,1,2011-10-11 08:23:00,12.75,14194,United Kingdom,False
569670,22988,SOLDIERS EGG CUP,1,2011-10-05 13:47:00,1.25,14730,United Kingdom,False
542003,21754,HOME BUILDING BLOCK WORD,18,2011-01-25 11:07:00,5.45,15311,United Kingdom,False
562772,22192,BLUE DINER WALL CLOCK,2,2011-08-09 12:07:00,8.5,13097,United Kingdom,False
544406,48111,DOORMAT 3 SMILEY CATS,3,2011-02-18 13:26:00,7.95,16726,United Kingdom,False
575637,22121,NOEL WOODEN BLOCK LETTERS,1,2011-11-10 13:46:00,5.95,16904,United Kingdom,False
538880,21272,SALLE DE BAIN HOOK,1,2010-12-14 15:52:00,2.51,,United Kingdom,False
557296,23302,KNEELING MAT HOUSEWORK  DESIGN,2,2011-06-19 13:51:00,1.65,15334,United Kingdom,False
565473,22169,FAMILY ALBUM WHITE PICTURE FRAME,2,2011-09-05 10:27:00,8.5,16717,United Kingdom,False
554380,22350,ILLUSTRATED CAT BOWL,12,2011-05-24 11:45:00,2.55,16709,United Kingdom,False
553897,22969,HOMEMADE JAM SCENTED CANDLES,12,2011-05-19 17:23:00,1.45,14911,EIRE,False
540672,84997B,RED 3 PIECE RETROSPOT CUTLERY SET,6,2011-01-10 15:51:00,3.75,15281,United Kingdom,False
537207,22311,OFFICE MUG WARMER BLACK+SILVER,1,2010-12-05 15:06:00,2.95,17402,United Kingdom,False
570036,22631,CIRCUS PARADE LUNCH BOX,12,2011-10-07 10:50:00,1.95,16358,United Kingdom,False
536573,84970L,SINGLE HEART ZINC T-LIGHT HOLDER,12,2010-12-01 15:45:00,0.95,17025,United Kingdom,False
570285,22561,WOODEN SCHOOL COLOURING SET,12,2011-10-10 11:32:00,1.65,16637,United Kingdom,False
570428,21977,PACK OF 60 PINK PAISLEY CAKE CASES,1,2011-10-10 14:02:00,0.55,15553,United Kingdom,False
539742,21041,RED RETROSPOT OVEN GLOVE DOUBLE,1,2010-12-21 15:20:00,5.91,,United Kingdom,False
545680,21793,CLASSIC FRENCH STYLE BASKET BROWN,16,2011-03-06 11:27:00,5.95,15400,United Kingdom,False
571701,21232,STRAWBERRY CERAMIC TRINKET BOX,12,2011-10-18 15:05:00,1.25,14639,United Kingdom,False
543660,20619,TROPICAL PASSPORT COVER,1,2011-02-11 10:40:00,1.63,,United Kingdom,False
579122,22594,CHRISTMAS GINGHAM TREE,144,2011-11-28 12:05:00,0.72,12971,United Kingdom,False
569374,21314,SMALL GLASS HEART TRINKET POT,3,2011-10-03 16:14:00,4.13,,United Kingdom,False
578093,22579,WOODEN TREE CHRISTMAS SCANDINAVIAN,24,2011-11-22 17:21:00,0.29,14911,EIRE,False
573588,22195,LARGE HEART MEASURING SPOONS,12,2011-10-31 15:01:00,1.65,12588,Finland,False
557147,22630,DOLLY GIRL LUNCH BOX,24,2011-06-17 10:51:00,1.95,12408,Belgium,False
571672,22750,FELTCRAFT PRINCESS LOLA DOLL,8,2011-10-18 13:15:00,3.75,13880,United Kingdom,False
555740,85099B,JUMBO BAG RED RETROSPOT,10,2011-06-07 09:51:00,2.08,18226,United Kingdom,False
569670,22400,MAGNETS PACK OF 4 HOME SWEET HOME,4,2011-10-05 13:47:00,0.39,14730,United Kingdom,False
553735,23203,JUMBO BAG DOILEY PATTERNS,10,2011-05-19 08:32:00,1.95,14735,United Kingdom,False
558896,23209,LUNCH BAG DOILEY PATTERN,2,2011-07-04 15:55:00,1.65,,United Kingdom,False
549245,37450,CERAMIC CAKE BOWL + HANGING CAKES,2,2011-04-07 11:59:00,2.95,15005,United Kingdom,False
556481,21535,RED RETROSPOT SMALL MILK JUG,2,2011-06-12 13:00:00,2.55,16115,United Kingdom,False
547690,22374,AIRLINE BAG VINTAGE JET SET RED,4,2011-03-24 14:55:00,4.25,16063,United Kingdom,False
565208,22866,HAND WARMER SCOTTY DOG DESIGN,12,2011-09-01 16:50:00,2.1,18172,United Kingdom,False
547485,22499,WOODEN UNION JACK BUNTING,1,2011-03-23 11:16:00,5.95,17019,United Kingdom,False
579167,82494L,WOODEN FRAME ANTIQUE WHITE,2,2011-11-28 14:06:00,2.95,16800,United Kingdom,False
575330,22558,CLOTHES PEGS RETROSPOT PACK 24,12,2011-11-09 13:50:00,1.65,15152,United Kingdom,False
554076,23066,SMALL DECO JEWELLERY STAND,2,2011-05-22 11:30:00,8.25,16556,United Kingdom,False
565248,23188,VINTAGE  2 METER FOLDING RULER,3,2011-09-02 10:34:00,1.65,15860,United Kingdom,False
578098,23077,DOUGHNUT LIP GLOSS,20,2011-11-22 17:32:00,1.25,12936,United Kingdom,False
538524,21014,SWISS CHALET TREE DECORATION,1,2010-12-13 09:35:00,1.28,,United Kingdom,False
554053,23203,JUMBO BAG DOILEY PATTERNS,20,2011-05-20 15:08:00,2.08,14282,United Kingdom,False
542521,21563,RED HEART SHAPE LOVE BUCKET,4,2011-01-28 12:28:00,2.95,17965,United Kingdom,False
570465,23370,SET 36 COLOURING PENCILS DOILY,2,2011-10-10 16:02:00,2.46,,United Kingdom,False
562727,23081,GREEN METAL BOX ARMY SUPPLIES,2,2011-08-09 09:26:00,8.25,15601,United Kingdom,False
563533,85017B,ENVELOPE 50 BLOSSOM IMAGES,3,2011-08-17 11:14:00,0.42,16241,United Kingdom,False
562553,22567,20 DOLLY PEGS RETROSPOT,1,2011-08-05 16:34:00,2.92,,United Kingdom,False
578270,84997D,CHILDRENS CUTLERY POLKADOT PINK,1,2011-11-23 13:39:00,8.29,14096,United Kingdom,False
576696,22078,RIBBON REEL LACE DESIGN,5,2011-11-16 12:26:00,2.1,16669,United Kingdom,False
555737,22838,3 TIER CAKE TIN RED AND CREAM,2,2011-06-07 09:19:00,14.95,16153,United Kingdom,False
579900,71477,COLOURED GLASS STAR T-LIGHT HOLDER,8,2011-12-01 08:34:00,3.95,15951,United Kingdom,False
565916,22487,WHITE WOOD GARDEN PLANT LADDER,1,2011-09-07 16:00:00,9.95,14156,EIRE,False
549467,22766,PHOTO FRAME CORNICE,8,2011-04-08 14:26:00,2.95,13305,United Kingdom,False
558123,23287,RED VINTAGE SPOT BEAKER,8,2011-06-27 10:16:00,0.85,15834,United Kingdom,False
549874,21955,DOORMAT UNION JACK GUNS AND ROSES,1,2011-04-12 15:23:00,7.95,16919,United Kingdom,False
567967,22037,ROBOT BIRTHDAY CARD,12,2011-09-23 09:39:00,0.42,15858,United Kingdom,False
568193,23313,VINTAGE CHRISTMAS BUNTING,4,2011-09-25 14:37:00,4.95,17107,United Kingdom,False
543733,22147,FELTCRAFT BUTTERFLY HEARTS,12,2011-02-11 12:16:00,1.45,12395,Belgium,False
568567,22163,HEART STRING MEMO HOLDER HANGING,1,2011-09-27 18:41:00,1.63,,United Kingdom,False
562490,22634,CHILDS BREAKFAST SET SPACEBOY,2,2011-08-05 12:06:00,9.95,14720,United Kingdom,False
574312,23083,SET 6 PAPER TABLE LANTERN STARS,4,2011-11-03 17:39:00,3.75,17221,United Kingdom,False
540176,85099B,JUMBO BAG RED RETROSPOT,100,2011-01-05 12:40:00,1.65,17511,United Kingdom,False
558355,21539,RED RETROSPOT BUTTER DISH,1,2011-06-28 14:58:00,4.95,13614,United Kingdom,False
543909,21577,SAVE THE PLANET COTTON TOTE BAG,1,2011-02-14 12:32:00,4.96,,United Kingdom,False
554702,84828,JUNGLE POPSICLES ICE LOLLY MOULDS,12,2011-05-26 09:45:00,1.25,15805,United Kingdom,False
560854,22704,WRAP RED APPLES,25,2011-07-21 12:46:00,0.42,13098,United Kingdom,False
543300,47559B,TEA TIME OVEN GLOVE,3,2011-02-07 11:42:00,1.25,13334,United Kingdom,False
561877,22352,LUNCH BOX WITH CUTLERY RETROSPOT,4,2011-07-31 12:16:00,2.55,16401,United Kingdom,False
545447,22489,PACK OF 12 TRADITIONAL CRAYONS,24,2011-03-02 16:34:00,0.42,17426,United Kingdom,False
579471,22843,BISCUIT TIN VINTAGE GREEN,1,2011-11-29 15:08:00,13.29,,United Kingdom,False
553919,20726,LUNCH BAG WOODLAND,10,2011-05-20 08:41:00,1.65,17416,United Kingdom,False
537057,22505,MEMO BOARD COTTAGE DESIGN,2,2010-12-05 11:49:00,4.95,15351,United Kingdom,False
549263,85066,CREAM SWEETHEART MINI CHEST,2,2011-04-07 12:39:00,12.75,15800,United Kingdom,False
570964,22620,4 TRADITIONAL SPINNING TOPS,12,2011-10-13 11:50:00,1.45,12766,Portugal,False
545226,22318,FIVE HEART HANGING DECORATION,6,2011-03-01 09:33:00,2.95,12428,Finland,False
560207,22605,WOODEN CROQUET GARDEN SET,4,2011-07-15 13:57:00,12.75,15301,United Kingdom,False
570127,23502,PLAYING CARDS VINTAGE DOILY,6,2011-10-07 13:17:00,1.25,16900,United Kingdom,False
566985,20718,RED RETROSPOT SHOPPER BAG,2,2011-09-16 10:42:00,3.29,,United Kingdom,False
568095,21643,ASSORTED TUTTI FRUTTI MIRROR,12,2011-09-23 14:49:00,1.25,14911,EIRE,False
560926,84978,HANGING HEART JAR T-LIGHT HOLDER,5,2011-07-22 09:20:00,2.46,,United Kingdom,False
547209,22204,MILK PAN BLUE POLKADOT,4,2011-03-21 14:44:00,3.75,13081,United Kingdom,False
560434,22211,WOOD STAMP SET FLOWERS,3,2011-07-18 15:56:00,0.83,,United Kingdom,False
566733,22077,6 RIBBONS RUSTIC CHARM,12,2011-09-14 13:54:00,1.95,15103,United Kingdom,False
536561,20972,PINK CREAM FELT CRAFT TRINKET BOX,12,2010-12-01 15:06:00,1.25,12921,United Kingdom,False
554958,21428,SET3 BOOK BOX GREEN GINGHAM FLOWER,1,2011-05-27 15:17:00,8.29,,United Kingdom,False
543264,20675,BLUE POLKADOT BOWL,5,2011-02-04 16:34:00,1.25,13069,United Kingdom,False
564836,22622,BOX OF VINTAGE ALPHABET BLOCKS,12,2011-08-30 12:32:00,9.95,17402,United Kingdom,False
573026,22633,HAND WARMER UNION JACK,2,2011-10-27 13:25:00,2.1,17459,United Kingdom,False
546639,21676,FLOWERS  STICKERS,12,2011-03-15 12:54:00,0.85,13971,United Kingdom,False
577605,21791,VINTAGE HEADS AND TAILS CARD GAME,24,2011-11-21 09:02:00,1.25,13199,United Kingdom,False
543125,22457,NATURAL SLATE HEART CHALKBOARD,3,2011-02-03 14:41:00,2.95,17214,United Kingdom,False
552712,48188,DOORMAT WELCOME PUPPIES,2,2011-05-11 08:34:00,7.95,17634,United Kingdom,False
576617,23210,WHITE ROCKING HORSE HAND PAINTED,3,2011-11-15 16:57:00,2.46,,United Kingdom,False
580724,22064,PINK DOUGHNUT TRINKET POT,1,2011-12-05 17:09:00,0.39,,United Kingdom,False
558539,47566,PARTY BUNTING,4,2011-06-30 12:14:00,4.95,16556,United Kingdom,False
558835,21094,SET/6 RED SPOTTY PAPER PLATES,2,2011-07-04 11:58:00,2.46,,United Kingdom,False
553411,22382,LUNCH BAG SPACEBOY DESIGN,10,2011-05-17 09:28:00,1.65,12714,France,False
554103,22998,TRAVEL CARD WALLET KEEP CALM,5,2011-05-22 13:51:00,0.42,15555,United Kingdom,False
569919,22969,HOMEMADE JAM SCENTED CANDLES,12,2011-10-06 17:08:00,1.45,15300,United Kingdom,False
559816,22721,SET OF 3 CAKE TINS SKETCHBOOK,2,2011-07-12 16:11:00,4.13,,United Kingdom,False
549525,22469,HEART OF WICKER SMALL,3,2011-04-08 15:44:00,1.65,,United Kingdom,False
553387,84926F,PSYCHEDELIC TILE COASTER,1,2011-05-16 16:33:00,2.46,,United Kingdom,False
547493,22963,JAM JAR WITH GREEN LID,12,2011-03-23 12:06:00,0.85,12818,Austria,False
550541,22303,COFFEE MUG APPLES DESIGN,1,2011-04-19 11:33:00,4.96,,United Kingdom,False
571653,22535,MAGIC DRAWING SLATE BUNNIES,24,2011-10-18 12:17:00,0.36,14298,United Kingdom,False
568134,22592,CARDHOLDER HOLLY WREATH METAL,1,2011-09-23 17:02:00,7.46,,United Kingdom,False
541239,22554,PLASTERS IN TIN WOODLAND ANIMALS,24,2011-01-16 10:56:00,1.65,16401,United Kingdom,False
550885,22993,SET OF 4 PANTRY JELLY MOULDS,12,2011-04-21 11:59:00,1.25,16185,United Kingdom,False
545683,22188,BLACK HEART CARD HOLDER,1,2011-03-06 11:50:00,3.95,14903,United Kingdom,False
536858,20677,PINK POLKADOT BOWL,16,2010-12-03 10:36:00,1.25,13520,Switzerland,False
574661,22457,NATURAL SLATE HEART CHALKBOARD,6,2011-11-06 11:56:00,2.95,13447,United Kingdom,False
579508,21908,CHOCOLATE THIS WAY METAL SIGN,1,2011-11-29 16:33:00,4.13,,United Kingdom,False
562535,23321,SMALL WHITE HEART OF WICKER,12,2011-08-05 14:50:00,1.65,13200,United Kingdom,False
577358,22845,VINTAGE CREAM CAT FOOD CONTAINER,1,2011-11-18 15:59:00,12.46,,United Kingdom,False
556830,23169,CLASSIC GLASS COOKIE JAR,1,2011-06-15 11:01:00,4.15,15874,United Kingdom,False
569132,22867,HAND WARMER BIRD DESIGN,3,2011-09-30 13:54:00,2.1,17757,United Kingdom,False
538374,22379,RECYCLING BAG RETROSPOT,4,2010-12-12 11:17:00,2.1,14159,United Kingdom,False
580730,23012,GLASS APOTHECARY BOTTLE PERFUME,2,2011-12-05 17:28:00,8.29,,United Kingdom,False
568908,84849A,HELLO SAILOR BLUE SOAP HOLDER,12,2011-09-29 13:38:00,1.69,16653,United Kingdom,False
546888,22134,MINI LADLE LOVE HEART RED,1,2011-03-17 18:15:00,0.83,,United Kingdom,False
544943,22568,FELTCRAFT CUSHION OWL,8,2011-02-25 10:39:00,3.75,15845,United Kingdom,False
536750,71053,WHITE METAL LANTERN,12,2010-12-02 14:04:00,3.39,17850,United Kingdom,False
577150,22356,CHARLOTTE BAG PINK POLKADOT,7,2011-11-18 09:48:00,2.46,,United Kingdom,False
565649,21683,MEDIUM MEDINA STAMPED METAL BOWL,6,2011-09-05 16:27:00,2.95,16712,United Kingdom,False
576771,23545,WRAP RED VINTAGE DOILY,25,2011-11-16 13:19:00,0.42,13285,United Kingdom,False
537240,21581,SKULLS  DESIGN  COTTON TOTE BAG,1,2010-12-06 10:08:00,5.06,,United Kingdom,False
574550,22197,POPCORN HOLDER,12,2011-11-04 15:18:00,0.85,12484,Spain,False
559337,84673A,PINK FLY SWAT,1,2011-07-07 16:27:00,0.79,,United Kingdom,False
545591,22664,TOY TIDY DOLLY GIRL DESIGN,5,2011-03-04 10:28:00,2.1,17581,United Kingdom,False
571212,22086,PAPER CHAIN KIT 50'S CHRISTMAS,10,2011-10-14 12:53:00,2.95,12856,United Kingdom,False
554950,21907,I'M ON HOLIDAY METAL SIGN,12,2011-05-27 14:48:00,2.1,14227,United Kingdom,False
574669,22623,BOX OF VINTAGE JIGSAW BLOCKS,3,2011-11-06 12:16:00,5.95,13727,United Kingdom,False
